timestamp,close
2026-04-06 13:05:00+00:00,429.1
2026-04-06 13:21:00+00:00,428.21
2026-04-06 13:30:00+00:00,429.025
2026-04-06 13:31:00+00:00,429.19
2026-04-06 13:32:00+00:00,429.38
2026-04-06 13:33:00+00:00,429.2
2026-04-06 13:34:00+00:00,428.86
2026-04-06 13:35:00+00:00,429.06
2026-04-06 13:36:00+00:00,428.54
2026-04-06 13:37:00+00:00,428.64
2026-04-06 13:39:00+00:00,429.34
2026-04-06 13:40:00+00:00,429.08
2026-04-06 13:41:00+00:00,429.68
2026-04-06 13:42:00+00:00,429.625
2026-04-06 13:43:00+00:00,429.2
2026-04-06 13:44:00+00:00,428.55
2026-04-06 13:45:00+00:00,428.71
2026-04-06 13:46:00+00:00,429.29
2026-04-06 13:47:00+00:00,428.92
2026-04-06 13:48:00+00:00,428.95
2026-04-06 13:49:00+00:00,428.19
2026-04-06 13:50:00+00:00,428.84
2026-04-06 13:51:00+00:00,428.94
2026-04-06 13:52:00+00:00,429.1
2026-04-06 13:55:00+00:00,429.655
2026-04-06 13:56:00+00:00,429.93
2026-04-06 13:57:00+00:00,429.96
2026-04-06 13:58:00+00:00,429.77
2026-04-06 14:00:00+00:00,430.34
2026-04-06 14:01:00+00:00,430.165
2026-04-06 14:03:00+00:00,429.79
2026-04-06 14:04:00+00:00,428.9
2026-04-06 14:05:00+00:00,429.04
2026-04-06 14:06:00+00:00,428.91
2026-04-06 14:07:00+00:00,428.86
2026-04-06 14:08:00+00:00,428.68
2026-04-06 14:09:00+00:00,428.99
2026-04-06 14:10:00+00:00,428.43
2026-04-06 14:11:00+00:00,428.54
2026-04-06 14:12:00+00:00,428.55
2026-04-06 14:13:00+00:00,428.755
2026-04-06 14:14:00+00:00,429.08
2026-04-06 14:15:00+00:00,429.2
2026-04-06 14:16:00+00:00,429.11
2026-04-06 14:17:00+00:00,429.53
2026-04-06 14:18:00+00:00,429.64
2026-04-06 14:19:00+00:00,429.88
2026-04-06 14:20:00+00:00,429.79
2026-04-06 14:21:00+00:00,430.08
2026-04-06 14:22:00+00:00,430.19
2026-04-06 14:23:00+00:00,430.14
2026-04-06 14:24:00+00:00,430.23
2026-04-06 14:25:00+00:00,430.29
2026-04-06 14:29:00+00:00,430.52
2026-04-06 14:30:00+00:00,430.6
2026-04-06 14:32:00+00:00,430.54
2026-04-06 14:33:00+00:00,430.18
2026-04-06 14:35:00+00:00,431.29
2026-04-06 14:36:00+00:00,430.905
2026-04-06 14:38:00+00:00,429.85
2026-04-06 14:39:00+00:00,430.13
2026-04-06 14:40:00+00:00,430.49
2026-04-06 14:41:00+00:00,430.89
2026-04-06 14:42:00+00:00,430.48
2026-04-06 14:44:00+00:00,430.39
2026-04-06 14:46:00+00:00,430.05
2026-04-06 14:47:00+00:00,429.95
2026-04-06 14:49:00+00:00,429.845
2026-04-06 14:50:00+00:00,429.6
2026-04-06 14:51:00+00:00,429.93
2026-04-06 14:52:00+00:00,430.22
2026-04-06 14:53:00+00:00,430.42
2026-04-06 14:55:00+00:00,430.09
2026-04-06 14:56:00+00:00,430.35
2026-04-06 14:57:00+00:00,430.36
2026-04-06 14:58:00+00:00,430.4
2026-04-06 15:00:00+00:00,429.9
2026-04-06 15:01:00+00:00,429.52
2026-04-06 15:02:00+00:00,429.495
2026-04-06 15:03:00+00:00,429.15
2026-04-06 15:04:00+00:00,429.08
2026-04-06 15:05:00+00:00,428.68
2026-04-06 15:06:00+00:00,428.45
2026-04-06 15:08:00+00:00,428.77
2026-04-06 15:09:00+00:00,428.925
2026-04-06 15:10:00+00:00,428.25
2026-04-06 15:11:00+00:00,428.79
2026-04-06 15:12:00+00:00,428.5
2026-04-06 15:14:00+00:00,428.28
2026-04-06 15:15:00+00:00,427.8
2026-04-06 15:16:00+00:00,427.98
2026-04-06 15:17:00+00:00,428.18
2026-04-06 15:18:00+00:00,428.4
2026-04-06 15:19:00+00:00,428.64
2026-04-06 15:20:00+00:00,428.815
2026-04-06 15:21:00+00:00,428.82
2026-04-06 15:22:00+00:00,428.8
2026-04-06 15:23:00+00:00,428.67
2026-04-06 15:24:00+00:00,428.59
2026-04-06 15:25:00+00:00,428.46
2026-04-06 15:26:00+00:00,428.33
2026-04-06 15:27:00+00:00,428.48
2026-04-06 15:28:00+00:00,428.75
2026-04-06 15:29:00+00:00,428.755
2026-04-06 15:30:00+00:00,428.755
2026-04-06 15:31:00+00:00,428.9
2026-04-06 15:32:00+00:00,428.8
2026-04-06 15:33:00+00:00,428.95
2026-04-06 15:34:00+00:00,428.75
2026-04-06 15:35:00+00:00,428.74
2026-04-06 15:36:00+00:00,428.465
2026-04-06 15:37:00+00:00,427.84
2026-04-06 15:38:00+00:00,427.595
2026-04-06 15:39:00+00:00,427.465
2026-04-06 15:40:00+00:00,427.78
2026-04-06 15:41:00+00:00,427.61
2026-04-06 15:42:00+00:00,427.78
2026-04-06 15:43:00+00:00,427.94
2026-04-06 15:44:00+00:00,428.075
2026-04-06 15:45:00+00:00,428.09
2026-04-06 15:46:00+00:00,428.43
2026-04-06 15:47:00+00:00,428.615
2026-04-06 15:48:00+00:00,428.38
2026-04-06 15:49:00+00:00,428.385
2026-04-06 15:51:00+00:00,428.54
2026-04-06 15:52:00+00:00,428.55
2026-04-06 15:53:00+00:00,428.52
2026-04-06 15:54:00+00:00,428.545
2026-04-06 15:55:00+00:00,428.42
2026-04-06 15:56:00+00:00,428.43
2026-04-06 15:57:00+00:00,428.555
2026-04-06 15:58:00+00:00,428.61
2026-04-06 15:59:00+00:00,428.78
2026-04-06 16:00:00+00:00,428.955
2026-04-06 16:01:00+00:00,428.88
2026-04-06 16:02:00+00:00,428.66
2026-04-06 16:04:00+00:00,428.73
2026-04-06 16:05:00+00:00,428.64
2026-04-06 16:06:00+00:00,428.675
2026-04-06 16:07:00+00:00,428.61
2026-04-06 16:08:00+00:00,428.535
2026-04-06 16:09:00+00:00,428.4
2026-04-06 16:11:00+00:00,428.7
2026-04-06 16:13:00+00:00,428.81
2026-04-06 16:14:00+00:00,429.01
2026-04-06 16:17:00+00:00,428.61
2026-04-06 16:20:00+00:00,428.84
2026-04-06 16:21:00+00:00,428.73
2026-04-06 16:22:00+00:00,428.68
2026-04-06 16:28:00+00:00,428.75
2026-04-06 16:29:00+00:00,428.66
2026-04-06 16:30:00+00:00,428.61
2026-04-06 16:31:00+00:00,428.68
2026-04-06 16:32:00+00:00,428.67
2026-04-06 16:33:00+00:00,428.66
2026-04-06 16:34:00+00:00,428.69
2026-04-06 16:35:00+00:00,428.73
2026-04-06 16:36:00+00:00,428.77
2026-04-06 16:38:00+00:00,428.88
2026-04-06 16:39:00+00:00,428.5
2026-04-06 16:40:00+00:00,428.42
2026-04-06 16:41:00+00:00,428.61
2026-04-06 16:42:00+00:00,428.61
2026-04-06 16:43:00+00:00,428.62
2026-04-06 16:46:00+00:00,428.44
2026-04-06 16:47:00+00:00,428.32
2026-04-06 16:48:00+00:00,428.37
2026-04-06 16:49:00+00:00,428.49
2026-04-06 16:50:00+00:00,428.63
2026-04-06 16:51:00+00:00,428.6
2026-04-06 16:54:00+00:00,428.37
2026-04-06 16:55:00+00:00,428.28
2026-04-06 16:57:00+00:00,428.2
2026-04-06 16:58:00+00:00,427.95
2026-04-06 16:59:00+00:00,428.02
2026-04-06 17:00:00+00:00,428.13
2026-04-06 17:01:00+00:00,427.95
2026-04-06 17:02:00+00:00,427.86
2026-04-06 17:04:00+00:00,427.73
2026-04-06 17:06:00+00:00,427.82
2026-04-06 17:07:00+00:00,427.98
2026-04-06 17:08:00+00:00,428.05
2026-04-06 17:09:00+00:00,428.0
2026-04-06 17:10:00+00:00,427.77
2026-04-06 17:12:00+00:00,427.78
2026-04-06 17:13:00+00:00,427.29
2026-04-06 17:14:00+00:00,427.46
2026-04-06 17:15:00+00:00,427.51
2026-04-06 17:17:00+00:00,427.74
2026-04-06 17:19:00+00:00,428.04
2026-04-06 17:20:00+00:00,428.07
2026-04-06 17:21:00+00:00,428.05
2026-04-06 17:22:00+00:00,428.02
2026-04-06 17:23:00+00:00,428.07
2026-04-06 17:24:00+00:00,428.09
2026-04-06 17:25:00+00:00,427.99
2026-04-06 17:27:00+00:00,428.05
2026-04-06 17:29:00+00:00,427.85
2026-04-06 17:30:00+00:00,427.67
2026-04-06 17:33:00+00:00,427.96
2026-04-06 17:34:00+00:00,428.03
2026-04-06 17:35:00+00:00,428.09
2026-04-06 17:36:00+00:00,428.06
2026-04-06 17:37:00+00:00,428.08
2026-04-06 17:39:00+00:00,428.07
2026-04-06 17:40:00+00:00,428.03
2026-04-06 17:41:00+00:00,427.74
2026-04-06 17:42:00+00:00,427.64
2026-04-06 17:43:00+00:00,427.69
2026-04-06 17:44:00+00:00,427.68
2026-04-06 17:46:00+00:00,427.73
2026-04-06 17:49:00+00:00,427.39
2026-04-06 17:50:00+00:00,427.55
2026-04-06 17:52:00+00:00,427.52
2026-04-06 17:53:00+00:00,427.64
2026-04-06 17:55:00+00:00,427.6
2026-04-06 17:56:00+00:00,427.495
2026-04-06 17:58:00+00:00,427.56
2026-04-06 17:59:00+00:00,427.49
2026-04-06 18:00:00+00:00,427.58
2026-04-06 18:01:00+00:00,427.52
2026-04-06 18:02:00+00:00,427.49
2026-04-06 18:03:00+00:00,427.47
2026-04-06 18:04:00+00:00,427.49
2026-04-06 18:05:00+00:00,427.5
2026-04-06 18:08:00+00:00,427.79
2026-04-06 18:10:00+00:00,428.08
2026-04-06 18:11:00+00:00,428.51
2026-04-06 18:12:00+00:00,428.17
2026-04-06 18:13:00+00:00,428.11
2026-04-06 18:14:00+00:00,427.89
2026-04-06 18:15:00+00:00,428.04
2026-04-06 18:16:00+00:00,428.27
2026-04-06 18:17:00+00:00,428.21
2026-04-06 18:18:00+00:00,428.25
2026-04-06 18:22:00+00:00,428.18
2026-04-06 18:23:00+00:00,428.21
2026-04-06 18:24:00+00:00,428.3
2026-04-06 18:27:00+00:00,428.42
2026-04-06 18:28:00+00:00,428.4
2026-04-06 18:30:00+00:00,428.27
2026-04-06 18:31:00+00:00,428.27
2026-04-06 18:32:00+00:00,428.17
2026-04-06 18:33:00+00:00,428.08
2026-04-06 18:34:00+00:00,428.05
2026-04-06 18:35:00+00:00,427.89
2026-04-06 18:36:00+00:00,427.77
2026-04-06 18:38:00+00:00,427.35
2026-04-06 18:39:00+00:00,427.11
2026-04-06 18:40:00+00:00,427.16
2026-04-06 18:42:00+00:00,427.27
2026-04-06 18:43:00+00:00,427.085
2026-04-06 18:44:00+00:00,427.24
2026-04-06 18:47:00+00:00,427.26
2026-04-06 18:48:00+00:00,427.25
2026-04-06 18:50:00+00:00,427.16
2026-04-06 18:51:00+00:00,427.24
2026-04-06 18:52:00+00:00,427.14
2026-04-06 18:53:00+00:00,427.09
2026-04-06 18:54:00+00:00,427.35
2026-04-06 18:55:00+00:00,427.15
2026-04-06 18:56:00+00:00,427.9
2026-04-06 18:57:00+00:00,427.75
2026-04-06 18:58:00+00:00,427.97
2026-04-06 19:00:00+00:00,427.94
2026-04-06 19:01:00+00:00,427.95
2026-04-06 19:02:00+00:00,427.74
2026-04-06 19:04:00+00:00,427.92
2026-04-06 19:05:00+00:00,427.865
2026-04-06 19:06:00+00:00,427.79
2026-04-06 19:07:00+00:00,427.405
2026-04-06 19:08:00+00:00,427.09
2026-04-06 19:09:00+00:00,427.26
2026-04-06 19:10:00+00:00,427.37
2026-04-06 19:11:00+00:00,427.45
2026-04-06 19:12:00+00:00,427.35
2026-04-06 19:13:00+00:00,427.31
2026-04-06 19:14:00+00:00,427.22
2026-04-06 19:15:00+00:00,427.195
2026-04-06 19:16:00+00:00,427.03
2026-04-06 19:17:00+00:00,426.77
2026-04-06 19:18:00+00:00,426.79
2026-04-06 19:19:00+00:00,427.01
2026-04-06 19:20:00+00:00,426.99
2026-04-06 19:24:00+00:00,426.91
2026-04-06 19:25:00+00:00,426.94
2026-04-06 19:27:00+00:00,426.91
2026-04-06 19:28:00+00:00,427.01
2026-04-06 19:29:00+00:00,427.09
2026-04-06 19:30:00+00:00,427.23
2026-04-06 19:31:00+00:00,427.43
2026-04-06 19:32:00+00:00,427.23
2026-04-06 19:33:00+00:00,427.3
2026-04-06 19:34:00+00:00,427.31
2026-04-06 19:35:00+00:00,427.32
2026-04-06 19:37:00+00:00,427.36
2026-04-06 19:38:00+00:00,427.37
2026-04-06 19:39:00+00:00,427.23
2026-04-06 19:40:00+00:00,427.28
2026-04-06 19:41:00+00:00,427.12
2026-04-06 19:42:00+00:00,426.99
2026-04-06 19:43:00+00:00,427.03
2026-04-06 19:44:00+00:00,427.36
2026-04-06 19:45:00+00:00,427.52
2026-04-06 19:46:00+00:00,427.33
2026-04-06 19:47:00+00:00,427.36
2026-04-06 19:48:00+00:00,427.49
2026-04-06 19:49:00+00:00,427.6
2026-04-06 19:50:00+00:00,427.71
2026-04-06 19:51:00+00:00,427.66
2026-04-06 19:52:00+00:00,427.51
2026-04-06 19:53:00+00:00,427.66
2026-04-06 19:54:00+00:00,427.515
2026-04-06 19:55:00+00:00,427.66
2026-04-06 19:56:00+00:00,427.61
2026-04-06 19:57:00+00:00,427.59
2026-04-06 19:58:00+00:00,427.575
2026-04-06 19:59:00+00:00,427.67
2026-04-06 20:41:00+00:00,427.4
2026-04-07 12:23:00+00:00,428.25
2026-04-07 13:30:00+00:00,428.065
2026-04-07 13:31:00+00:00,427.63
2026-04-07 13:32:00+00:00,427.1
2026-04-07 13:33:00+00:00,427.22
2026-04-07 13:35:00+00:00,426.88
2026-04-07 13:36:00+00:00,427.08
2026-04-07 13:37:00+00:00,427.25
2026-04-07 13:38:00+00:00,426.84
2026-04-07 13:40:00+00:00,426.92
2026-04-07 13:41:00+00:00,425.89
2026-04-07 13:42:00+00:00,426.19
2026-04-07 13:43:00+00:00,426.13
2026-04-07 13:44:00+00:00,426.17
2026-04-07 13:45:00+00:00,426.22
2026-04-07 13:46:00+00:00,426.7
2026-04-07 13:47:00+00:00,426.57
2026-04-07 13:49:00+00:00,426.71
2026-04-07 13:52:00+00:00,426.68
2026-04-07 13:54:00+00:00,427.24
2026-04-07 13:55:00+00:00,427.35
2026-04-07 13:56:00+00:00,426.795
2026-04-07 13:57:00+00:00,426.88
2026-04-07 13:58:00+00:00,426.875
2026-04-07 13:59:00+00:00,426.535
2026-04-07 14:02:00+00:00,425.47
2026-04-07 14:03:00+00:00,425.12
2026-04-07 14:04:00+00:00,424.88
2026-04-07 14:05:00+00:00,424.73
2026-04-07 14:06:00+00:00,423.34
2026-04-07 14:07:00+00:00,423.56
2026-04-07 14:08:00+00:00,423.73
2026-04-07 14:09:00+00:00,423.52
2026-04-07 14:10:00+00:00,424.69
2026-04-07 14:11:00+00:00,424.46
2026-04-07 14:12:00+00:00,424.625
2026-04-07 14:13:00+00:00,424.7
2026-04-07 14:14:00+00:00,424.6
2026-04-07 14:15:00+00:00,424.205
2026-04-07 14:16:00+00:00,424.43
2026-04-07 14:17:00+00:00,424.02
2026-04-07 14:18:00+00:00,423.84
2026-04-07 14:19:00+00:00,423.885
2026-04-07 14:20:00+00:00,424.23
2026-04-07 14:21:00+00:00,424.8
2026-04-07 14:22:00+00:00,425.385
2026-04-07 14:23:00+00:00,425.75
2026-04-07 14:24:00+00:00,426.44
2026-04-07 14:25:00+00:00,426.45
2026-04-07 14:26:00+00:00,426.65
2026-04-07 14:27:00+00:00,426.33
2026-04-07 14:28:00+00:00,426.27
2026-04-07 14:29:00+00:00,426.48
2026-04-07 14:31:00+00:00,426.49
2026-04-07 14:32:00+00:00,426.665
2026-04-07 14:33:00+00:00,427.52
2026-04-07 14:34:00+00:00,427.44
2026-04-07 14:35:00+00:00,427.42
2026-04-07 14:36:00+00:00,427.46
2026-04-07 14:37:00+00:00,428.09
2026-04-07 14:38:00+00:00,427.86
2026-04-07 14:39:00+00:00,427.58
2026-04-07 14:40:00+00:00,427.42
2026-04-07 14:41:00+00:00,427.41
2026-04-07 14:42:00+00:00,427.4
2026-04-07 14:43:00+00:00,427.29
2026-04-07 14:44:00+00:00,426.77
2026-04-07 14:46:00+00:00,427.13
2026-04-07 14:48:00+00:00,427.05
2026-04-07 14:49:00+00:00,427.33
2026-04-07 14:50:00+00:00,426.65
2026-04-07 14:51:00+00:00,426.59
2026-04-07 14:55:00+00:00,425.94
2026-04-07 14:57:00+00:00,426.11
2026-04-07 14:58:00+00:00,426.04
2026-04-07 14:59:00+00:00,425.42
2026-04-07 15:00:00+00:00,425.48
2026-04-07 15:01:00+00:00,425.6
2026-04-07 15:03:00+00:00,425.365
2026-04-07 15:05:00+00:00,424.92
2026-04-07 15:06:00+00:00,424.81
2026-04-07 15:07:00+00:00,425.34
2026-04-07 15:08:00+00:00,425.28
2026-04-07 15:09:00+00:00,425.61
2026-04-07 15:11:00+00:00,426.175
2026-04-07 15:14:00+00:00,426.315
2026-04-07 15:15:00+00:00,427.05
2026-04-07 15:16:00+00:00,426.95
2026-04-07 15:17:00+00:00,426.68
2026-04-07 15:18:00+00:00,426.66
2026-04-07 15:19:00+00:00,427.08
2026-04-07 15:20:00+00:00,427.19
2026-04-07 15:21:00+00:00,427.01
2026-04-07 15:22:00+00:00,427.13
2026-04-07 15:23:00+00:00,426.8
2026-04-07 15:24:00+00:00,426.735
2026-04-07 15:25:00+00:00,426.765
2026-04-07 15:26:00+00:00,427.33
2026-04-07 15:29:00+00:00,427.45
2026-04-07 15:30:00+00:00,427.61
2026-04-07 15:31:00+00:00,427.44
2026-04-07 15:32:00+00:00,426.89
2026-04-07 15:33:00+00:00,426.985
2026-04-07 15:34:00+00:00,426.7
2026-04-07 15:35:00+00:00,426.96
2026-04-07 15:37:00+00:00,426.84
2026-04-07 15:39:00+00:00,426.54
2026-04-07 15:41:00+00:00,426.21
2026-04-07 15:43:00+00:00,426.58
2026-04-07 15:44:00+00:00,426.86
2026-04-07 15:45:00+00:00,426.59
2026-04-07 15:46:00+00:00,426.86
2026-04-07 15:47:00+00:00,427.15
2026-04-07 15:48:00+00:00,427.11
2026-04-07 15:50:00+00:00,427.31
2026-04-07 15:52:00+00:00,427.16
2026-04-07 15:53:00+00:00,427.295
2026-04-07 15:54:00+00:00,427.37
2026-04-07 15:55:00+00:00,427.56
2026-04-07 15:56:00+00:00,427.385
2026-04-07 15:59:00+00:00,427.415
2026-04-07 16:01:00+00:00,427.54
2026-04-07 16:02:00+00:00,428.005
2026-04-07 16:03:00+00:00,428.48
2026-04-07 16:04:00+00:00,428.43
2026-04-07 16:07:00+00:00,427.995
2026-04-07 16:08:00+00:00,427.41
2026-04-07 16:09:00+00:00,427.535
2026-04-07 16:10:00+00:00,427.74
2026-04-07 16:11:00+00:00,427.66
2026-04-07 16:12:00+00:00,427.93
2026-04-07 16:14:00+00:00,427.71
2026-04-07 16:15:00+00:00,427.73
2026-04-07 16:16:00+00:00,427.91
2026-04-07 16:17:00+00:00,427.85
2026-04-07 16:18:00+00:00,427.81
2026-04-07 16:19:00+00:00,427.79
2026-04-07 16:20:00+00:00,427.64
2026-04-07 16:21:00+00:00,427.78
2026-04-07 16:22:00+00:00,428.07
2026-04-07 16:23:00+00:00,428.02
2026-04-07 16:24:00+00:00,427.81
2026-04-07 16:25:00+00:00,427.97
2026-04-07 16:27:00+00:00,428.085
2026-04-07 16:28:00+00:00,428.14
2026-04-07 16:29:00+00:00,428.16
2026-04-07 16:31:00+00:00,427.81
2026-04-07 16:34:00+00:00,428.02
2026-04-07 16:37:00+00:00,428.07
2026-04-07 16:46:00+00:00,428.13
2026-04-07 16:48:00+00:00,428.27
2026-04-07 16:51:00+00:00,428.11
2026-04-07 16:52:00+00:00,428.165
2026-04-07 16:53:00+00:00,428.185
2026-04-07 16:54:00+00:00,427.995
2026-04-07 16:55:00+00:00,427.925
2026-04-07 16:56:00+00:00,427.72
2026-04-07 16:57:00+00:00,427.735
2026-04-07 16:58:00+00:00,427.72
2026-04-07 16:59:00+00:00,427.69
2026-04-07 17:00:00+00:00,427.87
2026-04-07 17:01:00+00:00,427.765
2026-04-07 17:02:00+00:00,428.19
2026-04-07 17:03:00+00:00,428.445
2026-04-07 17:04:00+00:00,428.515
2026-04-07 17:05:00+00:00,428.645
2026-04-07 17:06:00+00:00,429.12
2026-04-07 17:07:00+00:00,429.105
2026-04-07 17:08:00+00:00,428.78
2026-04-07 17:09:00+00:00,428.68
2026-04-07 17:11:00+00:00,428.51
2026-04-07 17:12:00+00:00,428.515
2026-04-07 17:14:00+00:00,428.65
2026-04-07 17:18:00+00:00,427.77
2026-04-07 17:22:00+00:00,427.64
2026-04-07 17:27:00+00:00,427.95
2026-04-07 17:28:00+00:00,427.86
2026-04-07 17:29:00+00:00,427.97
2026-04-07 17:30:00+00:00,428.2
2026-04-07 17:32:00+00:00,428.785
2026-04-07 17:35:00+00:00,429.54
2026-04-07 17:36:00+00:00,429.77
2026-04-07 17:37:00+00:00,429.87
2026-04-07 17:38:00+00:00,430.06
2026-04-07 17:39:00+00:00,429.88
2026-04-07 17:40:00+00:00,429.44
2026-04-07 17:41:00+00:00,429.53
2026-04-07 17:42:00+00:00,429.41
2026-04-07 17:43:00+00:00,429.18
2026-04-07 17:44:00+00:00,429.11
2026-04-07 17:46:00+00:00,429.08
2026-04-07 17:47:00+00:00,429.57
2026-04-07 17:48:00+00:00,429.56
2026-04-07 17:49:00+00:00,429.66
2026-04-07 17:52:00+00:00,429.755
2026-04-07 17:53:00+00:00,429.77
2026-04-07 17:55:00+00:00,429.63
2026-04-07 17:56:00+00:00,429.71
2026-04-07 17:57:00+00:00,429.47
2026-04-07 17:59:00+00:00,429.47
2026-04-07 18:00:00+00:00,429.72
2026-04-07 18:03:00+00:00,429.88
2026-04-07 18:05:00+00:00,429.645
2026-04-07 18:06:00+00:00,429.69
2026-04-07 18:07:00+00:00,429.62
2026-04-07 18:09:00+00:00,429.69
2026-04-07 18:10:00+00:00,429.63
2026-04-07 18:12:00+00:00,429.91
2026-04-07 18:13:00+00:00,430.09
2026-04-07 18:14:00+00:00,430.225
2026-04-07 18:15:00+00:00,430.11
2026-04-07 18:16:00+00:00,430.0
2026-04-07 18:17:00+00:00,429.99
2026-04-07 18:18:00+00:00,429.985
2026-04-07 18:19:00+00:00,430.16
2026-04-07 18:20:00+00:00,430.345
2026-04-07 18:22:00+00:00,430.2
2026-04-07 18:23:00+00:00,429.78
2026-04-07 18:24:00+00:00,429.56
2026-04-07 18:25:00+00:00,429.64
2026-04-07 18:29:00+00:00,429.93
2026-04-07 18:31:00+00:00,429.93
2026-04-07 18:33:00+00:00,430.34
2026-04-07 18:34:00+00:00,430.18
2026-04-07 18:35:00+00:00,430.01
2026-04-07 18:36:00+00:00,429.89
2026-04-07 18:37:00+00:00,429.9
2026-04-07 18:38:00+00:00,429.81
2026-04-07 18:41:00+00:00,429.65
2026-04-07 18:42:00+00:00,429.66
2026-04-07 18:44:00+00:00,429.87
2026-04-07 18:45:00+00:00,429.66
2026-04-07 18:46:00+00:00,429.71
2026-04-07 18:47:00+00:00,429.81
2026-04-07 18:48:00+00:00,429.36
2026-04-07 18:49:00+00:00,429.32
2026-04-07 18:50:00+00:00,428.985
2026-04-07 18:51:00+00:00,428.76
2026-04-07 18:52:00+00:00,428.785
2026-04-07 18:53:00+00:00,428.6
2026-04-07 18:54:00+00:00,428.46
2026-04-07 18:55:00+00:00,427.94
2026-04-07 18:57:00+00:00,427.91
2026-04-07 18:58:00+00:00,428.29
2026-04-07 18:59:00+00:00,428.2
2026-04-07 19:01:00+00:00,428.22
2026-04-07 19:03:00+00:00,428.51
2026-04-07 19:04:00+00:00,428.52
2026-04-07 19:05:00+00:00,428.16
2026-04-07 19:07:00+00:00,428.18
2026-04-07 19:08:00+00:00,428.61
2026-04-07 19:09:00+00:00,428.17
2026-04-07 19:13:00+00:00,428.59
2026-04-07 19:14:00+00:00,428.69
2026-04-07 19:15:00+00:00,428.67
2026-04-07 19:16:00+00:00,428.95
2026-04-07 19:17:00+00:00,428.88
2026-04-07 19:18:00+00:00,429.945
2026-04-07 19:19:00+00:00,430.75
2026-04-07 19:20:00+00:00,431.84
2026-04-07 19:21:00+00:00,430.99
2026-04-07 19:22:00+00:00,430.97
2026-04-07 19:23:00+00:00,430.69
2026-04-07 19:24:00+00:00,430.46
2026-04-07 19:25:00+00:00,430.855
2026-04-07 19:28:00+00:00,430.64
2026-04-07 19:29:00+00:00,430.55
2026-04-07 19:31:00+00:00,430.15
2026-04-07 19:32:00+00:00,430.48
2026-04-07 19:33:00+00:00,430.53
2026-04-07 19:34:00+00:00,430.44
2026-04-07 19:35:00+00:00,430.2
2026-04-07 19:36:00+00:00,430.35
2026-04-07 19:37:00+00:00,430.65
2026-04-07 19:38:00+00:00,430.685
2026-04-07 19:39:00+00:00,430.46
2026-04-07 19:40:00+00:00,430.41
2026-04-07 19:41:00+00:00,430.45
2026-04-07 19:42:00+00:00,430.19
2026-04-07 19:43:00+00:00,430.245
2026-04-07 19:44:00+00:00,430.5
2026-04-07 19:45:00+00:00,432.385
2026-04-07 19:46:00+00:00,433.0
2026-04-07 19:47:00+00:00,432.96
2026-04-07 19:48:00+00:00,432.6
2026-04-07 19:49:00+00:00,432.255
2026-04-07 19:50:00+00:00,432.38
2026-04-07 19:51:00+00:00,432.735
2026-04-07 19:52:00+00:00,431.96
2026-04-07 19:53:00+00:00,431.35
2026-04-07 19:54:00+00:00,431.64
2026-04-07 19:55:00+00:00,431.66
2026-04-07 19:56:00+00:00,431.67
2026-04-07 19:57:00+00:00,431.87
2026-04-07 19:58:00+00:00,431.66
2026-04-07 19:59:00+00:00,431.8
2026-04-07 20:42:00+00:00,433.13
2026-04-08 12:14:00+00:00,441.31
2026-04-08 12:17:00+00:00,441.22
2026-04-08 12:21:00+00:00,439.26
2026-04-08 12:38:00+00:00,440.63
2026-04-08 12:57:00+00:00,440.79
2026-04-08 13:00:00+00:00,441.08
2026-04-08 13:16:00+00:00,440.54
2026-04-08 13:30:00+00:00,439.66
2026-04-08 13:31:00+00:00,439.16
2026-04-08 13:32:00+00:00,439.26
2026-04-08 13:33:00+00:00,438.95
2026-04-08 13:34:00+00:00,439.2
2026-04-08 13:35:00+00:00,439.18
2026-04-08 13:36:00+00:00,439.47
2026-04-08 13:37:00+00:00,439.165
2026-04-08 13:38:00+00:00,438.66
2026-04-08 13:39:00+00:00,438.64
2026-04-08 13:40:00+00:00,438.715
2026-04-08 13:41:00+00:00,438.76
2026-04-08 13:42:00+00:00,438.52
2026-04-08 13:43:00+00:00,438.535
2026-04-08 13:44:00+00:00,438.75
2026-04-08 13:45:00+00:00,438.69
2026-04-08 13:46:00+00:00,439.185
2026-04-08 13:47:00+00:00,439.535
2026-04-08 13:48:00+00:00,439.46
2026-04-08 13:49:00+00:00,439.65
2026-04-08 13:50:00+00:00,439.74
2026-04-08 13:51:00+00:00,438.77
2026-04-08 13:52:00+00:00,438.91
2026-04-08 13:53:00+00:00,438.39
2026-04-08 13:54:00+00:00,438.375
2026-04-08 13:55:00+00:00,438.16
2026-04-08 13:56:00+00:00,438.51
2026-04-08 13:57:00+00:00,438.8
2026-04-08 13:58:00+00:00,439.09
2026-04-08 13:59:00+00:00,438.96
2026-04-08 14:00:00+00:00,439.21
2026-04-08 14:01:00+00:00,439.27
2026-04-08 14:02:00+00:00,439.43
2026-04-08 14:03:00+00:00,439.89
2026-04-08 14:04:00+00:00,440.0
2026-04-08 14:05:00+00:00,439.685
2026-04-08 14:06:00+00:00,439.96
2026-04-08 14:07:00+00:00,439.835
2026-04-08 14:08:00+00:00,439.08
2026-04-08 14:09:00+00:00,439.49
2026-04-08 14:10:00+00:00,439.41
2026-04-08 14:11:00+00:00,439.25
2026-04-08 14:12:00+00:00,439.36
2026-04-08 14:13:00+00:00,439.07
2026-04-08 14:15:00+00:00,439.33
2026-04-08 14:17:00+00:00,439.51
2026-04-08 14:18:00+00:00,439.295
2026-04-08 14:19:00+00:00,438.46
2026-04-08 14:20:00+00:00,438.85
2026-04-08 14:21:00+00:00,438.85
2026-04-08 14:22:00+00:00,438.51
2026-04-08 14:23:00+00:00,438.54
2026-04-08 14:25:00+00:00,437.48
2026-04-08 14:26:00+00:00,437.71
2026-04-08 14:27:00+00:00,438.27
2026-04-08 14:28:00+00:00,438.335
2026-04-08 14:29:00+00:00,438.26
2026-04-08 14:30:00+00:00,437.395
2026-04-08 14:31:00+00:00,436.99
2026-04-08 14:32:00+00:00,436.46
2026-04-08 14:33:00+00:00,436.935
2026-04-08 14:34:00+00:00,436.55
2026-04-08 14:35:00+00:00,436.79
2026-04-08 14:36:00+00:00,436.78
2026-04-08 14:37:00+00:00,437.065
2026-04-08 14:38:00+00:00,437.66
2026-04-08 14:39:00+00:00,437.29
2026-04-08 14:40:00+00:00,437.77
2026-04-08 14:41:00+00:00,437.9
2026-04-08 14:42:00+00:00,437.44
2026-04-08 14:45:00+00:00,437.14
2026-04-08 14:46:00+00:00,437.0
2026-04-08 14:47:00+00:00,436.69
2026-04-08 14:48:00+00:00,436.69
2026-04-08 14:49:00+00:00,436.64
2026-04-08 14:50:00+00:00,436.74
2026-04-08 14:51:00+00:00,436.37
2026-04-08 14:52:00+00:00,435.99
2026-04-08 14:53:00+00:00,435.95
2026-04-08 14:54:00+00:00,436.41
2026-04-08 14:55:00+00:00,435.77
2026-04-08 14:56:00+00:00,434.61
2026-04-08 14:57:00+00:00,434.98
2026-04-08 14:58:00+00:00,435.19
2026-04-08 14:59:00+00:00,434.9
2026-04-08 15:00:00+00:00,435.68
2026-04-08 15:01:00+00:00,435.9
2026-04-08 15:02:00+00:00,435.9
2026-04-08 15:03:00+00:00,435.755
2026-04-08 15:04:00+00:00,435.63
2026-04-08 15:05:00+00:00,435.75
2026-04-08 15:06:00+00:00,435.99
2026-04-08 15:07:00+00:00,435.86
2026-04-08 15:08:00+00:00,435.91
2026-04-08 15:09:00+00:00,435.62
2026-04-08 15:10:00+00:00,435.16
2026-04-08 15:12:00+00:00,435.39
2026-04-08 15:13:00+00:00,436.07
2026-04-08 15:14:00+00:00,435.76
2026-04-08 15:16:00+00:00,436.3
2026-04-08 15:17:00+00:00,435.895
2026-04-08 15:18:00+00:00,436.12
2026-04-08 15:19:00+00:00,436.51
2026-04-08 15:20:00+00:00,436.85
2026-04-08 15:21:00+00:00,436.9
2026-04-08 15:22:00+00:00,436.77
2026-04-08 15:23:00+00:00,436.75
2026-04-08 15:24:00+00:00,436.805
2026-04-08 15:25:00+00:00,436.655
2026-04-08 15:27:00+00:00,436.5
2026-04-08 15:28:00+00:00,436.51
2026-04-08 15:29:00+00:00,436.46
2026-04-08 15:30:00+00:00,436.385
2026-04-08 15:32:00+00:00,436.61
2026-04-08 15:33:00+00:00,436.69
2026-04-08 15:35:00+00:00,436.98
2026-04-08 15:37:00+00:00,437.1
2026-04-08 15:39:00+00:00,437.22
2026-04-08 15:40:00+00:00,437.12
2026-04-08 15:41:00+00:00,437.08
2026-04-08 15:42:00+00:00,437.185
2026-04-08 15:43:00+00:00,436.96
2026-04-08 15:46:00+00:00,436.86
2026-04-08 15:47:00+00:00,437.16
2026-04-08 15:48:00+00:00,437.03
2026-04-08 15:49:00+00:00,437.005
2026-04-08 15:51:00+00:00,437.33
2026-04-08 15:53:00+00:00,437.37
2026-04-08 15:56:00+00:00,437.04
2026-04-08 15:57:00+00:00,437.02
2026-04-08 15:58:00+00:00,436.925
2026-04-08 15:59:00+00:00,436.82
2026-04-08 16:01:00+00:00,437.145
2026-04-08 16:03:00+00:00,437.27
2026-04-08 16:04:00+00:00,436.96
2026-04-08 16:05:00+00:00,436.975
2026-04-08 16:06:00+00:00,436.84
2026-04-08 16:07:00+00:00,436.84
2026-04-08 16:09:00+00:00,437.03
2026-04-08 16:10:00+00:00,436.88
2026-04-08 16:11:00+00:00,437.22
2026-04-08 16:12:00+00:00,437.0
2026-04-08 16:13:00+00:00,436.95
2026-04-08 16:16:00+00:00,436.34
2026-04-08 16:17:00+00:00,436.17
2026-04-08 16:18:00+00:00,436.005
2026-04-08 16:19:00+00:00,436.0
2026-04-08 16:20:00+00:00,436.4
2026-04-08 16:21:00+00:00,436.27
2026-04-08 16:23:00+00:00,436.28
2026-04-08 16:24:00+00:00,436.345
2026-04-08 16:25:00+00:00,436.34
2026-04-08 16:26:00+00:00,436.39
2026-04-08 16:27:00+00:00,436.44
2026-04-08 16:28:00+00:00,436.24
2026-04-08 16:29:00+00:00,436.275
2026-04-08 16:30:00+00:00,436.2
2026-04-08 16:31:00+00:00,436.22
2026-04-08 16:32:00+00:00,436.57
2026-04-08 16:33:00+00:00,436.89
2026-04-08 16:34:00+00:00,436.82
2026-04-08 16:35:00+00:00,436.83
2026-04-08 16:37:00+00:00,436.87
2026-04-08 16:38:00+00:00,436.8
2026-04-08 16:39:00+00:00,437.14
2026-04-08 16:41:00+00:00,437.07
2026-04-08 16:43:00+00:00,437.06
2026-04-08 16:48:00+00:00,437.27
2026-04-08 16:58:00+00:00,437.23
2026-04-08 17:00:00+00:00,437.2
2026-04-08 17:03:00+00:00,437.37
2026-04-08 17:05:00+00:00,437.21
2026-04-08 17:06:00+00:00,437.01
2026-04-08 17:07:00+00:00,436.96
2026-04-08 17:10:00+00:00,437.04
2026-04-08 17:11:00+00:00,437.26
2026-04-08 17:12:00+00:00,437.22
2026-04-08 17:15:00+00:00,437.31
2026-04-08 17:17:00+00:00,436.98
2026-04-08 17:18:00+00:00,436.91
2026-04-08 17:19:00+00:00,436.78
2026-04-08 17:20:00+00:00,436.86
2026-04-08 17:21:00+00:00,436.72
2026-04-08 17:22:00+00:00,436.41
2026-04-08 17:23:00+00:00,436.2
2026-04-08 17:24:00+00:00,436.15
2026-04-08 17:26:00+00:00,436.05
2026-04-08 17:27:00+00:00,435.94
2026-04-08 17:28:00+00:00,436.295
2026-04-08 17:29:00+00:00,436.3
2026-04-08 17:30:00+00:00,436.36
2026-04-08 17:31:00+00:00,436.45
2026-04-08 17:32:00+00:00,436.45
2026-04-08 17:34:00+00:00,435.7
2026-04-08 17:35:00+00:00,435.51
2026-04-08 17:36:00+00:00,435.48
2026-04-08 17:37:00+00:00,435.24
2026-04-08 17:38:00+00:00,435.425
2026-04-08 17:39:00+00:00,435.14
2026-04-08 17:40:00+00:00,435.04
2026-04-08 17:41:00+00:00,435.26
2026-04-08 17:42:00+00:00,435.25
2026-04-08 17:43:00+00:00,435.41
2026-04-08 17:44:00+00:00,435.5
2026-04-08 17:49:00+00:00,435.15
2026-04-08 17:51:00+00:00,435.36
2026-04-08 17:52:00+00:00,435.29
2026-04-08 17:54:00+00:00,435.03
2026-04-08 17:55:00+00:00,434.63
2026-04-08 17:56:00+00:00,434.72
2026-04-08 17:57:00+00:00,435.0
2026-04-08 17:59:00+00:00,434.83
2026-04-08 18:00:00+00:00,434.33
2026-04-08 18:01:00+00:00,434.89
2026-04-08 18:02:00+00:00,434.95
2026-04-08 18:03:00+00:00,434.95
2026-04-08 18:06:00+00:00,435.39
2026-04-08 18:08:00+00:00,435.51
2026-04-08 18:10:00+00:00,435.39
2026-04-08 18:13:00+00:00,435.65
2026-04-08 18:14:00+00:00,435.62
2026-04-08 18:15:00+00:00,435.63
2026-04-08 18:16:00+00:00,435.54
2026-04-08 18:17:00+00:00,435.66
2026-04-08 18:18:00+00:00,433.25
2026-04-08 18:19:00+00:00,434.275
2026-04-08 18:20:00+00:00,434.26
2026-04-08 18:21:00+00:00,434.26
2026-04-08 18:22:00+00:00,434.06
2026-04-08 18:23:00+00:00,434.1
2026-04-08 18:24:00+00:00,434.04
2026-04-08 18:25:00+00:00,433.35
2026-04-08 18:26:00+00:00,434.1
2026-04-08 18:27:00+00:00,433.83
2026-04-08 18:28:00+00:00,433.915
2026-04-08 18:29:00+00:00,433.88
2026-04-08 18:30:00+00:00,433.82
2026-04-08 18:31:00+00:00,433.94
2026-04-08 18:32:00+00:00,433.88
2026-04-08 18:33:00+00:00,433.66
2026-04-08 18:34:00+00:00,433.775
2026-04-08 18:35:00+00:00,433.64
2026-04-08 18:36:00+00:00,433.49
2026-04-08 18:37:00+00:00,433.56
2026-04-08 18:39:00+00:00,433.01
2026-04-08 18:40:00+00:00,432.97
2026-04-08 18:41:00+00:00,432.985
2026-04-08 18:42:00+00:00,433.21
2026-04-08 18:43:00+00:00,432.46
2026-04-08 18:44:00+00:00,432.48
2026-04-08 18:45:00+00:00,432.645
2026-04-08 18:46:00+00:00,432.925
2026-04-08 18:47:00+00:00,433.07
2026-04-08 18:48:00+00:00,432.66
2026-04-08 18:49:00+00:00,432.72
2026-04-08 18:50:00+00:00,432.58
2026-04-08 18:51:00+00:00,432.06
2026-04-08 18:53:00+00:00,432.71
2026-04-08 18:54:00+00:00,432.34
2026-04-08 18:55:00+00:00,432.17
2026-04-08 18:56:00+00:00,432.16
2026-04-08 18:57:00+00:00,432.11
2026-04-08 18:59:00+00:00,432.16
2026-04-08 19:00:00+00:00,432.03
2026-04-08 19:01:00+00:00,432.24
2026-04-08 19:02:00+00:00,431.97
2026-04-08 19:03:00+00:00,432.1
2026-04-08 19:04:00+00:00,431.91
2026-04-08 19:05:00+00:00,431.91
2026-04-08 19:06:00+00:00,431.91
2026-04-08 19:08:00+00:00,432.45
2026-04-08 19:09:00+00:00,432.35
2026-04-08 19:11:00+00:00,432.8
2026-04-08 19:13:00+00:00,433.08
2026-04-08 19:14:00+00:00,433.07
2026-04-08 19:15:00+00:00,433.29
2026-04-08 19:16:00+00:00,433.11
2026-04-08 19:17:00+00:00,432.9
2026-04-08 19:18:00+00:00,432.67
2026-04-08 19:19:00+00:00,432.63
2026-04-08 19:20:00+00:00,432.59
2026-04-08 19:21:00+00:00,432.59
2026-04-08 19:22:00+00:00,432.48
2026-04-08 19:23:00+00:00,432.43
2026-04-08 19:24:00+00:00,432.64
2026-04-08 19:25:00+00:00,432.81
2026-04-08 19:26:00+00:00,432.595
2026-04-08 19:29:00+00:00,432.38
2026-04-08 19:30:00+00:00,432.65
2026-04-08 19:31:00+00:00,432.99
2026-04-08 19:32:00+00:00,433.11
2026-04-08 19:34:00+00:00,433.145
2026-04-08 19:35:00+00:00,433.29
2026-04-08 19:36:00+00:00,433.56
2026-04-08 19:37:00+00:00,433.88
2026-04-08 19:38:00+00:00,433.52
2026-04-08 19:39:00+00:00,433.77
2026-04-08 19:40:00+00:00,433.88
2026-04-08 19:41:00+00:00,433.63
2026-04-08 19:43:00+00:00,433.67
2026-04-08 19:44:00+00:00,433.685
2026-04-08 19:45:00+00:00,433.92
2026-04-08 19:46:00+00:00,433.89
2026-04-08 19:47:00+00:00,434.02
2026-04-08 19:48:00+00:00,433.97
2026-04-08 19:49:00+00:00,434.08
2026-04-08 19:50:00+00:00,434.23
2026-04-08 19:51:00+00:00,434.25
2026-04-08 19:52:00+00:00,434.14
2026-04-08 19:53:00+00:00,434.42
2026-04-08 19:54:00+00:00,434.445
2026-04-08 19:55:00+00:00,434.325
2026-04-08 19:56:00+00:00,434.45
2026-04-08 19:57:00+00:00,434.45
2026-04-08 19:58:00+00:00,434.41
2026-04-08 19:59:00+00:00,434.52
2026-04-09 13:05:00+00:00,435.84
2026-04-09 13:23:00+00:00,436.63
2026-04-09 13:30:00+00:00,436.355
2026-04-09 13:31:00+00:00,436.67
2026-04-09 13:32:00+00:00,436.46
2026-04-09 13:35:00+00:00,437.4
2026-04-09 13:36:00+00:00,437.56
2026-04-09 13:37:00+00:00,437.45
2026-04-09 13:38:00+00:00,437.85
2026-04-09 13:39:00+00:00,438.05
2026-04-09 13:40:00+00:00,438.09
2026-04-09 13:41:00+00:00,438.415
2026-04-09 13:42:00+00:00,438.31
2026-04-09 13:43:00+00:00,438.54
2026-04-09 13:44:00+00:00,438.605
2026-04-09 13:47:00+00:00,437.99
2026-04-09 13:48:00+00:00,438.17
2026-04-09 13:49:00+00:00,438.17
2026-04-09 13:50:00+00:00,437.78
2026-04-09 13:51:00+00:00,437.23
2026-04-09 13:52:00+00:00,437.15
2026-04-09 13:53:00+00:00,437.54
2026-04-09 13:54:00+00:00,437.43
2026-04-09 13:55:00+00:00,437.41
2026-04-09 13:57:00+00:00,437.745
2026-04-09 13:58:00+00:00,437.505
2026-04-09 13:59:00+00:00,437.36
2026-04-09 14:00:00+00:00,437.31
2026-04-09 14:01:00+00:00,437.42
2026-04-09 14:02:00+00:00,437.85
2026-04-09 14:03:00+00:00,438.21
2026-04-09 14:04:00+00:00,438.53
2026-04-09 14:05:00+00:00,438.17
2026-04-09 14:06:00+00:00,438.125
2026-04-09 14:07:00+00:00,437.71
2026-04-09 14:08:00+00:00,437.69
2026-04-09 14:10:00+00:00,437.8
2026-04-09 14:11:00+00:00,437.9
2026-04-09 14:12:00+00:00,438.48
2026-04-09 14:13:00+00:00,438.4
2026-04-09 14:14:00+00:00,438.08
2026-04-09 14:15:00+00:00,438.21
2026-04-09 14:16:00+00:00,437.9
2026-04-09 14:17:00+00:00,437.74
2026-04-09 14:18:00+00:00,437.29
2026-04-09 14:19:00+00:00,437.1
2026-04-09 14:20:00+00:00,437.54
2026-04-09 14:21:00+00:00,437.62
2026-04-09 14:22:00+00:00,437.595
2026-04-09 14:24:00+00:00,438.03
2026-04-09 14:25:00+00:00,438.13
2026-04-09 14:26:00+00:00,438.09
2026-04-09 14:27:00+00:00,437.56
2026-04-09 14:28:00+00:00,437.67
2026-04-09 14:29:00+00:00,437.62
2026-04-09 14:30:00+00:00,437.45
2026-04-09 14:31:00+00:00,437.24
2026-04-09 14:32:00+00:00,436.99
2026-04-09 14:33:00+00:00,436.82
2026-04-09 14:34:00+00:00,436.69
2026-04-09 14:35:00+00:00,436.66
2026-04-09 14:36:00+00:00,436.14
2026-04-09 14:37:00+00:00,436.35
2026-04-09 14:38:00+00:00,436.3
2026-04-09 14:39:00+00:00,437.0
2026-04-09 14:40:00+00:00,436.89
2026-04-09 14:41:00+00:00,436.97
2026-04-09 14:42:00+00:00,436.32
2026-04-09 14:43:00+00:00,436.88
2026-04-09 14:44:00+00:00,436.63
2026-04-09 14:45:00+00:00,436.73
2026-04-09 14:46:00+00:00,436.865
2026-04-09 14:47:00+00:00,437.0
2026-04-09 14:48:00+00:00,436.97
2026-04-09 14:49:00+00:00,437.235
2026-04-09 14:50:00+00:00,437.5
2026-04-09 14:51:00+00:00,437.49
2026-04-09 14:52:00+00:00,437.4
2026-04-09 14:53:00+00:00,437.385
2026-04-09 14:54:00+00:00,437.4
2026-04-09 14:55:00+00:00,437.48
2026-04-09 14:57:00+00:00,437.545
2026-04-09 15:02:00+00:00,437.47
2026-04-09 15:03:00+00:00,437.41
2026-04-09 15:04:00+00:00,437.26
2026-04-09 15:05:00+00:00,437.44
2026-04-09 15:06:00+00:00,437.5
2026-04-09 15:08:00+00:00,437.43
2026-04-09 15:09:00+00:00,437.2
2026-04-09 15:11:00+00:00,437.31
2026-04-09 15:14:00+00:00,437.92
2026-04-09 15:15:00+00:00,438.46
2026-04-09 15:16:00+00:00,438.1
2026-04-09 15:17:00+00:00,438.7
2026-04-09 15:18:00+00:00,439.0
2026-04-09 15:19:00+00:00,439.235
2026-04-09 15:20:00+00:00,439.35
2026-04-09 15:21:00+00:00,439.23
2026-04-09 15:22:00+00:00,439.33
2026-04-09 15:23:00+00:00,439.29
2026-04-09 15:24:00+00:00,439.39
2026-04-09 15:25:00+00:00,439.17
2026-04-09 15:26:00+00:00,439.07
2026-04-09 15:27:00+00:00,438.98
2026-04-09 15:28:00+00:00,439.01
2026-04-09 15:29:00+00:00,438.83
2026-04-09 15:32:00+00:00,439.72
2026-04-09 15:33:00+00:00,439.77
2026-04-09 15:34:00+00:00,439.825
2026-04-09 15:35:00+00:00,440.275
2026-04-09 15:36:00+00:00,440.44
2026-04-09 15:37:00+00:00,440.465
2026-04-09 15:38:00+00:00,439.76
2026-04-09 15:39:00+00:00,440.03
2026-04-09 15:40:00+00:00,440.3
2026-04-09 15:41:00+00:00,440.35
2026-04-09 15:42:00+00:00,440.28
2026-04-09 15:43:00+00:00,440.02
2026-04-09 15:44:00+00:00,439.905
2026-04-09 15:45:00+00:00,439.675
2026-04-09 15:46:00+00:00,439.5
2026-04-09 15:48:00+00:00,440.19
2026-04-09 15:49:00+00:00,439.57
2026-04-09 15:50:00+00:00,439.38
2026-04-09 15:51:00+00:00,439.35
2026-04-09 15:52:00+00:00,439.69
2026-04-09 15:53:00+00:00,439.795
2026-04-09 15:54:00+00:00,439.59
2026-04-09 15:55:00+00:00,439.6
2026-04-09 15:56:00+00:00,439.685
2026-04-09 15:57:00+00:00,439.62
2026-04-09 15:58:00+00:00,439.86
2026-04-09 15:59:00+00:00,440.065
2026-04-09 16:00:00+00:00,440.035
2026-04-09 16:01:00+00:00,440.4
2026-04-09 16:02:00+00:00,440.59
2026-04-09 16:03:00+00:00,440.58
2026-04-09 16:04:00+00:00,440.4
2026-04-09 16:05:00+00:00,440.375
2026-04-09 16:06:00+00:00,440.16
2026-04-09 16:07:00+00:00,440.37
2026-04-09 16:08:00+00:00,440.46
2026-04-09 16:09:00+00:00,440.37
2026-04-09 16:10:00+00:00,440.09
2026-04-09 16:11:00+00:00,439.98
2026-04-09 16:13:00+00:00,440.06
2026-04-09 16:14:00+00:00,439.735
2026-04-09 16:15:00+00:00,439.865
2026-04-09 16:16:00+00:00,439.87
2026-04-09 16:17:00+00:00,439.95
2026-04-09 16:18:00+00:00,440.03
2026-04-09 16:19:00+00:00,440.4
2026-04-09 16:20:00+00:00,440.2
2026-04-09 16:22:00+00:00,440.24
2026-04-09 16:23:00+00:00,440.41
2026-04-09 16:24:00+00:00,440.27
2026-04-09 16:25:00+00:00,440.21
2026-04-09 16:26:00+00:00,440.03
2026-04-09 16:27:00+00:00,440.04
2026-04-09 16:28:00+00:00,440.15
2026-04-09 16:29:00+00:00,440.1
2026-04-09 16:30:00+00:00,440.04
2026-04-09 16:32:00+00:00,440.07
2026-04-09 16:33:00+00:00,440.2
2026-04-09 16:34:00+00:00,440.29
2026-04-09 16:38:00+00:00,439.77
2026-04-09 16:39:00+00:00,439.98
2026-04-09 16:42:00+00:00,439.575
2026-04-09 16:43:00+00:00,439.57
2026-04-09 16:45:00+00:00,439.65
2026-04-09 16:46:00+00:00,439.71
2026-04-09 16:47:00+00:00,439.55
2026-04-09 16:49:00+00:00,439.59
2026-04-09 16:50:00+00:00,439.56
2026-04-09 16:55:00+00:00,439.57
2026-04-09 16:56:00+00:00,439.61
2026-04-09 16:58:00+00:00,439.73
2026-04-09 17:00:00+00:00,439.86
2026-04-09 17:01:00+00:00,439.96
2026-04-09 17:02:00+00:00,439.64
2026-04-09 17:04:00+00:00,439.705
2026-04-09 17:07:00+00:00,440.065
2026-04-09 17:08:00+00:00,440.18
2026-04-09 17:09:00+00:00,440.18
2026-04-09 17:13:00+00:00,440.13
2026-04-09 17:15:00+00:00,440.2
2026-04-09 17:18:00+00:00,440.47
2026-04-09 17:19:00+00:00,440.57
2026-04-09 17:20:00+00:00,440.25
2026-04-09 17:23:00+00:00,440.18
2026-04-09 17:24:00+00:00,440.11
2026-04-09 17:26:00+00:00,440.14
2026-04-09 17:27:00+00:00,440.24
2026-04-09 17:29:00+00:00,440.155
2026-04-09 17:30:00+00:00,439.855
2026-04-09 17:31:00+00:00,439.765
2026-04-09 17:33:00+00:00,440.1
2026-04-09 17:34:00+00:00,440.14
2026-04-09 17:35:00+00:00,440.06
2026-04-09 17:36:00+00:00,440.45
2026-04-09 17:37:00+00:00,440.49
2026-04-09 17:38:00+00:00,440.78
2026-04-09 17:39:00+00:00,440.755
2026-04-09 17:40:00+00:00,440.805
2026-04-09 17:42:00+00:00,440.34
2026-04-09 17:43:00+00:00,440.38
2026-04-09 17:44:00+00:00,440.355
2026-04-09 17:45:00+00:00,440.52
2026-04-09 17:46:00+00:00,440.84
2026-04-09 17:47:00+00:00,440.77
2026-04-09 17:48:00+00:00,440.66
2026-04-09 17:49:00+00:00,440.87
2026-04-09 17:50:00+00:00,440.73
2026-04-09 17:51:00+00:00,440.63
2026-04-09 17:53:00+00:00,440.53
2026-04-09 17:54:00+00:00,440.59
2026-04-09 17:56:00+00:00,440.66
2026-04-09 17:58:00+00:00,440.63
2026-04-09 17:59:00+00:00,440.65
2026-04-09 18:00:00+00:00,440.495
2026-04-09 18:01:00+00:00,440.245
2026-04-09 18:02:00+00:00,439.95
2026-04-09 18:03:00+00:00,439.67
2026-04-09 18:04:00+00:00,439.585
2026-04-09 18:05:00+00:00,439.72
2026-04-09 18:07:00+00:00,439.57
2026-04-09 18:08:00+00:00,439.17
2026-04-09 18:09:00+00:00,439.1
2026-04-09 18:10:00+00:00,439.61
2026-04-09 18:11:00+00:00,439.39
2026-04-09 18:12:00+00:00,439.26
2026-04-09 18:13:00+00:00,439.075
2026-04-09 18:14:00+00:00,439.0
2026-04-09 18:16:00+00:00,439.23
2026-04-09 18:17:00+00:00,439.57
2026-04-09 18:18:00+00:00,439.5
2026-04-09 18:20:00+00:00,439.51
2026-04-09 18:21:00+00:00,439.46
2026-04-09 18:22:00+00:00,439.265
2026-04-09 18:23:00+00:00,438.92
2026-04-09 18:24:00+00:00,438.69
2026-04-09 18:25:00+00:00,438.99
2026-04-09 18:26:00+00:00,439.01
2026-04-09 18:27:00+00:00,438.975
2026-04-09 18:28:00+00:00,439.125
2026-04-09 18:29:00+00:00,439.13
2026-04-09 18:30:00+00:00,438.68
2026-04-09 18:31:00+00:00,438.59
2026-04-09 18:32:00+00:00,438.4
2026-04-09 18:33:00+00:00,438.375
2026-04-09 18:35:00+00:00,438.82
2026-04-09 18:36:00+00:00,438.71
2026-04-09 18:37:00+00:00,438.615
2026-04-09 18:38:00+00:00,438.67
2026-04-09 18:39:00+00:00,438.63
2026-04-09 18:41:00+00:00,438.19
2026-04-09 18:42:00+00:00,438.2
2026-04-09 18:43:00+00:00,438.02
2026-04-09 18:44:00+00:00,437.99
2026-04-09 18:45:00+00:00,438.15
2026-04-09 18:46:00+00:00,438.07
2026-04-09 18:47:00+00:00,438.03
2026-04-09 18:48:00+00:00,438.24
2026-04-09 18:49:00+00:00,438.16
2026-04-09 18:50:00+00:00,438.23
2026-04-09 18:51:00+00:00,438.21
2026-04-09 18:52:00+00:00,438.18
2026-04-09 18:54:00+00:00,438.01
2026-04-09 18:55:00+00:00,438.05
2026-04-09 18:56:00+00:00,438.06
2026-04-09 18:57:00+00:00,438.365
2026-04-09 18:58:00+00:00,438.37
2026-04-09 18:59:00+00:00,438.385
2026-04-09 19:00:00+00:00,438.02
2026-04-09 19:01:00+00:00,438.32
2026-04-09 19:02:00+00:00,438.55
2026-04-09 19:03:00+00:00,438.51
2026-04-09 19:04:00+00:00,438.585
2026-04-09 19:05:00+00:00,438.82
2026-04-09 19:06:00+00:00,438.94
2026-04-09 19:07:00+00:00,439.08
2026-04-09 19:09:00+00:00,439.075
2026-04-09 19:10:00+00:00,439.08
2026-04-09 19:11:00+00:00,439.19
2026-04-09 19:12:00+00:00,439.095
2026-04-09 19:13:00+00:00,438.995
2026-04-09 19:14:00+00:00,438.86
2026-04-09 19:15:00+00:00,439.03
2026-04-09 19:16:00+00:00,438.94
2026-04-09 19:17:00+00:00,438.71
2026-04-09 19:18:00+00:00,438.47
2026-04-09 19:19:00+00:00,438.435
2026-04-09 19:20:00+00:00,438.45
2026-04-09 19:21:00+00:00,438.33
2026-04-09 19:22:00+00:00,438.31
2026-04-09 19:23:00+00:00,438.41
2026-04-09 19:24:00+00:00,438.57
2026-04-09 19:25:00+00:00,438.765
2026-04-09 19:26:00+00:00,438.605
2026-04-09 19:27:00+00:00,438.58
2026-04-09 19:28:00+00:00,438.49
2026-04-09 19:29:00+00:00,438.36
2026-04-09 19:30:00+00:00,438.635
2026-04-09 19:31:00+00:00,438.76
2026-04-09 19:32:00+00:00,438.71
2026-04-09 19:33:00+00:00,438.37
2026-04-09 19:34:00+00:00,438.12
2026-04-09 19:37:00+00:00,438.25
2026-04-09 19:38:00+00:00,438.2
2026-04-09 19:40:00+00:00,438.05
2026-04-09 19:41:00+00:00,438.12
2026-04-09 19:42:00+00:00,438.39
2026-04-09 19:43:00+00:00,438.27
2026-04-09 19:44:00+00:00,438.195
2026-04-09 19:45:00+00:00,438.115
2026-04-09 19:46:00+00:00,438.035
2026-04-09 19:47:00+00:00,438.155
2026-04-09 19:48:00+00:00,438.075
2026-04-09 19:49:00+00:00,437.95
2026-04-09 19:50:00+00:00,438.12
2026-04-09 19:51:00+00:00,438.04
2026-04-09 19:52:00+00:00,438.37
2026-04-09 19:53:00+00:00,438.19
2026-04-09 19:54:00+00:00,438.18
2026-04-09 19:55:00+00:00,437.855
2026-04-09 19:56:00+00:00,437.96
2026-04-09 19:57:00+00:00,437.86
2026-04-09 19:58:00+00:00,437.955
2026-04-09 19:59:00+00:00,437.9
2026-04-10 12:33:00+00:00,438.95
2026-04-10 12:42:00+00:00,438.43
2026-04-10 13:30:00+00:00,438.61
2026-04-10 13:32:00+00:00,438.33
2026-04-10 13:33:00+00:00,438.24
2026-04-10 13:34:00+00:00,438.09
2026-04-10 13:35:00+00:00,438.03
2026-04-10 13:36:00+00:00,438.09
2026-04-10 13:37:00+00:00,438.63
2026-04-10 13:38:00+00:00,438.77
2026-04-10 13:39:00+00:00,438.485
2026-04-10 13:41:00+00:00,438.31
2026-04-10 13:44:00+00:00,437.97
2026-04-10 13:45:00+00:00,438.075
2026-04-10 13:46:00+00:00,437.93
2026-04-10 13:47:00+00:00,437.96
2026-04-10 13:48:00+00:00,437.88
2026-04-10 13:49:00+00:00,438.3
2026-04-10 13:50:00+00:00,438.09
2026-04-10 13:51:00+00:00,438.35
2026-04-10 13:54:00+00:00,438.56
2026-04-10 13:55:00+00:00,438.66
2026-04-10 13:58:00+00:00,438.5
2026-04-10 13:59:00+00:00,438.52
2026-04-10 14:00:00+00:00,438.34
2026-04-10 14:01:00+00:00,438.505
2026-04-10 14:02:00+00:00,438.93
2026-04-10 14:03:00+00:00,438.71
2026-04-10 14:04:00+00:00,438.63
2026-04-10 14:05:00+00:00,438.65
2026-04-10 14:06:00+00:00,438.91
2026-04-10 14:07:00+00:00,438.65
2026-04-10 14:09:00+00:00,438.63
2026-04-10 14:10:00+00:00,438.24
2026-04-10 14:11:00+00:00,437.995
2026-04-10 14:12:00+00:00,438.56
2026-04-10 14:13:00+00:00,438.44
2026-04-10 14:14:00+00:00,438.77
2026-04-10 14:15:00+00:00,439.26
2026-04-10 14:17:00+00:00,439.32
2026-04-10 14:18:00+00:00,439.41
2026-04-10 14:19:00+00:00,439.7
2026-04-10 14:20:00+00:00,439.63
2026-04-10 14:21:00+00:00,439.605
2026-04-10 14:22:00+00:00,439.72
2026-04-10 14:24:00+00:00,439.91
2026-04-10 14:25:00+00:00,440.07
2026-04-10 14:26:00+00:00,439.88
2026-04-10 14:27:00+00:00,439.73
2026-04-10 14:28:00+00:00,439.78
2026-04-10 14:30:00+00:00,440.25
2026-04-10 14:31:00+00:00,440.32
2026-04-10 14:32:00+00:00,440.17
2026-04-10 14:34:00+00:00,439.805
2026-04-10 14:36:00+00:00,439.9
2026-04-10 14:37:00+00:00,439.675
2026-04-10 14:38:00+00:00,439.9
2026-04-10 14:39:00+00:00,439.76
2026-04-10 14:40:00+00:00,439.72
2026-04-10 14:42:00+00:00,438.43
2026-04-10 14:43:00+00:00,439.26
2026-04-10 14:45:00+00:00,439.04
2026-04-10 14:46:00+00:00,438.94
2026-04-10 14:49:00+00:00,438.59
2026-04-10 14:50:00+00:00,438.74
2026-04-10 14:51:00+00:00,439.0
2026-04-10 14:52:00+00:00,439.095
2026-04-10 14:53:00+00:00,438.95
2026-04-10 14:54:00+00:00,438.87
2026-04-10 14:55:00+00:00,438.43
2026-04-10 14:57:00+00:00,438.935
2026-04-10 14:58:00+00:00,438.85
2026-04-10 15:01:00+00:00,438.65
2026-04-10 15:03:00+00:00,438.75
2026-04-10 15:04:00+00:00,438.625
2026-04-10 15:05:00+00:00,438.27
2026-04-10 15:07:00+00:00,438.56
2026-04-10 15:08:00+00:00,438.61
2026-04-10 15:09:00+00:00,439.08
2026-04-10 15:10:00+00:00,439.1
2026-04-10 15:11:00+00:00,439.175
2026-04-10 15:13:00+00:00,439.335
2026-04-10 15:14:00+00:00,439.31
2026-04-10 15:15:00+00:00,439.62
2026-04-10 15:16:00+00:00,439.34
2026-04-10 15:17:00+00:00,439.2
2026-04-10 15:18:00+00:00,439.3
2026-04-10 15:26:00+00:00,439.17
2026-04-10 15:27:00+00:00,439.11
2026-04-10 15:28:00+00:00,439.16
2026-04-10 15:29:00+00:00,438.64
2026-04-10 15:30:00+00:00,438.76
2026-04-10 15:31:00+00:00,438.64
2026-04-10 15:32:00+00:00,438.43
2026-04-10 15:35:00+00:00,438.47
2026-04-10 15:36:00+00:00,437.28
2026-04-10 15:37:00+00:00,437.67
2026-04-10 15:38:00+00:00,437.765
2026-04-10 15:39:00+00:00,437.285
2026-04-10 15:40:00+00:00,437.575
2026-04-10 15:41:00+00:00,437.7
2026-04-10 15:42:00+00:00,437.81
2026-04-10 15:43:00+00:00,437.73
2026-04-10 15:44:00+00:00,437.72
2026-04-10 15:45:00+00:00,437.84
2026-04-10 15:46:00+00:00,437.62
2026-04-10 15:47:00+00:00,437.9
2026-04-10 15:48:00+00:00,437.83
2026-04-10 15:49:00+00:00,437.71
2026-04-10 15:50:00+00:00,437.84
2026-04-10 15:52:00+00:00,438.09
2026-04-10 15:53:00+00:00,437.78
2026-04-10 15:55:00+00:00,437.63
2026-04-10 15:56:00+00:00,437.51
2026-04-10 15:57:00+00:00,437.53
2026-04-10 15:58:00+00:00,437.515
2026-04-10 15:59:00+00:00,437.54
2026-04-10 16:02:00+00:00,436.935
2026-04-10 16:03:00+00:00,436.77
2026-04-10 16:04:00+00:00,436.61
2026-04-10 16:06:00+00:00,436.35
2026-04-10 16:07:00+00:00,436.39
2026-04-10 16:09:00+00:00,436.805
2026-04-10 16:10:00+00:00,437.03
2026-04-10 16:11:00+00:00,437.09
2026-04-10 16:12:00+00:00,437.19
2026-04-10 16:13:00+00:00,437.24
2026-04-10 16:14:00+00:00,437.455
2026-04-10 16:15:00+00:00,437.52
2026-04-10 16:21:00+00:00,436.92
2026-04-10 16:25:00+00:00,437.0
2026-04-10 16:26:00+00:00,437.04
2026-04-10 16:27:00+00:00,437.19
2026-04-10 16:28:00+00:00,437.28
2026-04-10 16:29:00+00:00,437.17
2026-04-10 16:31:00+00:00,437.28
2026-04-10 16:32:00+00:00,437.28
2026-04-10 16:36:00+00:00,437.43
2026-04-10 16:37:00+00:00,437.47
2026-04-10 16:41:00+00:00,436.95
2026-04-10 16:42:00+00:00,436.975
2026-04-10 16:45:00+00:00,437.025
2026-04-10 16:46:00+00:00,437.06
2026-04-10 16:49:00+00:00,437.285
2026-04-10 16:51:00+00:00,437.32
2026-04-10 16:53:00+00:00,437.43
2026-04-10 16:54:00+00:00,437.77
2026-04-10 16:55:00+00:00,437.54
2026-04-10 16:56:00+00:00,437.52
2026-04-10 16:57:00+00:00,437.48
2026-04-10 16:59:00+00:00,437.49
2026-04-10 17:07:00+00:00,437.17
2026-04-10 17:11:00+00:00,437.22
2026-04-10 17:14:00+00:00,437.715
2026-04-10 17:17:00+00:00,437.81
2026-04-10 17:18:00+00:00,437.88
2026-04-10 17:21:00+00:00,437.39
2026-04-10 17:22:00+00:00,437.49
2026-04-10 17:25:00+00:00,437.7
2026-04-10 17:26:00+00:00,437.84
2026-04-10 17:27:00+00:00,437.95
2026-04-10 17:28:00+00:00,437.885
2026-04-10 17:30:00+00:00,437.34
2026-04-10 17:32:00+00:00,437.695
2026-04-10 17:33:00+00:00,437.49
2026-04-10 17:34:00+00:00,437.35
2026-04-10 17:36:00+00:00,437.13
2026-04-10 17:37:00+00:00,437.22
2026-04-10 17:42:00+00:00,437.13
2026-04-10 17:44:00+00:00,437.275
2026-04-10 17:45:00+00:00,437.3
2026-04-10 17:49:00+00:00,437.45
2026-04-10 17:51:00+00:00,437.435
2026-04-10 17:52:00+00:00,437.4
2026-04-10 17:53:00+00:00,437.32
2026-04-10 17:54:00+00:00,437.265
2026-04-10 17:56:00+00:00,437.25
2026-04-10 17:57:00+00:00,437.215
2026-04-10 17:58:00+00:00,437.12
2026-04-10 17:59:00+00:00,437.15
2026-04-10 18:00:00+00:00,437.155
2026-04-10 18:01:00+00:00,437.03
2026-04-10 18:02:00+00:00,437.09
2026-04-10 18:03:00+00:00,436.75
2026-04-10 18:04:00+00:00,436.6
2026-04-10 18:05:00+00:00,436.545
2026-04-10 18:06:00+00:00,436.7
2026-04-10 18:07:00+00:00,436.52
2026-04-10 18:08:00+00:00,436.86
2026-04-10 18:09:00+00:00,436.75
2026-04-10 18:10:00+00:00,436.94
2026-04-10 18:11:00+00:00,437.4
2026-04-10 18:12:00+00:00,437.49
2026-04-10 18:13:00+00:00,437.38
2026-04-10 18:16:00+00:00,437.455
2026-04-10 18:18:00+00:00,437.73
2026-04-10 18:19:00+00:00,437.81
2026-04-10 18:21:00+00:00,438.01
2026-04-10 18:22:00+00:00,437.88
2026-04-10 18:23:00+00:00,437.74
2026-04-10 18:24:00+00:00,437.6
2026-04-10 18:25:00+00:00,437.61
2026-04-10 18:26:00+00:00,437.62
2026-04-10 18:29:00+00:00,437.54
2026-04-10 18:30:00+00:00,437.76
2026-04-10 18:32:00+00:00,438.09
2026-04-10 18:35:00+00:00,438.07
2026-04-10 18:37:00+00:00,438.03
2026-04-10 18:38:00+00:00,438.335
2026-04-10 18:41:00+00:00,438.02
2026-04-10 18:43:00+00:00,437.99
2026-04-10 18:57:00+00:00,437.68
2026-04-10 18:59:00+00:00,437.745
2026-04-10 19:00:00+00:00,437.725
2026-04-10 19:01:00+00:00,437.69
2026-04-10 19:03:00+00:00,437.825
2026-04-10 19:05:00+00:00,437.9
2026-04-10 19:07:00+00:00,437.88
2026-04-10 19:09:00+00:00,437.71
2026-04-10 19:10:00+00:00,437.73
2026-04-10 19:11:00+00:00,437.78
2026-04-10 19:13:00+00:00,437.79
2026-04-10 19:14:00+00:00,437.81
2026-04-10 19:18:00+00:00,438.06
2026-04-10 19:20:00+00:00,438.08
2026-04-10 19:22:00+00:00,437.87
2026-04-10 19:23:00+00:00,437.93
2026-04-10 19:24:00+00:00,437.88
2026-04-10 19:25:00+00:00,437.965
2026-04-10 19:26:00+00:00,437.87
2026-04-10 19:27:00+00:00,437.68
2026-04-10 19:28:00+00:00,437.51
2026-04-10 19:30:00+00:00,437.37
2026-04-10 19:32:00+00:00,437.51
2026-04-10 19:35:00+00:00,437.57
2026-04-10 19:36:00+00:00,437.66
2026-04-10 19:37:00+00:00,437.55
2026-04-10 19:40:00+00:00,437.41
2026-04-10 19:41:00+00:00,437.43
2026-04-10 19:42:00+00:00,437.39
2026-04-10 19:43:00+00:00,437.48
2026-04-10 19:44:00+00:00,437.57
2026-04-10 19:45:00+00:00,437.375
2026-04-10 19:46:00+00:00,437.39
2026-04-10 19:47:00+00:00,437.3
2026-04-10 19:48:00+00:00,437.175
2026-04-10 19:49:00+00:00,437.09
2026-04-10 19:50:00+00:00,437.2
2026-04-10 19:51:00+00:00,437.095
2026-04-10 19:52:00+00:00,437.15
2026-04-10 19:53:00+00:00,437.085
2026-04-10 19:54:00+00:00,437.085
2026-04-10 19:55:00+00:00,437.05
2026-04-10 19:56:00+00:00,437.08
2026-04-10 19:57:00+00:00,437.175
2026-04-10 19:58:00+00:00,437.13
2026-04-10 19:59:00+00:00,437.07
2026-04-13 12:02:00+00:00,432.6
2026-04-13 12:23:00+00:00,432.39
2026-04-13 12:24:00+00:00,432.26
2026-04-13 12:50:00+00:00,433.64
2026-04-13 13:01:00+00:00,434.33
2026-04-13 13:30:00+00:00,434.81
2026-04-13 13:31:00+00:00,434.695
2026-04-13 13:32:00+00:00,434.64
2026-04-13 13:33:00+00:00,434.775
2026-04-13 13:34:00+00:00,434.81
2026-04-13 13:35:00+00:00,434.66
2026-04-13 13:36:00+00:00,434.39
2026-04-13 13:37:00+00:00,434.355
2026-04-13 13:38:00+00:00,434.28
2026-04-13 13:39:00+00:00,434.135
2026-04-13 13:40:00+00:00,434.0
2026-04-13 13:41:00+00:00,434.11
2026-04-13 13:43:00+00:00,434.37
2026-04-13 13:44:00+00:00,434.145
2026-04-13 13:45:00+00:00,434.15
2026-04-13 13:46:00+00:00,434.13
2026-04-13 13:47:00+00:00,433.82
2026-04-13 13:48:00+00:00,434.0
2026-04-13 13:49:00+00:00,435.26
2026-04-13 13:50:00+00:00,434.97
2026-04-13 13:51:00+00:00,434.67
2026-04-13 13:52:00+00:00,434.59
2026-04-13 13:53:00+00:00,433.905
2026-04-13 13:54:00+00:00,434.16
2026-04-13 13:55:00+00:00,433.98
2026-04-13 13:56:00+00:00,433.94
2026-04-13 13:57:00+00:00,434.02
2026-04-13 13:59:00+00:00,434.25
2026-04-13 14:00:00+00:00,434.32
2026-04-13 14:01:00+00:00,434.31
2026-04-13 14:02:00+00:00,433.83
2026-04-13 14:03:00+00:00,433.69
2026-04-13 14:04:00+00:00,433.895
2026-04-13 14:05:00+00:00,433.81
2026-04-13 14:06:00+00:00,433.77
2026-04-13 14:07:00+00:00,433.92
2026-04-13 14:08:00+00:00,433.78
2026-04-13 14:09:00+00:00,433.835
2026-04-13 14:10:00+00:00,434.19
2026-04-13 14:11:00+00:00,434.19
2026-04-13 14:13:00+00:00,434.01
2026-04-13 14:14:00+00:00,434.17
2026-04-13 14:15:00+00:00,433.78
2026-04-13 14:17:00+00:00,433.56
2026-04-13 14:18:00+00:00,433.41
2026-04-13 14:19:00+00:00,433.515
2026-04-13 14:20:00+00:00,433.465
2026-04-13 14:21:00+00:00,433.44
2026-04-13 14:22:00+00:00,433.47
2026-04-13 14:23:00+00:00,433.07
2026-04-13 14:24:00+00:00,433.17
2026-04-13 14:25:00+00:00,432.9
2026-04-13 14:26:00+00:00,433.06
2026-04-13 14:27:00+00:00,433.005
2026-04-13 14:28:00+00:00,433.23
2026-04-13 14:30:00+00:00,432.605
2026-04-13 14:31:00+00:00,432.59
2026-04-13 14:34:00+00:00,433.455
2026-04-13 14:37:00+00:00,433.195
2026-04-13 14:38:00+00:00,433.44
2026-04-13 14:39:00+00:00,433.355
2026-04-13 14:42:00+00:00,433.43
2026-04-13 14:43:00+00:00,433.26
2026-04-13 14:44:00+00:00,433.32
2026-04-13 14:46:00+00:00,433.67
2026-04-13 14:47:00+00:00,433.51
2026-04-13 14:48:00+00:00,433.16
2026-04-13 14:50:00+00:00,432.77
2026-04-13 14:51:00+00:00,432.65
2026-04-13 14:52:00+00:00,432.89
2026-04-13 14:53:00+00:00,432.805
2026-04-13 14:54:00+00:00,432.89
2026-04-13 14:55:00+00:00,432.82
2026-04-13 14:56:00+00:00,433.14
2026-04-13 14:58:00+00:00,433.3
2026-04-13 15:00:00+00:00,432.77
2026-04-13 15:02:00+00:00,432.65
2026-04-13 15:03:00+00:00,432.41
2026-04-13 15:04:00+00:00,432.29
2026-04-13 15:05:00+00:00,431.69
2026-04-13 15:07:00+00:00,432.37
2026-04-13 15:08:00+00:00,431.75
2026-04-13 15:09:00+00:00,431.91
2026-04-13 15:10:00+00:00,432.09
2026-04-13 15:11:00+00:00,432.35
2026-04-13 15:12:00+00:00,432.41
2026-04-13 15:14:00+00:00,432.355
2026-04-13 15:16:00+00:00,432.36
2026-04-13 15:17:00+00:00,432.38
2026-04-13 15:18:00+00:00,432.485
2026-04-13 15:19:00+00:00,432.53
2026-04-13 15:25:00+00:00,432.03
2026-04-13 15:26:00+00:00,432.05
2026-04-13 15:28:00+00:00,432.17
2026-04-13 15:30:00+00:00,431.91
2026-04-13 15:32:00+00:00,432.18
2026-04-13 15:34:00+00:00,432.46
2026-04-13 15:36:00+00:00,432.605
2026-04-13 15:37:00+00:00,432.94
2026-04-13 15:39:00+00:00,433.19
2026-04-13 15:40:00+00:00,433.03
2026-04-13 15:43:00+00:00,432.74
2026-04-13 15:45:00+00:00,432.64
2026-04-13 15:49:00+00:00,432.84
2026-04-13 15:52:00+00:00,432.95
2026-04-13 15:58:00+00:00,432.86
2026-04-13 16:01:00+00:00,432.77
2026-04-13 16:02:00+00:00,432.755
2026-04-13 16:03:00+00:00,432.66
2026-04-13 16:04:00+00:00,432.8
2026-04-13 16:06:00+00:00,433.05
2026-04-13 16:07:00+00:00,432.93
2026-04-13 16:08:00+00:00,432.97
2026-04-13 16:10:00+00:00,433.25
2026-04-13 16:12:00+00:00,433.35
2026-04-13 16:15:00+00:00,433.45
2026-04-13 16:17:00+00:00,433.85
2026-04-13 16:18:00+00:00,434.26
2026-04-13 16:19:00+00:00,433.94
2026-04-13 16:20:00+00:00,434.24
2026-04-13 16:24:00+00:00,433.97
2026-04-13 16:25:00+00:00,434.22
2026-04-13 16:26:00+00:00,434.29
2026-04-13 16:27:00+00:00,434.39
2026-04-13 16:28:00+00:00,434.54
2026-04-13 16:29:00+00:00,434.78
2026-04-13 16:30:00+00:00,434.43
2026-04-13 16:31:00+00:00,434.32
2026-04-13 16:32:00+00:00,434.39
2026-04-13 16:33:00+00:00,434.905
2026-04-13 16:35:00+00:00,434.81
2026-04-13 16:37:00+00:00,434.81
2026-04-13 16:40:00+00:00,435.04
2026-04-13 16:41:00+00:00,435.04
2026-04-13 16:42:00+00:00,434.62
2026-04-13 16:43:00+00:00,435.01
2026-04-13 16:44:00+00:00,435.24
2026-04-13 16:45:00+00:00,435.47
2026-04-13 16:46:00+00:00,435.43
2026-04-13 16:47:00+00:00,435.44
2026-04-13 16:48:00+00:00,435.22
2026-04-13 16:49:00+00:00,435.07
2026-04-13 16:50:00+00:00,435.35
2026-04-13 16:51:00+00:00,435.28
2026-04-13 16:52:00+00:00,435.2
2026-04-13 16:53:00+00:00,435.03
2026-04-13 16:54:00+00:00,435.12
2026-04-13 16:55:00+00:00,435.01
2026-04-13 16:56:00+00:00,434.855
2026-04-13 16:57:00+00:00,434.84
2026-04-13 16:59:00+00:00,434.66
2026-04-13 17:00:00+00:00,434.835
2026-04-13 17:01:00+00:00,434.75
2026-04-13 17:02:00+00:00,435.0
2026-04-13 17:03:00+00:00,435.105
2026-04-13 17:04:00+00:00,435.155
2026-04-13 17:05:00+00:00,435.14
2026-04-13 17:07:00+00:00,434.3
2026-04-13 17:08:00+00:00,434.29
2026-04-13 17:09:00+00:00,434.26
2026-04-13 17:12:00+00:00,434.5
2026-04-13 17:13:00+00:00,434.54
2026-04-13 17:14:00+00:00,434.45
2026-04-13 17:15:00+00:00,434.47
2026-04-13 17:16:00+00:00,434.475
2026-04-13 17:17:00+00:00,434.9
2026-04-13 17:18:00+00:00,435.29
2026-04-13 17:19:00+00:00,435.75
2026-04-13 17:20:00+00:00,435.56
2026-04-13 17:22:00+00:00,435.99
2026-04-13 17:23:00+00:00,435.77
2026-04-13 17:24:00+00:00,435.715
2026-04-13 17:26:00+00:00,435.94
2026-04-13 17:27:00+00:00,436.095
2026-04-13 17:28:00+00:00,436.08
2026-04-13 17:29:00+00:00,435.63
2026-04-13 17:30:00+00:00,435.87
2026-04-13 17:31:00+00:00,435.95
2026-04-13 17:32:00+00:00,435.92
2026-04-13 17:33:00+00:00,435.87
2026-04-13 17:34:00+00:00,435.8
2026-04-13 17:35:00+00:00,435.65
2026-04-13 17:38:00+00:00,435.84
2026-04-13 17:40:00+00:00,435.84
2026-04-13 17:41:00+00:00,435.62
2026-04-13 17:42:00+00:00,435.59
2026-04-13 17:44:00+00:00,435.78
2026-04-13 17:47:00+00:00,435.06
2026-04-13 17:48:00+00:00,435.27
2026-04-13 17:49:00+00:00,435.15
2026-04-13 17:50:00+00:00,434.91
2026-04-13 17:51:00+00:00,435.17
2026-04-13 17:53:00+00:00,434.44
2026-04-13 17:54:00+00:00,434.23
2026-04-13 17:56:00+00:00,434.46
2026-04-13 17:59:00+00:00,434.43
2026-04-13 18:01:00+00:00,434.37
2026-04-13 18:02:00+00:00,434.51
2026-04-13 18:04:00+00:00,434.57
2026-04-13 18:06:00+00:00,434.46
2026-04-13 18:07:00+00:00,434.46
2026-04-13 18:10:00+00:00,434.4
2026-04-13 18:13:00+00:00,434.5
2026-04-13 18:14:00+00:00,434.51
2026-04-13 18:17:00+00:00,434.0
2026-04-13 18:19:00+00:00,434.12
2026-04-13 18:21:00+00:00,434.25
2026-04-13 18:23:00+00:00,434.28
2026-04-13 18:24:00+00:00,434.33
2026-04-13 18:25:00+00:00,434.145
2026-04-13 18:26:00+00:00,434.04
2026-04-13 18:27:00+00:00,433.9
2026-04-13 18:28:00+00:00,434.15
2026-04-13 18:29:00+00:00,434.17
2026-04-13 18:30:00+00:00,434.27
2026-04-13 18:31:00+00:00,434.375
2026-04-13 18:32:00+00:00,434.56
2026-04-13 18:33:00+00:00,434.48
2026-04-13 18:35:00+00:00,434.58
2026-04-13 18:36:00+00:00,434.725
2026-04-13 18:37:00+00:00,434.665
2026-04-13 18:40:00+00:00,434.55
2026-04-13 18:41:00+00:00,434.57
2026-04-13 18:42:00+00:00,434.505
2026-04-13 18:45:00+00:00,434.99
2026-04-13 18:47:00+00:00,434.805
2026-04-13 18:48:00+00:00,434.9
2026-04-13 18:50:00+00:00,434.875
2026-04-13 18:52:00+00:00,435.305
2026-04-13 18:55:00+00:00,435.32
2026-04-13 18:56:00+00:00,435.235
2026-04-13 18:57:00+00:00,435.13
2026-04-13 18:58:00+00:00,435.22
2026-04-13 18:59:00+00:00,435.2
2026-04-13 19:00:00+00:00,435.14
2026-04-13 19:01:00+00:00,435.23
2026-04-13 19:02:00+00:00,434.97
2026-04-13 19:04:00+00:00,434.93
2026-04-13 19:05:00+00:00,434.9
2026-04-13 19:06:00+00:00,434.79
2026-04-13 19:07:00+00:00,434.455
2026-04-13 19:08:00+00:00,434.565
2026-04-13 19:09:00+00:00,434.74
2026-04-13 19:10:00+00:00,434.75
2026-04-13 19:11:00+00:00,434.75
2026-04-13 19:12:00+00:00,434.73
2026-04-13 19:13:00+00:00,434.73
2026-04-13 19:15:00+00:00,434.88
2026-04-13 19:17:00+00:00,435.05
2026-04-13 19:18:00+00:00,435.12
2026-04-13 19:19:00+00:00,435.05
2026-04-13 19:20:00+00:00,435.12
2026-04-13 19:22:00+00:00,435.34
2026-04-13 19:25:00+00:00,435.54
2026-04-13 19:26:00+00:00,435.62
2026-04-13 19:29:00+00:00,435.58
2026-04-13 19:30:00+00:00,435.66
2026-04-13 19:31:00+00:00,435.65
2026-04-13 19:32:00+00:00,435.96
2026-04-13 19:33:00+00:00,435.71
2026-04-13 19:34:00+00:00,435.63
2026-04-13 19:35:00+00:00,435.66
2026-04-13 19:36:00+00:00,435.8
2026-04-13 19:37:00+00:00,435.75
2026-04-13 19:38:00+00:00,435.58
2026-04-13 19:40:00+00:00,435.44
2026-04-13 19:41:00+00:00,435.26
2026-04-13 19:42:00+00:00,435.41
2026-04-13 19:43:00+00:00,435.37
2026-04-13 19:45:00+00:00,435.33
2026-04-13 19:46:00+00:00,435.41
2026-04-13 19:47:00+00:00,435.33
2026-04-13 19:48:00+00:00,435.35
2026-04-13 19:49:00+00:00,435.39
2026-04-13 19:50:00+00:00,435.715
2026-04-13 19:51:00+00:00,435.55
2026-04-13 19:52:00+00:00,435.67
2026-04-13 19:53:00+00:00,435.64
2026-04-13 19:54:00+00:00,435.68
2026-04-13 19:55:00+00:00,435.67
2026-04-13 19:57:00+00:00,435.29
2026-04-13 19:58:00+00:00,435.45
2026-04-13 19:59:00+00:00,435.36
2026-04-14 12:26:00+00:00,437.76
2026-04-14 12:34:00+00:00,438.41
2026-04-14 12:37:00+00:00,438.19
2026-04-14 13:15:00+00:00,439.19
2026-04-14 13:16:00+00:00,439.44
2026-04-14 13:30:00+00:00,439.285
2026-04-14 13:31:00+00:00,439.44
2026-04-14 13:32:00+00:00,439.465
2026-04-14 13:33:00+00:00,439.865
2026-04-14 13:34:00+00:00,440.28
2026-04-14 13:35:00+00:00,440.48
2026-04-14 13:36:00+00:00,440.42
2026-04-14 13:37:00+00:00,440.56
2026-04-14 13:38:00+00:00,441.045
2026-04-14 13:39:00+00:00,439.9
2026-04-14 13:40:00+00:00,440.015
2026-04-14 13:41:00+00:00,439.74
2026-04-14 13:42:00+00:00,439.84
2026-04-14 13:43:00+00:00,440.045
2026-04-14 13:44:00+00:00,440.08
2026-04-14 13:45:00+00:00,440.015
2026-04-14 13:46:00+00:00,440.235
2026-04-14 13:47:00+00:00,440.26
2026-04-14 13:48:00+00:00,440.22
2026-04-14 13:49:00+00:00,440.29
2026-04-14 13:50:00+00:00,440.16
2026-04-14 13:51:00+00:00,440.31
2026-04-14 13:52:00+00:00,440.33
2026-04-14 13:53:00+00:00,440.05
2026-04-14 13:54:00+00:00,440.21
2026-04-14 13:55:00+00:00,440.08
2026-04-14 13:56:00+00:00,440.005
2026-04-14 13:57:00+00:00,440.03
2026-04-14 13:58:00+00:00,440.47
2026-04-14 13:59:00+00:00,440.37
2026-04-14 14:00:00+00:00,440.91
2026-04-14 14:01:00+00:00,440.91
2026-04-14 14:02:00+00:00,441.02
2026-04-14 14:03:00+00:00,440.79
2026-04-14 14:04:00+00:00,440.46
2026-04-14 14:05:00+00:00,440.29
2026-04-14 14:06:00+00:00,440.26
2026-04-14 14:07:00+00:00,440.46
2026-04-14 14:08:00+00:00,440.63
2026-04-14 14:09:00+00:00,441.095
2026-04-14 14:10:00+00:00,441.09
2026-04-14 14:11:00+00:00,440.6
2026-04-14 14:12:00+00:00,440.42
2026-04-14 14:13:00+00:00,440.65
2026-04-14 14:14:00+00:00,440.4
2026-04-14 14:15:00+00:00,440.56
2026-04-14 14:16:00+00:00,440.665
2026-04-14 14:17:00+00:00,441.04
2026-04-14 14:18:00+00:00,440.85
2026-04-14 14:19:00+00:00,441.335
2026-04-14 14:20:00+00:00,441.14
2026-04-14 14:21:00+00:00,441.065
2026-04-14 14:22:00+00:00,441.105
2026-04-14 14:23:00+00:00,440.99
2026-04-14 14:24:00+00:00,440.96
2026-04-14 14:25:00+00:00,441.25
2026-04-14 14:26:00+00:00,441.32
2026-04-14 14:27:00+00:00,441.57
2026-04-14 14:28:00+00:00,441.83
2026-04-14 14:29:00+00:00,441.77
2026-04-14 14:30:00+00:00,441.7
2026-04-14 14:31:00+00:00,441.84
2026-04-14 14:32:00+00:00,442.05
2026-04-14 14:33:00+00:00,442.25
2026-04-14 14:34:00+00:00,442.12
2026-04-14 14:35:00+00:00,442.15
2026-04-14 14:36:00+00:00,442.02
2026-04-14 14:37:00+00:00,441.84
2026-04-14 14:38:00+00:00,441.58
2026-04-14 14:39:00+00:00,441.14
2026-04-14 14:40:00+00:00,441.085
2026-04-14 14:41:00+00:00,441.12
2026-04-14 14:42:00+00:00,441.23
2026-04-14 14:43:00+00:00,441.105
2026-04-14 14:44:00+00:00,440.81
2026-04-14 14:45:00+00:00,440.55
2026-04-14 14:46:00+00:00,440.845
2026-04-14 14:47:00+00:00,440.615
2026-04-14 14:48:00+00:00,440.78
2026-04-14 14:49:00+00:00,440.865
2026-04-14 14:50:00+00:00,440.615
2026-04-14 14:51:00+00:00,440.63
2026-04-14 14:52:00+00:00,440.855
2026-04-14 14:53:00+00:00,440.855
2026-04-14 14:54:00+00:00,440.92
2026-04-14 14:55:00+00:00,441.34
2026-04-14 14:56:00+00:00,441.38
2026-04-14 14:57:00+00:00,441.185
2026-04-14 14:58:00+00:00,441.12
2026-04-14 14:59:00+00:00,441.23
2026-04-14 15:00:00+00:00,440.89
2026-04-14 15:01:00+00:00,441.13
2026-04-14 15:02:00+00:00,440.78
2026-04-14 15:03:00+00:00,440.86
2026-04-14 15:04:00+00:00,440.57
2026-04-14 15:05:00+00:00,440.37
2026-04-14 15:06:00+00:00,440.12
2026-04-14 15:07:00+00:00,440.56
2026-04-14 15:08:00+00:00,440.34
2026-04-14 15:09:00+00:00,440.23
2026-04-14 15:10:00+00:00,440.16
2026-04-14 15:11:00+00:00,440.35
2026-04-14 15:12:00+00:00,440.44
2026-04-14 15:13:00+00:00,440.53
2026-04-14 15:14:00+00:00,440.45
2026-04-14 15:15:00+00:00,440.33
2026-04-14 15:16:00+00:00,440.54
2026-04-14 15:17:00+00:00,440.61
2026-04-14 15:19:00+00:00,440.93
2026-04-14 15:20:00+00:00,441.03
2026-04-14 15:21:00+00:00,441.26
2026-04-14 15:22:00+00:00,441.11
2026-04-14 15:23:00+00:00,441.35
2026-04-14 15:24:00+00:00,441.25
2026-04-14 15:25:00+00:00,441.02
2026-04-14 15:26:00+00:00,441.19
2026-04-14 15:27:00+00:00,441.1
2026-04-14 15:28:00+00:00,441.1
2026-04-14 15:29:00+00:00,441.145
2026-04-14 15:30:00+00:00,441.58
2026-04-14 15:31:00+00:00,441.64
2026-04-14 15:32:00+00:00,441.47
2026-04-14 15:33:00+00:00,441.48
2026-04-14 15:35:00+00:00,441.77
2026-04-14 15:36:00+00:00,441.83
2026-04-14 15:37:00+00:00,441.89
2026-04-14 15:38:00+00:00,441.69
2026-04-14 15:39:00+00:00,441.94
2026-04-14 15:40:00+00:00,441.935
2026-04-14 15:41:00+00:00,441.54
2026-04-14 15:42:00+00:00,441.71
2026-04-14 15:43:00+00:00,441.8
2026-04-14 15:44:00+00:00,441.69
2026-04-14 15:46:00+00:00,441.8
2026-04-14 15:48:00+00:00,441.71
2026-04-14 15:50:00+00:00,441.77
2026-04-14 15:51:00+00:00,442.25
2026-04-14 15:52:00+00:00,442.3
2026-04-14 15:53:00+00:00,442.035
2026-04-14 15:54:00+00:00,441.98
2026-04-14 15:55:00+00:00,441.765
2026-04-14 15:56:00+00:00,441.715
2026-04-14 15:57:00+00:00,441.83
2026-04-14 15:58:00+00:00,441.665
2026-04-14 15:59:00+00:00,441.61
2026-04-14 16:00:00+00:00,441.54
2026-04-14 16:01:00+00:00,441.53
2026-04-14 16:02:00+00:00,441.65
2026-04-14 16:03:00+00:00,441.76
2026-04-14 16:04:00+00:00,441.99
2026-04-14 16:05:00+00:00,442.055
2026-04-14 16:07:00+00:00,442.12
2026-04-14 16:08:00+00:00,441.72
2026-04-14 16:09:00+00:00,441.86
2026-04-14 16:10:00+00:00,441.85
2026-04-14 16:11:00+00:00,441.72
2026-04-14 16:12:00+00:00,441.69
2026-04-14 16:13:00+00:00,441.67
2026-04-14 16:14:00+00:00,441.785
2026-04-14 16:15:00+00:00,441.56
2026-04-14 16:16:00+00:00,441.72
2026-04-14 16:17:00+00:00,441.62
2026-04-14 16:18:00+00:00,442.01
2026-04-14 16:19:00+00:00,442.39
2026-04-14 16:20:00+00:00,442.44
2026-04-14 16:21:00+00:00,442.25
2026-04-14 16:22:00+00:00,442.1
2026-04-14 16:23:00+00:00,442.39
2026-04-14 16:25:00+00:00,442.345
2026-04-14 16:26:00+00:00,442.44
2026-04-14 16:27:00+00:00,442.53
2026-04-14 16:28:00+00:00,442.57
2026-04-14 16:29:00+00:00,442.395
2026-04-14 16:30:00+00:00,442.63
2026-04-14 16:31:00+00:00,442.53
2026-04-14 16:32:00+00:00,442.24
2026-04-14 16:34:00+00:00,442.37
2026-04-14 16:35:00+00:00,442.35
2026-04-14 16:36:00+00:00,442.2
2026-04-14 16:37:00+00:00,442.32
2026-04-14 16:38:00+00:00,442.27
2026-04-14 16:39:00+00:00,442.29
2026-04-14 16:40:00+00:00,442.39
2026-04-14 16:41:00+00:00,442.27
2026-04-14 16:43:00+00:00,442.29
2026-04-14 16:44:00+00:00,442.25
2026-04-14 16:45:00+00:00,442.185
2026-04-14 16:46:00+00:00,441.95
2026-04-14 16:47:00+00:00,441.945
2026-04-14 16:48:00+00:00,442.07
2026-04-14 16:49:00+00:00,442.205
2026-04-14 16:50:00+00:00,442.535
2026-04-14 16:51:00+00:00,442.29
2026-04-14 16:52:00+00:00,442.32
2026-04-14 16:53:00+00:00,442.21
2026-04-14 16:54:00+00:00,442.12
2026-04-14 16:56:00+00:00,442.0
2026-04-14 16:57:00+00:00,441.95
2026-04-14 16:59:00+00:00,441.77
2026-04-14 17:00:00+00:00,442.11
2026-04-14 17:01:00+00:00,442.08
2026-04-14 17:03:00+00:00,442.24
2026-04-14 17:05:00+00:00,442.74
2026-04-14 17:06:00+00:00,443.31
2026-04-14 17:07:00+00:00,443.63
2026-04-14 17:08:00+00:00,443.42
2026-04-14 17:09:00+00:00,443.63
2026-04-14 17:10:00+00:00,443.915
2026-04-14 17:11:00+00:00,443.71
2026-04-14 17:12:00+00:00,443.545
2026-04-14 17:13:00+00:00,443.48
2026-04-14 17:14:00+00:00,443.46
2026-04-14 17:15:00+00:00,443.32
2026-04-14 17:16:00+00:00,443.39
2026-04-14 17:18:00+00:00,443.27
2026-04-14 17:20:00+00:00,443.37
2026-04-14 17:21:00+00:00,443.53
2026-04-14 17:22:00+00:00,443.56
2026-04-14 17:23:00+00:00,443.6
2026-04-14 17:24:00+00:00,443.685
2026-04-14 17:25:00+00:00,443.75
2026-04-14 17:26:00+00:00,443.55
2026-04-14 17:27:00+00:00,443.48
2026-04-14 17:28:00+00:00,443.43
2026-04-14 17:29:00+00:00,443.2
2026-04-14 17:32:00+00:00,443.81
2026-04-14 17:33:00+00:00,443.88
2026-04-14 17:34:00+00:00,443.96
2026-04-14 17:36:00+00:00,443.87
2026-04-14 17:38:00+00:00,444.23
2026-04-14 17:39:00+00:00,444.405
2026-04-14 17:40:00+00:00,444.4
2026-04-14 17:41:00+00:00,444.43
2026-04-14 17:42:00+00:00,444.35
2026-04-14 17:45:00+00:00,444.31
2026-04-14 17:46:00+00:00,444.24
2026-04-14 17:47:00+00:00,444.29
2026-04-14 17:48:00+00:00,444.21
2026-04-14 17:49:00+00:00,444.4
2026-04-14 17:50:00+00:00,444.345
2026-04-14 17:51:00+00:00,444.53
2026-04-14 17:52:00+00:00,444.375
2026-04-14 17:54:00+00:00,444.23
2026-04-14 17:55:00+00:00,444.33
2026-04-14 17:56:00+00:00,444.08
2026-04-14 17:57:00+00:00,444.155
2026-04-14 17:58:00+00:00,444.32
2026-04-14 17:59:00+00:00,444.205
2026-04-14 18:00:00+00:00,444.11
2026-04-14 18:01:00+00:00,444.18
2026-04-14 18:02:00+00:00,444.26
2026-04-14 18:03:00+00:00,444.25
2026-04-14 18:04:00+00:00,444.175
2026-04-14 18:06:00+00:00,444.24
2026-04-14 18:07:00+00:00,444.49
2026-04-14 18:08:00+00:00,444.645
2026-04-14 18:09:00+00:00,444.75
2026-04-14 18:10:00+00:00,444.245
2026-04-14 18:11:00+00:00,444.2
2026-04-14 18:14:00+00:00,444.43
2026-04-14 18:16:00+00:00,444.48
2026-04-14 18:18:00+00:00,444.54
2026-04-14 18:19:00+00:00,444.31
2026-04-14 18:20:00+00:00,444.02
2026-04-14 18:21:00+00:00,444.01
2026-04-14 18:23:00+00:00,444.15
2026-04-14 18:24:00+00:00,444.1
2026-04-14 18:25:00+00:00,444.11
2026-04-14 18:26:00+00:00,444.445
2026-04-14 18:27:00+00:00,444.45
2026-04-14 18:28:00+00:00,444.41
2026-04-14 18:29:00+00:00,444.36
2026-04-14 18:30:00+00:00,444.265
2026-04-14 18:31:00+00:00,444.355
2026-04-14 18:32:00+00:00,444.4
2026-04-14 18:33:00+00:00,444.365
2026-04-14 18:34:00+00:00,444.28
2026-04-14 18:35:00+00:00,444.325
2026-04-14 18:36:00+00:00,444.445
2026-04-14 18:38:00+00:00,444.46
2026-04-14 18:39:00+00:00,444.36
2026-04-14 18:41:00+00:00,444.3
2026-04-14 18:43:00+00:00,444.07
2026-04-14 18:44:00+00:00,444.07
2026-04-14 18:46:00+00:00,444.115
2026-04-14 18:47:00+00:00,444.14
2026-04-14 18:48:00+00:00,443.93
2026-04-14 18:49:00+00:00,443.93
2026-04-14 18:50:00+00:00,443.76
2026-04-14 18:51:00+00:00,443.745
2026-04-14 18:53:00+00:00,443.93
2026-04-14 18:54:00+00:00,444.08
2026-04-14 18:55:00+00:00,444.11
2026-04-14 18:56:00+00:00,444.14
2026-04-14 18:57:00+00:00,444.15
2026-04-14 18:58:00+00:00,444.17
2026-04-14 18:59:00+00:00,444.21
2026-04-14 19:00:00+00:00,444.445
2026-04-14 19:01:00+00:00,444.44
2026-04-14 19:02:00+00:00,444.51
2026-04-14 19:03:00+00:00,444.47
2026-04-14 19:05:00+00:00,444.66
2026-04-14 19:06:00+00:00,444.64
2026-04-14 19:08:00+00:00,444.65
2026-04-14 19:10:00+00:00,444.75
2026-04-14 19:11:00+00:00,444.67
2026-04-14 19:12:00+00:00,444.68
2026-04-14 19:13:00+00:00,444.63
2026-04-14 19:14:00+00:00,444.73
2026-04-14 19:15:00+00:00,444.71
2026-04-14 19:16:00+00:00,444.69
2026-04-14 19:17:00+00:00,444.525
2026-04-14 19:19:00+00:00,444.5
2026-04-14 19:20:00+00:00,444.64
2026-04-14 19:21:00+00:00,444.62
2026-04-14 19:23:00+00:00,444.65
2026-04-14 19:24:00+00:00,444.57
2026-04-14 19:25:00+00:00,444.525
2026-04-14 19:26:00+00:00,444.44
2026-04-14 19:27:00+00:00,444.52
2026-04-14 19:28:00+00:00,444.61
2026-04-14 19:29:00+00:00,444.65
2026-04-14 19:30:00+00:00,444.55
2026-04-14 19:31:00+00:00,444.8
2026-04-14 19:32:00+00:00,444.63
2026-04-14 19:33:00+00:00,444.63
2026-04-14 19:34:00+00:00,444.61
2026-04-14 19:35:00+00:00,444.55
2026-04-14 19:36:00+00:00,444.53
2026-04-14 19:37:00+00:00,444.685
2026-04-14 19:38:00+00:00,444.59
2026-04-14 19:39:00+00:00,444.77
2026-04-14 19:40:00+00:00,444.715
2026-04-14 19:41:00+00:00,444.7
2026-04-14 19:42:00+00:00,444.62
2026-04-14 19:43:00+00:00,444.675
2026-04-14 19:44:00+00:00,444.66
2026-04-14 19:45:00+00:00,444.82
2026-04-14 19:46:00+00:00,444.665
2026-04-14 19:47:00+00:00,444.65
2026-04-14 19:48:00+00:00,444.75
2026-04-14 19:49:00+00:00,444.8
2026-04-14 19:50:00+00:00,444.83
2026-04-14 19:51:00+00:00,444.81
2026-04-14 19:52:00+00:00,444.83
2026-04-14 19:53:00+00:00,444.725
2026-04-14 19:54:00+00:00,444.695
2026-04-14 19:55:00+00:00,444.84
2026-04-14 19:56:00+00:00,445.05
2026-04-14 19:57:00+00:00,445.005
2026-04-14 19:58:00+00:00,445.09
2026-04-14 19:59:00+00:00,445.07
2026-04-15 13:08:00+00:00,442.14
2026-04-15 13:30:00+00:00,442.71
2026-04-15 13:31:00+00:00,442.72
2026-04-15 13:32:00+00:00,442.61
2026-04-15 13:33:00+00:00,442.76
2026-04-15 13:34:00+00:00,442.64
2026-04-15 13:35:00+00:00,442.31
2026-04-15 13:36:00+00:00,442.64
2026-04-15 13:37:00+00:00,442.67
2026-04-15 13:38:00+00:00,443.1
2026-04-15 13:39:00+00:00,443.03
2026-04-15 13:40:00+00:00,443.0
2026-04-15 13:41:00+00:00,443.06
2026-04-15 13:42:00+00:00,442.94
2026-04-15 13:43:00+00:00,442.63
2026-04-15 13:44:00+00:00,442.73
2026-04-15 13:45:00+00:00,442.78
2026-04-15 13:46:00+00:00,443.075
2026-04-15 13:47:00+00:00,443.015
2026-04-15 13:48:00+00:00,443.09
2026-04-15 13:49:00+00:00,443.17
2026-04-15 13:50:00+00:00,443.29
2026-04-15 13:51:00+00:00,443.225
2026-04-15 13:52:00+00:00,442.98
2026-04-15 13:53:00+00:00,443.155
2026-04-15 13:54:00+00:00,443.18
2026-04-15 13:55:00+00:00,443.27
2026-04-15 13:56:00+00:00,443.14
2026-04-15 13:57:00+00:00,443.64
2026-04-15 13:58:00+00:00,443.56
2026-04-15 13:59:00+00:00,443.54
2026-04-15 14:00:00+00:00,443.36
2026-04-15 14:01:00+00:00,443.415
2026-04-15 14:02:00+00:00,442.78
2026-04-15 14:03:00+00:00,442.98
2026-04-15 14:04:00+00:00,443.18
2026-04-15 14:05:00+00:00,443.3
2026-04-15 14:06:00+00:00,443.36
2026-04-15 14:08:00+00:00,443.175
2026-04-15 14:10:00+00:00,443.31
2026-04-15 14:11:00+00:00,443.43
2026-04-15 14:12:00+00:00,443.24
2026-04-15 14:13:00+00:00,443.24
2026-04-15 14:14:00+00:00,443.33
2026-04-15 14:15:00+00:00,443.11
2026-04-15 14:16:00+00:00,443.525
2026-04-15 14:17:00+00:00,443.465
2026-04-15 14:18:00+00:00,443.28
2026-04-15 14:20:00+00:00,443.19
2026-04-15 14:21:00+00:00,443.065
2026-04-15 14:22:00+00:00,443.17
2026-04-15 14:23:00+00:00,443.04
2026-04-15 14:24:00+00:00,443.31
2026-04-15 14:25:00+00:00,443.22
2026-04-15 14:26:00+00:00,443.3
2026-04-15 14:27:00+00:00,443.27
2026-04-15 14:28:00+00:00,443.1
2026-04-15 14:29:00+00:00,443.175
2026-04-15 14:30:00+00:00,442.85
2026-04-15 14:31:00+00:00,442.8
2026-04-15 14:36:00+00:00,442.6
2026-04-15 14:37:00+00:00,442.875
2026-04-15 14:38:00+00:00,442.78
2026-04-15 14:40:00+00:00,442.68
2026-04-15 14:41:00+00:00,442.775
2026-04-15 14:42:00+00:00,442.53
2026-04-15 14:43:00+00:00,442.79
2026-04-15 14:44:00+00:00,442.58
2026-04-15 14:45:00+00:00,442.475
2026-04-15 14:46:00+00:00,442.58
2026-04-15 14:47:00+00:00,442.515
2026-04-15 14:48:00+00:00,442.33
2026-04-15 14:49:00+00:00,442.37
2026-04-15 14:50:00+00:00,442.38
2026-04-15 14:51:00+00:00,442.58
2026-04-15 14:52:00+00:00,442.27
2026-04-15 14:53:00+00:00,442.35
2026-04-15 14:54:00+00:00,442.25
2026-04-15 14:55:00+00:00,442.38
2026-04-15 14:56:00+00:00,442.35
2026-04-15 14:57:00+00:00,442.52
2026-04-15 14:58:00+00:00,442.37
2026-04-15 15:00:00+00:00,442.25
2026-04-15 15:01:00+00:00,442.2
2026-04-15 15:02:00+00:00,442.285
2026-04-15 15:03:00+00:00,442.03
2026-04-15 15:04:00+00:00,441.735
2026-04-15 15:05:00+00:00,441.61
2026-04-15 15:06:00+00:00,441.34
2026-04-15 15:07:00+00:00,440.89
2026-04-15 15:08:00+00:00,440.9
2026-04-15 15:09:00+00:00,441.56
2026-04-15 15:10:00+00:00,441.57
2026-04-15 15:11:00+00:00,441.33
2026-04-15 15:12:00+00:00,441.91
2026-04-15 15:13:00+00:00,441.62
2026-04-15 15:14:00+00:00,441.83
2026-04-15 15:15:00+00:00,441.81
2026-04-15 15:16:00+00:00,441.58
2026-04-15 15:17:00+00:00,441.31
2026-04-15 15:18:00+00:00,441.62
2026-04-15 15:19:00+00:00,441.71
2026-04-15 15:20:00+00:00,441.455
2026-04-15 15:21:00+00:00,441.53
2026-04-15 15:23:00+00:00,441.15
2026-04-15 15:24:00+00:00,441.16
2026-04-15 15:25:00+00:00,441.2
2026-04-15 15:26:00+00:00,441.06
2026-04-15 15:27:00+00:00,441.185
2026-04-15 15:28:00+00:00,441.14
2026-04-15 15:29:00+00:00,440.7
2026-04-15 15:30:00+00:00,440.595
2026-04-15 15:31:00+00:00,440.23
2026-04-15 15:32:00+00:00,440.37
2026-04-15 15:33:00+00:00,440.54
2026-04-15 15:34:00+00:00,440.49
2026-04-15 15:36:00+00:00,440.82
2026-04-15 15:37:00+00:00,441.11
2026-04-15 15:38:00+00:00,441.13
2026-04-15 15:39:00+00:00,440.99
2026-04-15 15:41:00+00:00,441.32
2026-04-15 15:42:00+00:00,441.445
2026-04-15 15:44:00+00:00,441.315
2026-04-15 15:45:00+00:00,441.1
2026-04-15 15:46:00+00:00,441.48
2026-04-15 15:47:00+00:00,441.26
2026-04-15 15:48:00+00:00,441.3
2026-04-15 15:50:00+00:00,441.235
2026-04-15 15:52:00+00:00,441.265
2026-04-15 15:53:00+00:00,441.39
2026-04-15 15:54:00+00:00,441.35
2026-04-15 15:55:00+00:00,441.23
2026-04-15 15:56:00+00:00,440.85
2026-04-15 15:57:00+00:00,440.87
2026-04-15 15:58:00+00:00,441.09
2026-04-15 15:59:00+00:00,441.125
2026-04-15 16:00:00+00:00,441.14
2026-04-15 16:01:00+00:00,441.07
2026-04-15 16:02:00+00:00,441.29
2026-04-15 16:03:00+00:00,441.5
2026-04-15 16:04:00+00:00,441.45
2026-04-15 16:05:00+00:00,441.34
2026-04-15 16:06:00+00:00,441.52
2026-04-15 16:07:00+00:00,441.475
2026-04-15 16:08:00+00:00,441.565
2026-04-15 16:09:00+00:00,441.54
2026-04-15 16:10:00+00:00,441.505
2026-04-15 16:11:00+00:00,441.48
2026-04-15 16:12:00+00:00,441.52
2026-04-15 16:13:00+00:00,441.76
2026-04-15 16:14:00+00:00,441.725
2026-04-15 16:15:00+00:00,441.67
2026-04-15 16:16:00+00:00,441.4
2026-04-15 16:20:00+00:00,441.53
2026-04-15 16:21:00+00:00,441.76
2026-04-15 16:22:00+00:00,441.695
2026-04-15 16:23:00+00:00,441.75
2026-04-15 16:25:00+00:00,441.64
2026-04-15 16:26:00+00:00,441.72
2026-04-15 16:28:00+00:00,441.975
2026-04-15 16:29:00+00:00,441.91
2026-04-15 16:30:00+00:00,441.94
2026-04-15 16:32:00+00:00,441.62
2026-04-15 16:34:00+00:00,441.7
2026-04-15 16:35:00+00:00,441.75
2026-04-15 16:36:00+00:00,441.85
2026-04-15 16:38:00+00:00,441.835
2026-04-15 16:39:00+00:00,441.71
2026-04-15 16:41:00+00:00,441.66
2026-04-15 16:42:00+00:00,441.21
2026-04-15 16:43:00+00:00,441.2
2026-04-15 16:44:00+00:00,441.3
2026-04-15 16:45:00+00:00,441.19
2026-04-15 16:46:00+00:00,441.45
2026-04-15 16:48:00+00:00,441.19
2026-04-15 16:49:00+00:00,441.34
2026-04-15 16:50:00+00:00,441.32
2026-04-15 16:51:00+00:00,441.185
2026-04-15 16:52:00+00:00,441.02
2026-04-15 16:54:00+00:00,441.02
2026-04-15 16:55:00+00:00,441.095
2026-04-15 16:56:00+00:00,441.165
2026-04-15 16:57:00+00:00,441.225
2026-04-15 16:58:00+00:00,441.395
2026-04-15 16:59:00+00:00,441.235
2026-04-15 17:01:00+00:00,441.2
2026-04-15 17:02:00+00:00,441.195
2026-04-15 17:03:00+00:00,441.19
2026-04-15 17:05:00+00:00,440.88
2026-04-15 17:06:00+00:00,440.98
2026-04-15 17:07:00+00:00,440.92
2026-04-15 17:08:00+00:00,441.02
2026-04-15 17:13:00+00:00,440.9
2026-04-15 17:14:00+00:00,440.88
2026-04-15 17:16:00+00:00,441.02
2026-04-15 17:17:00+00:00,441.0
2026-04-15 17:18:00+00:00,440.9
2026-04-15 17:19:00+00:00,440.98
2026-04-15 17:20:00+00:00,441.08
2026-04-15 17:21:00+00:00,441.1
2026-04-15 17:22:00+00:00,441.14
2026-04-15 17:23:00+00:00,441.33
2026-04-15 17:24:00+00:00,441.49
2026-04-15 17:25:00+00:00,441.6
2026-04-15 17:27:00+00:00,441.55
2026-04-15 17:30:00+00:00,440.78
2026-04-15 17:32:00+00:00,440.795
2026-04-15 17:34:00+00:00,440.915
2026-04-15 17:37:00+00:00,440.855
2026-04-15 17:38:00+00:00,440.82
2026-04-15 17:39:00+00:00,440.74
2026-04-15 17:40:00+00:00,440.515
2026-04-15 17:43:00+00:00,440.405
2026-04-15 17:45:00+00:00,440.39
2026-04-15 17:47:00+00:00,440.37
2026-04-15 17:48:00+00:00,440.395
2026-04-15 17:50:00+00:00,440.45
2026-04-15 17:51:00+00:00,440.31
2026-04-15 17:52:00+00:00,440.13
2026-04-15 17:53:00+00:00,440.29
2026-04-15 17:57:00+00:00,440.16
2026-04-15 17:58:00+00:00,440.23
2026-04-15 17:59:00+00:00,440.13
2026-04-15 18:00:00+00:00,440.145
2026-04-15 18:01:00+00:00,440.22
2026-04-15 18:02:00+00:00,440.51
2026-04-15 18:03:00+00:00,440.685
2026-04-15 18:04:00+00:00,440.545
2026-04-15 18:05:00+00:00,440.575
2026-04-15 18:06:00+00:00,440.705
2026-04-15 18:07:00+00:00,440.585
2026-04-15 18:08:00+00:00,440.435
2026-04-15 18:09:00+00:00,440.21
2026-04-15 18:10:00+00:00,440.24
2026-04-15 18:11:00+00:00,440.37
2026-04-15 18:12:00+00:00,440.45
2026-04-15 18:13:00+00:00,440.55
2026-04-15 18:14:00+00:00,440.59
2026-04-15 18:15:00+00:00,440.725
2026-04-15 18:19:00+00:00,440.55
2026-04-15 18:23:00+00:00,440.485
2026-04-15 18:25:00+00:00,440.36
2026-04-15 18:26:00+00:00,440.31
2026-04-15 18:27:00+00:00,440.415
2026-04-15 18:28:00+00:00,440.36
2026-04-15 18:29:00+00:00,440.37
2026-04-15 18:30:00+00:00,440.47
2026-04-15 18:31:00+00:00,440.48
2026-04-15 18:33:00+00:00,440.63
2026-04-15 18:34:00+00:00,440.72
2026-04-15 18:35:00+00:00,440.68
2026-04-15 18:36:00+00:00,440.66
2026-04-15 18:37:00+00:00,440.47
2026-04-15 18:39:00+00:00,440.615
2026-04-15 18:40:00+00:00,440.45
2026-04-15 18:42:00+00:00,440.43
2026-04-15 18:44:00+00:00,440.63
2026-04-15 18:45:00+00:00,440.73
2026-04-15 18:47:00+00:00,440.695
2026-04-15 18:48:00+00:00,440.72
2026-04-15 18:49:00+00:00,440.765
2026-04-15 18:50:00+00:00,440.86
2026-04-15 18:51:00+00:00,440.88
2026-04-15 18:52:00+00:00,440.73
2026-04-15 18:53:00+00:00,440.73
2026-04-15 18:54:00+00:00,440.61
2026-04-15 18:55:00+00:00,440.95
2026-04-15 18:56:00+00:00,441.0
2026-04-15 18:57:00+00:00,440.95
2026-04-15 18:58:00+00:00,440.86
2026-04-15 19:00:00+00:00,440.845
2026-04-15 19:01:00+00:00,440.935
2026-04-15 19:02:00+00:00,440.92
2026-04-15 19:03:00+00:00,440.94
2026-04-15 19:04:00+00:00,440.92
2026-04-15 19:06:00+00:00,441.14
2026-04-15 19:07:00+00:00,441.0
2026-04-15 19:09:00+00:00,441.075
2026-04-15 19:10:00+00:00,441.08
2026-04-15 19:11:00+00:00,441.15
2026-04-15 19:12:00+00:00,441.0
2026-04-15 19:13:00+00:00,440.87
2026-04-15 19:14:00+00:00,440.87
2026-04-15 19:15:00+00:00,440.79
2026-04-15 19:17:00+00:00,440.84
2026-04-15 19:18:00+00:00,440.89
2026-04-15 19:23:00+00:00,440.965
2026-04-15 19:26:00+00:00,441.09
2026-04-15 19:28:00+00:00,441.14
2026-04-15 19:29:00+00:00,441.14
2026-04-15 19:30:00+00:00,441.07
2026-04-15 19:33:00+00:00,441.035
2026-04-15 19:35:00+00:00,441.03
2026-04-15 19:36:00+00:00,440.85
2026-04-15 19:38:00+00:00,440.84
2026-04-15 19:41:00+00:00,440.73
2026-04-15 19:42:00+00:00,440.64
2026-04-15 19:43:00+00:00,440.73
2026-04-15 19:45:00+00:00,440.57
2026-04-15 19:46:00+00:00,440.67
2026-04-15 19:47:00+00:00,440.665
2026-04-15 19:48:00+00:00,440.795
2026-04-15 19:49:00+00:00,440.8
2026-04-15 19:50:00+00:00,440.915
2026-04-15 19:51:00+00:00,440.93
2026-04-15 19:52:00+00:00,440.86
2026-04-15 19:53:00+00:00,440.77
2026-04-15 19:54:00+00:00,440.77
2026-04-15 19:55:00+00:00,440.61
2026-04-15 19:56:00+00:00,440.51
2026-04-15 19:57:00+00:00,440.39
2026-04-15 19:58:00+00:00,440.41
2026-04-15 19:59:00+00:00,440.47
2026-04-16 13:30:00+00:00,442.08
2026-04-16 13:31:00+00:00,442.11
2026-04-16 13:32:00+00:00,442.16
2026-04-16 13:35:00+00:00,442.92
2026-04-16 13:36:00+00:00,442.38
2026-04-16 13:37:00+00:00,442.51
2026-04-16 13:38:00+00:00,442.67
2026-04-16 13:39:00+00:00,442.6
2026-04-16 13:40:00+00:00,442.78
2026-04-16 13:41:00+00:00,442.635
2026-04-16 13:42:00+00:00,442.26
2026-04-16 13:43:00+00:00,442.28
2026-04-16 13:44:00+00:00,442.21
2026-04-16 13:45:00+00:00,442.27
2026-04-16 13:46:00+00:00,442.47
2026-04-16 13:49:00+00:00,442.03
2026-04-16 13:50:00+00:00,441.92
2026-04-16 13:51:00+00:00,441.34
2026-04-16 13:52:00+00:00,440.39
2026-04-16 13:53:00+00:00,440.425
2026-04-16 13:54:00+00:00,439.88
2026-04-16 13:55:00+00:00,439.79
2026-04-16 13:56:00+00:00,439.87
2026-04-16 13:57:00+00:00,439.77
2026-04-16 13:58:00+00:00,440.05
2026-04-16 13:59:00+00:00,440.31
2026-04-16 14:00:00+00:00,440.21
2026-04-16 14:02:00+00:00,440.26
2026-04-16 14:03:00+00:00,440.21
2026-04-16 14:04:00+00:00,439.9
2026-04-16 14:05:00+00:00,439.5
2026-04-16 14:06:00+00:00,439.85
2026-04-16 14:07:00+00:00,440.32
2026-04-16 14:08:00+00:00,440.79
2026-04-16 14:09:00+00:00,440.71
2026-04-16 14:10:00+00:00,441.08
2026-04-16 14:11:00+00:00,440.95
2026-04-16 14:12:00+00:00,441.06
2026-04-16 14:13:00+00:00,440.93
2026-04-16 14:14:00+00:00,440.785
2026-04-16 14:16:00+00:00,440.68
2026-04-16 14:21:00+00:00,440.4
2026-04-16 14:23:00+00:00,440.09
2026-04-16 14:24:00+00:00,440.3
2026-04-16 14:26:00+00:00,440.41
2026-04-16 14:27:00+00:00,440.425
2026-04-16 14:28:00+00:00,440.625
2026-04-16 14:29:00+00:00,440.69
2026-04-16 14:30:00+00:00,440.715
2026-04-16 14:31:00+00:00,440.685
2026-04-16 14:32:00+00:00,440.31
2026-04-16 14:36:00+00:00,440.215
2026-04-16 14:40:00+00:00,438.38
2026-04-16 14:41:00+00:00,439.32
2026-04-16 14:42:00+00:00,439.47
2026-04-16 14:43:00+00:00,439.37
2026-04-16 14:44:00+00:00,439.55
2026-04-16 14:45:00+00:00,439.91
2026-04-16 14:46:00+00:00,439.96
2026-04-16 14:47:00+00:00,439.53
2026-04-16 14:52:00+00:00,439.97
2026-04-16 14:53:00+00:00,439.94
2026-04-16 14:54:00+00:00,439.985
2026-04-16 14:55:00+00:00,439.78
2026-04-16 14:56:00+00:00,439.72
2026-04-16 14:57:00+00:00,439.815
2026-04-16 14:58:00+00:00,439.52
2026-04-16 14:59:00+00:00,439.85
2026-04-16 15:00:00+00:00,439.93
2026-04-16 15:01:00+00:00,440.17
2026-04-16 15:02:00+00:00,440.46
2026-04-16 15:03:00+00:00,440.63
2026-04-16 15:04:00+00:00,440.98
2026-04-16 15:05:00+00:00,441.15
2026-04-16 15:06:00+00:00,441.215
2026-04-16 15:07:00+00:00,441.27
2026-04-16 15:08:00+00:00,441.62
2026-04-16 15:09:00+00:00,441.605
2026-04-16 15:10:00+00:00,441.875
2026-04-16 15:11:00+00:00,441.44
2026-04-16 15:12:00+00:00,441.49
2026-04-16 15:14:00+00:00,441.33
2026-04-16 15:15:00+00:00,441.52
2026-04-16 15:19:00+00:00,441.16
2026-04-16 15:20:00+00:00,441.29
2026-04-16 15:21:00+00:00,441.25
2026-04-16 15:22:00+00:00,441.19
2026-04-16 15:23:00+00:00,441.34
2026-04-16 15:24:00+00:00,441.25
2026-04-16 15:25:00+00:00,441.25
2026-04-16 15:26:00+00:00,441.31
2026-04-16 15:27:00+00:00,441.28
2026-04-16 15:29:00+00:00,441.03
2026-04-16 15:30:00+00:00,440.97
2026-04-16 15:33:00+00:00,441.035
2026-04-16 15:34:00+00:00,440.88
2026-04-16 15:36:00+00:00,441.11
2026-04-16 15:37:00+00:00,441.655
2026-04-16 15:38:00+00:00,441.25
2026-04-16 15:39:00+00:00,441.34
2026-04-16 15:40:00+00:00,441.28
2026-04-16 15:41:00+00:00,441.395
2026-04-16 15:42:00+00:00,441.12
2026-04-16 15:43:00+00:00,441.14
2026-04-16 15:44:00+00:00,441.14
2026-04-16 15:45:00+00:00,440.99
2026-04-16 15:46:00+00:00,441.35
2026-04-16 15:47:00+00:00,441.27
2026-04-16 15:48:00+00:00,441.14
2026-04-16 15:49:00+00:00,440.93
2026-04-16 15:50:00+00:00,441.24
2026-04-16 15:51:00+00:00,441.19
2026-04-16 15:52:00+00:00,441.36
2026-04-16 15:53:00+00:00,441.4
2026-04-16 15:54:00+00:00,441.23
2026-04-16 15:55:00+00:00,441.23
2026-04-16 15:57:00+00:00,441.35
2026-04-16 15:58:00+00:00,441.485
2026-04-16 15:59:00+00:00,441.445
2026-04-16 16:01:00+00:00,441.4
2026-04-16 16:02:00+00:00,441.57
2026-04-16 16:03:00+00:00,441.61
2026-04-16 16:04:00+00:00,441.61
2026-04-16 16:05:00+00:00,441.54
2026-04-16 16:06:00+00:00,441.59
2026-04-16 16:07:00+00:00,441.49
2026-04-16 16:09:00+00:00,441.37
2026-04-16 16:10:00+00:00,441.38
2026-04-16 16:11:00+00:00,441.38
2026-04-16 16:12:00+00:00,441.12
2026-04-16 16:13:00+00:00,441.1
2026-04-16 16:14:00+00:00,441.21
2026-04-16 16:15:00+00:00,441.26
2026-04-16 16:16:00+00:00,441.175
2026-04-16 16:17:00+00:00,441.07
2026-04-16 16:19:00+00:00,441.21
2026-04-16 16:22:00+00:00,440.78
2026-04-16 16:23:00+00:00,440.73
2026-04-16 16:24:00+00:00,440.67
2026-04-16 16:25:00+00:00,440.65
2026-04-16 16:26:00+00:00,440.67
2026-04-16 16:27:00+00:00,440.55
2026-04-16 16:28:00+00:00,440.73
2026-04-16 16:29:00+00:00,440.75
2026-04-16 16:30:00+00:00,440.54
2026-04-16 16:31:00+00:00,440.47
2026-04-16 16:32:00+00:00,440.34
2026-04-16 16:33:00+00:00,439.63
2026-04-16 16:34:00+00:00,440.2
2026-04-16 16:35:00+00:00,440.34
2026-04-16 16:36:00+00:00,440.45
2026-04-16 16:37:00+00:00,440.08
2026-04-16 16:38:00+00:00,440.25
2026-04-16 16:39:00+00:00,440.39
2026-04-16 16:40:00+00:00,440.29
2026-04-16 16:41:00+00:00,440.12
2026-04-16 16:42:00+00:00,439.93
2026-04-16 16:43:00+00:00,439.74
2026-04-16 16:44:00+00:00,439.85
2026-04-16 16:45:00+00:00,439.83
2026-04-16 16:46:00+00:00,439.665
2026-04-16 16:47:00+00:00,439.61
2026-04-16 16:48:00+00:00,439.53
2026-04-16 16:49:00+00:00,439.65
2026-04-16 16:50:00+00:00,439.885
2026-04-16 16:51:00+00:00,440.115
2026-04-16 16:52:00+00:00,440.015
2026-04-16 16:53:00+00:00,439.93
2026-04-16 16:54:00+00:00,439.84
2026-04-16 16:55:00+00:00,439.995
2026-04-16 16:56:00+00:00,440.11
2026-04-16 16:58:00+00:00,440.13
2026-04-16 16:59:00+00:00,440.12
2026-04-16 17:00:00+00:00,440.315
2026-04-16 17:01:00+00:00,439.94
2026-04-16 17:02:00+00:00,439.96
2026-04-16 17:03:00+00:00,440.045
2026-04-16 17:05:00+00:00,440.015
2026-04-16 17:06:00+00:00,439.98
2026-04-16 17:07:00+00:00,440.075
2026-04-16 17:08:00+00:00,440.205
2026-04-16 17:09:00+00:00,440.25
2026-04-16 17:10:00+00:00,440.295
2026-04-16 17:12:00+00:00,440.1
2026-04-16 17:14:00+00:00,439.92
2026-04-16 17:15:00+00:00,439.82
2026-04-16 17:16:00+00:00,440.01
2026-04-16 17:17:00+00:00,439.81
2026-04-16 17:18:00+00:00,439.87
2026-04-16 17:19:00+00:00,439.82
2026-04-16 17:20:00+00:00,439.89
2026-04-16 17:22:00+00:00,439.95
2026-04-16 17:23:00+00:00,439.95
2026-04-16 17:24:00+00:00,440.07
2026-04-16 17:25:00+00:00,440.17
2026-04-16 17:26:00+00:00,440.17
2026-04-16 17:27:00+00:00,440.07
2026-04-16 17:28:00+00:00,439.755
2026-04-16 17:29:00+00:00,439.44
2026-04-16 17:33:00+00:00,439.55
2026-04-16 17:34:00+00:00,439.395
2026-04-16 17:35:00+00:00,439.405
2026-04-16 17:36:00+00:00,439.41
2026-04-16 17:37:00+00:00,439.22
2026-04-16 17:38:00+00:00,439.22
2026-04-16 17:39:00+00:00,439.13
2026-04-16 17:40:00+00:00,439.28
2026-04-16 17:41:00+00:00,439.32
2026-04-16 17:42:00+00:00,439.46
2026-04-16 17:43:00+00:00,439.465
2026-04-16 17:46:00+00:00,439.52
2026-04-16 17:47:00+00:00,439.53
2026-04-16 17:48:00+00:00,439.61
2026-04-16 17:50:00+00:00,439.635
2026-04-16 17:52:00+00:00,439.5
2026-04-16 17:53:00+00:00,439.64
2026-04-16 17:54:00+00:00,439.53
2026-04-16 17:57:00+00:00,439.44
2026-04-16 17:59:00+00:00,439.74
2026-04-16 18:00:00+00:00,439.74
2026-04-16 18:02:00+00:00,439.945
2026-04-16 18:03:00+00:00,439.82
2026-04-16 18:04:00+00:00,439.955
2026-04-16 18:05:00+00:00,439.9
2026-04-16 18:06:00+00:00,440.05
2026-04-16 18:09:00+00:00,439.79
2026-04-16 18:11:00+00:00,439.67
2026-04-16 18:13:00+00:00,439.71
2026-04-16 18:14:00+00:00,439.77
2026-04-16 18:15:00+00:00,439.79
2026-04-16 18:16:00+00:00,439.79
2026-04-16 18:17:00+00:00,439.82
2026-04-16 18:18:00+00:00,439.77
2026-04-16 18:19:00+00:00,439.97
2026-04-16 18:20:00+00:00,439.88
2026-04-16 18:23:00+00:00,439.9
2026-04-16 18:24:00+00:00,439.85
2026-04-16 18:25:00+00:00,439.91
2026-04-16 18:26:00+00:00,439.73
2026-04-16 18:27:00+00:00,439.67
2026-04-16 18:28:00+00:00,439.62
2026-04-16 18:29:00+00:00,439.62
2026-04-16 18:30:00+00:00,439.7
2026-04-16 18:31:00+00:00,439.6
2026-04-16 18:33:00+00:00,439.78
2026-04-16 18:34:00+00:00,439.795
2026-04-16 18:35:00+00:00,439.75
2026-04-16 18:36:00+00:00,439.685
2026-04-16 18:37:00+00:00,439.8
2026-04-16 18:38:00+00:00,439.66
2026-04-16 18:43:00+00:00,439.72
2026-04-16 18:47:00+00:00,439.91
2026-04-16 18:48:00+00:00,439.925
2026-04-16 18:49:00+00:00,439.8
2026-04-16 18:50:00+00:00,439.82
2026-04-16 18:58:00+00:00,439.79
2026-04-16 19:00:00+00:00,439.93
2026-04-16 19:03:00+00:00,440.22
2026-04-16 19:04:00+00:00,440.13
2026-04-16 19:05:00+00:00,440.155
2026-04-16 19:06:00+00:00,440.1
2026-04-16 19:07:00+00:00,440.01
2026-04-16 19:09:00+00:00,440.22
2026-04-16 19:10:00+00:00,440.1
2026-04-16 19:13:00+00:00,439.89
2026-04-16 19:14:00+00:00,439.9
2026-04-16 19:15:00+00:00,440.05
2026-04-16 19:16:00+00:00,440.0
2026-04-16 19:20:00+00:00,440.17
2026-04-16 19:21:00+00:00,440.19
2026-04-16 19:22:00+00:00,440.12
2026-04-16 19:23:00+00:00,439.995
2026-04-16 19:25:00+00:00,440.05
2026-04-16 19:28:00+00:00,440.04
2026-04-16 19:29:00+00:00,439.95
2026-04-16 19:30:00+00:00,440.11
2026-04-16 19:32:00+00:00,440.01
2026-04-16 19:34:00+00:00,440.005
2026-04-16 19:35:00+00:00,440.02
2026-04-16 19:36:00+00:00,440.02
2026-04-16 19:37:00+00:00,439.98
2026-04-16 19:38:00+00:00,440.02
2026-04-16 19:39:00+00:00,440.09
2026-04-16 19:40:00+00:00,440.22
2026-04-16 19:41:00+00:00,440.41
2026-04-16 19:42:00+00:00,440.51
2026-04-16 19:43:00+00:00,440.52
2026-04-16 19:44:00+00:00,440.52
2026-04-16 19:46:00+00:00,440.53
2026-04-16 19:47:00+00:00,440.505
2026-04-16 19:48:00+00:00,440.34
2026-04-16 19:49:00+00:00,440.2
2026-04-16 19:50:00+00:00,440.12
2026-04-16 19:51:00+00:00,440.185
2026-04-16 19:52:00+00:00,440.1
2026-04-16 19:53:00+00:00,440.065
2026-04-16 19:54:00+00:00,440.13
2026-04-16 19:55:00+00:00,440.33
2026-04-16 19:56:00+00:00,440.19
2026-04-16 19:57:00+00:00,440.325
2026-04-16 19:58:00+00:00,440.115
2026-04-16 19:59:00+00:00,440.075
2026-04-17 12:48:00+00:00,444.64
2026-04-17 13:00:00+00:00,444.72
2026-04-17 13:07:00+00:00,445.48
2026-04-17 13:09:00+00:00,446.6
2026-04-17 13:10:00+00:00,447.46
2026-04-17 13:14:00+00:00,448.4
2026-04-17 13:15:00+00:00,447.91
2026-04-17 13:17:00+00:00,446.94
2026-04-17 13:30:00+00:00,445.595
2026-04-17 13:31:00+00:00,445.9
2026-04-17 13:32:00+00:00,445.795
2026-04-17 13:33:00+00:00,445.715
2026-04-17 13:34:00+00:00,446.01
2026-04-17 13:35:00+00:00,445.96
2026-04-17 13:36:00+00:00,446.79
2026-04-17 13:37:00+00:00,446.845
2026-04-17 13:38:00+00:00,446.52
2026-04-17 13:39:00+00:00,447.14
2026-04-17 13:40:00+00:00,446.87
2026-04-17 13:43:00+00:00,446.95
2026-04-17 13:44:00+00:00,446.82
2026-04-17 13:45:00+00:00,446.77
2026-04-17 13:46:00+00:00,446.54
2026-04-17 13:47:00+00:00,446.23
2026-04-17 13:48:00+00:00,445.96
2026-04-17 13:49:00+00:00,446.72
2026-04-17 13:50:00+00:00,446.87
2026-04-17 13:52:00+00:00,447.45
2026-04-17 13:53:00+00:00,447.33
2026-04-17 13:54:00+00:00,447.995
2026-04-17 13:55:00+00:00,448.1
2026-04-17 13:56:00+00:00,448.15
2026-04-17 13:57:00+00:00,448.34
2026-04-17 13:59:00+00:00,448.19
2026-04-17 14:00:00+00:00,448.41
2026-04-17 14:01:00+00:00,448.68
2026-04-17 14:02:00+00:00,448.2
2026-04-17 14:03:00+00:00,448.1
2026-04-17 14:04:00+00:00,447.78
2026-04-17 14:05:00+00:00,447.68
2026-04-17 14:06:00+00:00,447.325
2026-04-17 14:07:00+00:00,447.24
2026-04-17 14:08:00+00:00,447.33
2026-04-17 14:09:00+00:00,447.56
2026-04-17 14:10:00+00:00,447.3
2026-04-17 14:11:00+00:00,447.065
2026-04-17 14:12:00+00:00,446.55
2026-04-17 14:13:00+00:00,446.61
2026-04-17 14:14:00+00:00,447.11
2026-04-17 14:15:00+00:00,447.5
2026-04-17 14:16:00+00:00,447.535
2026-04-17 14:17:00+00:00,447.36
2026-04-17 14:18:00+00:00,447.39
2026-04-17 14:19:00+00:00,447.475
2026-04-17 14:20:00+00:00,447.07
2026-04-17 14:21:00+00:00,447.63
2026-04-17 14:22:00+00:00,447.77
2026-04-17 14:23:00+00:00,447.83
2026-04-17 14:24:00+00:00,447.97
2026-04-17 14:25:00+00:00,448.055
2026-04-17 14:26:00+00:00,448.07
2026-04-17 14:27:00+00:00,447.98
2026-04-17 14:28:00+00:00,447.74
2026-04-17 14:29:00+00:00,447.485
2026-04-17 14:31:00+00:00,447.62
2026-04-17 14:32:00+00:00,447.57
2026-04-17 14:34:00+00:00,447.945
2026-04-17 14:35:00+00:00,447.61
2026-04-17 14:36:00+00:00,447.83
2026-04-17 14:37:00+00:00,447.96
2026-04-17 14:38:00+00:00,447.69
2026-04-17 14:39:00+00:00,447.77
2026-04-17 14:40:00+00:00,447.97
2026-04-17 14:41:00+00:00,448.23
2026-04-17 14:42:00+00:00,448.46
2026-04-17 14:44:00+00:00,447.92
2026-04-17 14:46:00+00:00,447.77
2026-04-17 14:47:00+00:00,448.0
2026-04-17 14:48:00+00:00,448.2
2026-04-17 14:49:00+00:00,448.17
2026-04-17 14:51:00+00:00,447.605
2026-04-17 14:52:00+00:00,447.76
2026-04-17 14:53:00+00:00,447.405
2026-04-17 14:54:00+00:00,447.92
2026-04-17 14:55:00+00:00,447.75
2026-04-17 14:56:00+00:00,447.71
2026-04-17 14:57:00+00:00,447.79
2026-04-17 14:58:00+00:00,447.98
2026-04-17 14:59:00+00:00,448.0
2026-04-17 15:00:00+00:00,447.26
2026-04-17 15:02:00+00:00,447.29
2026-04-17 15:03:00+00:00,447.02
2026-04-17 15:04:00+00:00,447.05
2026-04-17 15:05:00+00:00,447.33
2026-04-17 15:06:00+00:00,447.71
2026-04-17 15:07:00+00:00,447.75
2026-04-17 15:08:00+00:00,447.71
2026-04-17 15:09:00+00:00,447.44
2026-04-17 15:11:00+00:00,447.23
2026-04-17 15:12:00+00:00,447.12
2026-04-17 15:13:00+00:00,447.265
2026-04-17 15:14:00+00:00,446.95
2026-04-17 15:15:00+00:00,446.93
2026-04-17 15:18:00+00:00,447.68
2026-04-17 15:19:00+00:00,447.17
2026-04-17 15:21:00+00:00,446.885
2026-04-17 15:23:00+00:00,447.49
2026-04-17 15:24:00+00:00,447.29
2026-04-17 15:25:00+00:00,447.09
2026-04-17 15:26:00+00:00,447.14
2026-04-17 15:27:00+00:00,447.165
2026-04-17 15:28:00+00:00,447.135
2026-04-17 15:29:00+00:00,446.94
2026-04-17 15:30:00+00:00,446.82
2026-04-17 15:31:00+00:00,447.045
2026-04-17 15:32:00+00:00,447.52
2026-04-17 15:33:00+00:00,447.35
2026-04-17 15:34:00+00:00,447.46
2026-04-17 15:37:00+00:00,447.42
2026-04-17 15:38:00+00:00,447.22
2026-04-17 15:39:00+00:00,447.21
2026-04-17 15:40:00+00:00,447.16
2026-04-17 15:41:00+00:00,447.205
2026-04-17 15:42:00+00:00,446.85
2026-04-17 15:43:00+00:00,446.34
2026-04-17 15:44:00+00:00,446.335
2026-04-17 15:46:00+00:00,446.33
2026-04-17 15:47:00+00:00,446.35
2026-04-17 15:49:00+00:00,446.62
2026-04-17 15:53:00+00:00,447.01
2026-04-17 15:54:00+00:00,447.31
2026-04-17 16:00:00+00:00,447.11
2026-04-17 16:05:00+00:00,446.87
2026-04-17 16:07:00+00:00,447.195
2026-04-17 16:08:00+00:00,447.55
2026-04-17 16:09:00+00:00,447.47
2026-04-17 16:11:00+00:00,447.54
2026-04-17 16:13:00+00:00,447.44
2026-04-17 16:17:00+00:00,447.39
2026-04-17 16:18:00+00:00,447.48
2026-04-17 16:19:00+00:00,447.38
2026-04-17 16:20:00+00:00,447.35
2026-04-17 16:24:00+00:00,447.32
2026-04-17 16:25:00+00:00,447.34
2026-04-17 16:26:00+00:00,447.38
2026-04-17 16:27:00+00:00,447.39
2026-04-17 16:32:00+00:00,447.44
2026-04-17 16:33:00+00:00,447.32
2026-04-17 16:35:00+00:00,447.45
2026-04-17 16:36:00+00:00,447.44
2026-04-17 16:39:00+00:00,447.5
2026-04-17 16:43:00+00:00,447.145
2026-04-17 16:44:00+00:00,447.12
2026-04-17 16:47:00+00:00,446.96
2026-04-17 16:48:00+00:00,447.15
2026-04-17 16:49:00+00:00,447.04
2026-04-17 16:50:00+00:00,446.86
2026-04-17 16:52:00+00:00,447.085
2026-04-17 16:53:00+00:00,447.07
2026-04-17 16:55:00+00:00,447.0
2026-04-17 16:56:00+00:00,446.94
2026-04-17 16:57:00+00:00,446.99
2026-04-17 17:03:00+00:00,446.96
2026-04-17 17:06:00+00:00,447.18
2026-04-17 17:07:00+00:00,446.92
2026-04-17 17:08:00+00:00,446.3
2026-04-17 17:09:00+00:00,446.545
2026-04-17 17:10:00+00:00,446.44
2026-04-17 17:11:00+00:00,446.2
2026-04-17 17:13:00+00:00,446.495
2026-04-17 17:14:00+00:00,446.7
2026-04-17 17:18:00+00:00,446.71
2026-04-17 17:20:00+00:00,446.56
2026-04-17 17:23:00+00:00,446.72
2026-04-17 17:24:00+00:00,445.97
2026-04-17 17:25:00+00:00,445.96
2026-04-17 17:26:00+00:00,445.87
2026-04-17 17:27:00+00:00,446.2
2026-04-17 17:28:00+00:00,445.95
2026-04-17 17:31:00+00:00,446.35
2026-04-17 17:32:00+00:00,446.4
2026-04-17 17:34:00+00:00,446.55
2026-04-17 17:36:00+00:00,446.32
2026-04-17 17:37:00+00:00,446.46
2026-04-17 17:38:00+00:00,446.3
2026-04-17 17:39:00+00:00,446.06
2026-04-17 17:40:00+00:00,446.19
2026-04-17 17:44:00+00:00,445.84
2026-04-17 17:45:00+00:00,445.995
2026-04-17 17:47:00+00:00,446.325
2026-04-17 17:48:00+00:00,446.38
2026-04-17 17:51:00+00:00,446.43
2026-04-17 17:53:00+00:00,446.47
2026-04-17 17:54:00+00:00,446.54
2026-04-17 17:55:00+00:00,446.54
2026-04-17 17:56:00+00:00,446.64
2026-04-17 17:57:00+00:00,446.655
2026-04-17 17:58:00+00:00,446.63
2026-04-17 17:59:00+00:00,446.61
2026-04-17 18:00:00+00:00,446.695
2026-04-17 18:01:00+00:00,446.71
2026-04-17 18:02:00+00:00,446.73
2026-04-17 18:03:00+00:00,446.74
2026-04-17 18:04:00+00:00,446.645
2026-04-17 18:05:00+00:00,446.63
2026-04-17 18:06:00+00:00,446.95
2026-04-17 18:07:00+00:00,446.93
2026-04-17 18:08:00+00:00,446.91
2026-04-17 18:09:00+00:00,446.83
2026-04-17 18:10:00+00:00,446.61
2026-04-17 18:11:00+00:00,446.63
2026-04-17 18:13:00+00:00,446.58
2026-04-17 18:14:00+00:00,446.54
2026-04-17 18:15:00+00:00,446.495
2026-04-17 18:16:00+00:00,446.56
2026-04-17 18:18:00+00:00,446.65
2026-04-17 18:23:00+00:00,446.51
2026-04-17 18:24:00+00:00,446.925
2026-04-17 18:25:00+00:00,446.95
2026-04-17 18:28:00+00:00,446.67
2026-04-17 18:30:00+00:00,446.81
2026-04-17 18:31:00+00:00,446.76
2026-04-17 18:32:00+00:00,446.81
2026-04-17 18:33:00+00:00,446.97
2026-04-17 18:34:00+00:00,446.99
2026-04-17 18:35:00+00:00,446.85
2026-04-17 18:37:00+00:00,446.81
2026-04-17 18:38:00+00:00,446.77
2026-04-17 18:40:00+00:00,446.53
2026-04-17 18:42:00+00:00,446.56
2026-04-17 18:44:00+00:00,446.57
2026-04-17 18:45:00+00:00,446.59
2026-04-17 18:46:00+00:00,446.47
2026-04-17 18:47:00+00:00,446.62
2026-04-17 18:48:00+00:00,446.51
2026-04-17 18:49:00+00:00,446.48
2026-04-17 18:52:00+00:00,446.03
2026-04-17 18:53:00+00:00,446.16
2026-04-17 18:55:00+00:00,446.05
2026-04-17 18:56:00+00:00,446.27
2026-04-17 18:57:00+00:00,446.3
2026-04-17 18:58:00+00:00,446.3
2026-04-17 18:59:00+00:00,446.25
2026-04-17 19:01:00+00:00,446.21
2026-04-17 19:02:00+00:00,446.25
2026-04-17 19:03:00+00:00,446.11
2026-04-17 19:04:00+00:00,446.14
2026-04-17 19:05:00+00:00,446.15
2026-04-17 19:06:00+00:00,445.94
2026-04-17 19:07:00+00:00,446.16
2026-04-17 19:09:00+00:00,446.05
2026-04-17 19:10:00+00:00,445.98
2026-04-17 19:14:00+00:00,446.08
2026-04-17 19:15:00+00:00,446.15
2026-04-17 19:16:00+00:00,446.12
2026-04-17 19:17:00+00:00,446.08
2026-04-17 19:18:00+00:00,446.06
2026-04-17 19:19:00+00:00,445.98
2026-04-17 19:20:00+00:00,446.08
2026-04-17 19:21:00+00:00,446.01
2026-04-17 19:23:00+00:00,445.86
2026-04-17 19:25:00+00:00,445.88
2026-04-17 19:26:00+00:00,446.01
2026-04-17 19:27:00+00:00,445.93
2026-04-17 19:28:00+00:00,445.97
2026-04-17 19:29:00+00:00,446.035
2026-04-17 19:30:00+00:00,446.09
2026-04-17 19:31:00+00:00,446.045
2026-04-17 19:32:00+00:00,446.1
2026-04-17 19:33:00+00:00,446.1
2026-04-17 19:34:00+00:00,446.22
2026-04-17 19:35:00+00:00,446.13
2026-04-17 19:36:00+00:00,446.075
2026-04-17 19:37:00+00:00,446.32
2026-04-17 19:38:00+00:00,446.44
2026-04-17 19:39:00+00:00,446.45
2026-04-17 19:41:00+00:00,446.4
2026-04-17 19:42:00+00:00,446.5
2026-04-17 19:43:00+00:00,446.42
2026-04-17 19:44:00+00:00,446.43
2026-04-17 19:45:00+00:00,446.36
2026-04-17 19:46:00+00:00,446.37
2026-04-17 19:47:00+00:00,446.25
2026-04-17 19:48:00+00:00,446.355
2026-04-17 19:49:00+00:00,446.34
2026-04-17 19:50:00+00:00,446.2
2026-04-17 19:51:00+00:00,446.16
2026-04-17 19:52:00+00:00,446.1
2026-04-17 19:53:00+00:00,445.945
2026-04-17 19:54:00+00:00,446.01
2026-04-17 19:55:00+00:00,445.86
2026-04-17 19:56:00+00:00,445.94
2026-04-17 19:57:00+00:00,445.875
2026-04-17 19:58:00+00:00,445.95
2026-04-17 19:59:00+00:00,445.89
2026-04-20 12:07:00+00:00,441.33
2026-04-20 12:17:00+00:00,441.81
2026-04-20 12:30:00+00:00,441.66
2026-04-20 12:37:00+00:00,441.12
2026-04-20 13:30:00+00:00,443.17
2026-04-20 13:31:00+00:00,442.73
2026-04-20 13:32:00+00:00,442.615
2026-04-20 13:33:00+00:00,442.365
2026-04-20 13:34:00+00:00,442.78
2026-04-20 13:35:00+00:00,442.94
2026-04-20 13:36:00+00:00,443.0
2026-04-20 13:37:00+00:00,442.9
2026-04-20 13:38:00+00:00,442.59
2026-04-20 13:39:00+00:00,442.44
2026-04-20 13:40:00+00:00,442.55
2026-04-20 13:41:00+00:00,442.68
2026-04-20 13:42:00+00:00,442.6
2026-04-20 13:43:00+00:00,442.88
2026-04-20 13:44:00+00:00,442.81
2026-04-20 13:46:00+00:00,443.01
2026-04-20 13:47:00+00:00,442.82
2026-04-20 13:49:00+00:00,442.66
2026-04-20 13:51:00+00:00,442.815
2026-04-20 13:52:00+00:00,442.67
2026-04-20 13:53:00+00:00,442.71
2026-04-20 13:54:00+00:00,442.62
2026-04-20 13:56:00+00:00,442.89
2026-04-20 13:57:00+00:00,442.83
2026-04-20 13:58:00+00:00,442.72
2026-04-20 13:59:00+00:00,442.74
2026-04-20 14:00:00+00:00,442.29
2026-04-20 14:01:00+00:00,442.08
2026-04-20 14:02:00+00:00,442.05
2026-04-20 14:03:00+00:00,442.05
2026-04-20 14:04:00+00:00,442.43
2026-04-20 14:05:00+00:00,442.44
2026-04-20 14:06:00+00:00,442.49
2026-04-20 14:07:00+00:00,442.36
2026-04-20 14:08:00+00:00,441.96
2026-04-20 14:09:00+00:00,442.05
2026-04-20 14:10:00+00:00,442.05
2026-04-20 14:11:00+00:00,441.665
2026-04-20 14:12:00+00:00,441.5
2026-04-20 14:13:00+00:00,442.05
2026-04-20 14:14:00+00:00,442.42
2026-04-20 14:15:00+00:00,442.27
2026-04-20 14:16:00+00:00,442.425
2026-04-20 14:17:00+00:00,442.52
2026-04-20 14:18:00+00:00,442.33
2026-04-20 14:19:00+00:00,442.56
2026-04-20 14:20:00+00:00,442.42
2026-04-20 14:21:00+00:00,442.675
2026-04-20 14:22:00+00:00,442.765
2026-04-20 14:23:00+00:00,442.83
2026-04-20 14:24:00+00:00,443.0
2026-04-20 14:25:00+00:00,443.06
2026-04-20 14:26:00+00:00,443.24
2026-04-20 14:27:00+00:00,443.24
2026-04-20 14:28:00+00:00,443.115
2026-04-20 14:29:00+00:00,442.91
2026-04-20 14:30:00+00:00,443.4
2026-04-20 14:31:00+00:00,442.97
2026-04-20 14:32:00+00:00,443.09
2026-04-20 14:33:00+00:00,443.08
2026-04-20 14:34:00+00:00,442.56
2026-04-20 14:35:00+00:00,442.19
2026-04-20 14:39:00+00:00,442.13
2026-04-20 14:40:00+00:00,442.13
2026-04-20 14:44:00+00:00,442.125
2026-04-20 14:45:00+00:00,442.17
2026-04-20 14:47:00+00:00,441.95
2026-04-20 14:48:00+00:00,441.87
2026-04-20 14:49:00+00:00,442.01
2026-04-20 14:50:00+00:00,441.925
2026-04-20 14:51:00+00:00,441.34
2026-04-20 14:52:00+00:00,441.68
2026-04-20 14:53:00+00:00,441.45
2026-04-20 14:54:00+00:00,441.69
2026-04-20 14:55:00+00:00,441.44
2026-04-20 14:56:00+00:00,441.29
2026-04-20 14:57:00+00:00,441.0
2026-04-20 14:58:00+00:00,440.965
2026-04-20 14:59:00+00:00,441.23
2026-04-20 15:00:00+00:00,441.2
2026-04-20 15:01:00+00:00,441.23
2026-04-20 15:02:00+00:00,441.09
2026-04-20 15:03:00+00:00,440.66
2026-04-20 15:04:00+00:00,440.54
2026-04-20 15:05:00+00:00,440.705
2026-04-20 15:06:00+00:00,440.76
2026-04-20 15:07:00+00:00,440.43
2026-04-20 15:08:00+00:00,440.69
2026-04-20 15:09:00+00:00,440.65
2026-04-20 15:10:00+00:00,440.9
2026-04-20 15:11:00+00:00,441.1
2026-04-20 15:12:00+00:00,440.66
2026-04-20 15:13:00+00:00,440.27
2026-04-20 15:14:00+00:00,440.445
2026-04-20 15:15:00+00:00,440.605
2026-04-20 15:16:00+00:00,440.375
2026-04-20 15:17:00+00:00,440.57
2026-04-20 15:18:00+00:00,440.76
2026-04-20 15:19:00+00:00,440.84
2026-04-20 15:20:00+00:00,440.65
2026-04-20 15:21:00+00:00,440.7
2026-04-20 15:22:00+00:00,441.11
2026-04-20 15:23:00+00:00,440.865
2026-04-20 15:24:00+00:00,441.24
2026-04-20 15:25:00+00:00,441.23
2026-04-20 15:26:00+00:00,441.7
2026-04-20 15:28:00+00:00,441.49
2026-04-20 15:29:00+00:00,441.69
2026-04-20 15:30:00+00:00,441.33
2026-04-20 15:31:00+00:00,441.42
2026-04-20 15:32:00+00:00,441.375
2026-04-20 15:33:00+00:00,441.4
2026-04-20 15:34:00+00:00,441.295
2026-04-20 15:35:00+00:00,441.24
2026-04-20 15:36:00+00:00,440.98
2026-04-20 15:37:00+00:00,440.97
2026-04-20 15:38:00+00:00,441.05
2026-04-20 15:39:00+00:00,440.94
2026-04-20 15:40:00+00:00,441.08
2026-04-20 15:41:00+00:00,440.98
2026-04-20 15:42:00+00:00,440.98
2026-04-20 15:43:00+00:00,440.86
2026-04-20 15:44:00+00:00,440.85
2026-04-20 15:45:00+00:00,440.56
2026-04-20 15:46:00+00:00,440.76
2026-04-20 15:47:00+00:00,440.8
2026-04-20 15:48:00+00:00,440.89
2026-04-20 15:49:00+00:00,440.78
2026-04-20 15:50:00+00:00,440.6
2026-04-20 15:51:00+00:00,440.575
2026-04-20 15:52:00+00:00,440.5
2026-04-20 15:53:00+00:00,440.41
2026-04-20 15:54:00+00:00,440.41
2026-04-20 15:55:00+00:00,440.49
2026-04-20 15:56:00+00:00,440.69
2026-04-20 15:57:00+00:00,440.77
2026-04-20 15:58:00+00:00,440.86
2026-04-20 15:59:00+00:00,440.81
2026-04-20 16:00:00+00:00,440.78
2026-04-20 16:01:00+00:00,440.56
2026-04-20 16:02:00+00:00,440.475
2026-04-20 16:03:00+00:00,440.495
2026-04-20 16:04:00+00:00,440.32
2026-04-20 16:05:00+00:00,440.55
2026-04-20 16:06:00+00:00,440.51
2026-04-20 16:07:00+00:00,440.39
2026-04-20 16:08:00+00:00,440.41
2026-04-20 16:09:00+00:00,440.6
2026-04-20 16:10:00+00:00,440.66
2026-04-20 16:11:00+00:00,440.66
2026-04-20 16:12:00+00:00,440.72
2026-04-20 16:13:00+00:00,440.61
2026-04-20 16:14:00+00:00,440.72
2026-04-20 16:15:00+00:00,440.74
2026-04-20 16:16:00+00:00,440.66
2026-04-20 16:17:00+00:00,440.34
2026-04-20 16:18:00+00:00,440.19
2026-04-20 16:19:00+00:00,440.34
2026-04-20 16:20:00+00:00,440.69
2026-04-20 16:21:00+00:00,440.7
2026-04-20 16:22:00+00:00,440.56
2026-04-20 16:23:00+00:00,440.705
2026-04-20 16:24:00+00:00,440.72
2026-04-20 16:25:00+00:00,440.685
2026-04-20 16:26:00+00:00,440.72
2026-04-20 16:27:00+00:00,440.94
2026-04-20 16:28:00+00:00,440.935
2026-04-20 16:29:00+00:00,440.92
2026-04-20 16:30:00+00:00,441.2
2026-04-20 16:31:00+00:00,441.05
2026-04-20 16:32:00+00:00,440.91
2026-04-20 16:33:00+00:00,441.01
2026-04-20 16:34:00+00:00,440.96
2026-04-20 16:35:00+00:00,440.725
2026-04-20 16:36:00+00:00,440.76
2026-04-20 16:37:00+00:00,440.81
2026-04-20 16:38:00+00:00,440.84
2026-04-20 16:39:00+00:00,440.85
2026-04-20 16:40:00+00:00,440.845
2026-04-20 16:42:00+00:00,441.14
2026-04-20 16:43:00+00:00,441.14
2026-04-20 16:44:00+00:00,441.07
2026-04-20 16:45:00+00:00,441.115
2026-04-20 16:46:00+00:00,441.085
2026-04-20 16:47:00+00:00,441.17
2026-04-20 16:48:00+00:00,441.145
2026-04-20 16:49:00+00:00,441.135
2026-04-20 16:50:00+00:00,441.15
2026-04-20 16:51:00+00:00,441.24
2026-04-20 16:52:00+00:00,441.2
2026-04-20 16:53:00+00:00,441.33
2026-04-20 16:54:00+00:00,441.295
2026-04-20 16:55:00+00:00,441.25
2026-04-20 16:56:00+00:00,441.33
2026-04-20 16:57:00+00:00,441.28
2026-04-20 16:58:00+00:00,441.3
2026-04-20 17:00:00+00:00,441.5
2026-04-20 17:01:00+00:00,441.35
2026-04-20 17:02:00+00:00,441.55
2026-04-20 17:04:00+00:00,441.57
2026-04-20 17:05:00+00:00,441.55
2026-04-20 17:06:00+00:00,441.605
2026-04-20 17:07:00+00:00,441.67
2026-04-20 17:08:00+00:00,441.695
2026-04-20 17:09:00+00:00,441.735
2026-04-20 17:10:00+00:00,441.77
2026-04-20 17:11:00+00:00,441.81
2026-04-20 17:12:00+00:00,441.73
2026-04-20 17:13:00+00:00,441.675
2026-04-20 17:14:00+00:00,441.66
2026-04-20 17:15:00+00:00,441.63
2026-04-20 17:16:00+00:00,441.645
2026-04-20 17:17:00+00:00,441.775
2026-04-20 17:18:00+00:00,441.71
2026-04-20 17:19:00+00:00,441.73
2026-04-20 17:20:00+00:00,441.6
2026-04-20 17:21:00+00:00,441.6
2026-04-20 17:22:00+00:00,441.7
2026-04-20 17:23:00+00:00,441.86
2026-04-20 17:25:00+00:00,441.62
2026-04-20 17:26:00+00:00,441.58
2026-04-20 17:27:00+00:00,441.59
2026-04-20 17:29:00+00:00,441.75
2026-04-20 17:30:00+00:00,441.865
2026-04-20 17:31:00+00:00,441.81
2026-04-20 17:32:00+00:00,441.49
2026-04-20 17:33:00+00:00,441.36
2026-04-20 17:35:00+00:00,441.58
2026-04-20 17:37:00+00:00,441.71
2026-04-20 17:39:00+00:00,441.72
2026-04-20 17:40:00+00:00,441.725
2026-04-20 17:41:00+00:00,441.77
2026-04-20 17:42:00+00:00,441.65
2026-04-20 17:43:00+00:00,441.72
2026-04-20 17:44:00+00:00,441.745
2026-04-20 17:45:00+00:00,441.66
2026-04-20 17:46:00+00:00,441.66
2026-04-20 17:49:00+00:00,441.65
2026-04-20 17:50:00+00:00,441.7
2026-04-20 17:51:00+00:00,441.6
2026-04-20 17:52:00+00:00,441.55
2026-04-20 17:53:00+00:00,441.63
2026-04-20 17:54:00+00:00,441.72
2026-04-20 17:55:00+00:00,441.7
2026-04-20 17:57:00+00:00,441.485
2026-04-20 17:58:00+00:00,441.52
2026-04-20 17:59:00+00:00,441.51
2026-04-20 18:00:00+00:00,441.74
2026-04-20 18:01:00+00:00,441.81
2026-04-20 18:02:00+00:00,441.8
2026-04-20 18:03:00+00:00,441.94
2026-04-20 18:04:00+00:00,441.84
2026-04-20 18:05:00+00:00,442.02
2026-04-20 18:06:00+00:00,442.24
2026-04-20 18:07:00+00:00,442.09
2026-04-20 18:08:00+00:00,442.15
2026-04-20 18:09:00+00:00,442.19
2026-04-20 18:10:00+00:00,442.135
2026-04-20 18:11:00+00:00,442.01
2026-04-20 18:13:00+00:00,442.08
2026-04-20 18:14:00+00:00,442.16
2026-04-20 18:15:00+00:00,442.22
2026-04-20 18:16:00+00:00,442.17
2026-04-20 18:17:00+00:00,442.23
2026-04-20 18:18:00+00:00,442.15
2026-04-20 18:19:00+00:00,442.135
2026-04-20 18:20:00+00:00,442.17
2026-04-20 18:21:00+00:00,442.03
2026-04-20 18:22:00+00:00,442.17
2026-04-20 18:23:00+00:00,442.075
2026-04-20 18:24:00+00:00,442.13
2026-04-20 18:25:00+00:00,442.085
2026-04-20 18:26:00+00:00,442.09
2026-04-20 18:27:00+00:00,442.11
2026-04-20 18:28:00+00:00,442.09
2026-04-20 18:29:00+00:00,442.11
2026-04-20 18:31:00+00:00,442.11
2026-04-20 18:32:00+00:00,442.05
2026-04-20 18:33:00+00:00,442.24
2026-04-20 18:34:00+00:00,442.19
2026-04-20 18:35:00+00:00,442.175
2026-04-20 18:36:00+00:00,441.97
2026-04-20 18:38:00+00:00,441.95
2026-04-20 18:40:00+00:00,442.11
2026-04-20 18:42:00+00:00,442.295
2026-04-20 18:44:00+00:00,442.24
2026-04-20 18:45:00+00:00,442.23
2026-04-20 18:46:00+00:00,442.32
2026-04-20 18:47:00+00:00,442.3
2026-04-20 18:48:00+00:00,442.29
2026-04-20 18:49:00+00:00,442.29
2026-04-20 18:50:00+00:00,442.31
2026-04-20 18:51:00+00:00,442.38
2026-04-20 18:52:00+00:00,442.29
2026-04-20 18:53:00+00:00,442.28
2026-04-20 18:54:00+00:00,442.3
2026-04-20 18:55:00+00:00,442.33
2026-04-20 18:56:00+00:00,442.27
2026-04-20 18:57:00+00:00,442.3
2026-04-20 18:59:00+00:00,442.14
2026-04-20 19:00:00+00:00,442.52
2026-04-20 19:01:00+00:00,442.55
2026-04-20 19:02:00+00:00,442.47
2026-04-20 19:03:00+00:00,442.49
2026-04-20 19:04:00+00:00,442.51
2026-04-20 19:06:00+00:00,442.62
2026-04-20 19:07:00+00:00,442.58
2026-04-20 19:08:00+00:00,442.68
2026-04-20 19:09:00+00:00,442.71
2026-04-20 19:10:00+00:00,442.62
2026-04-20 19:11:00+00:00,442.61
2026-04-20 19:12:00+00:00,442.66
2026-04-20 19:13:00+00:00,442.72
2026-04-20 19:15:00+00:00,442.66
2026-04-20 19:16:00+00:00,442.67
2026-04-20 19:18:00+00:00,442.61
2026-04-20 19:19:00+00:00,442.6
2026-04-20 19:22:00+00:00,442.59
2026-04-20 19:24:00+00:00,442.56
2026-04-20 19:25:00+00:00,442.58
2026-04-20 19:26:00+00:00,442.56
2026-04-20 19:29:00+00:00,442.47
2026-04-20 19:30:00+00:00,442.46
2026-04-20 19:31:00+00:00,442.39
2026-04-20 19:32:00+00:00,442.27
2026-04-20 19:33:00+00:00,442.24
2026-04-20 19:34:00+00:00,442.25
2026-04-20 19:35:00+00:00,441.92
2026-04-20 19:36:00+00:00,442.08
2026-04-20 19:37:00+00:00,441.96
2026-04-20 19:40:00+00:00,441.855
2026-04-20 19:41:00+00:00,441.905
2026-04-20 19:42:00+00:00,441.92
2026-04-20 19:44:00+00:00,441.915
2026-04-20 19:45:00+00:00,441.945
2026-04-20 19:46:00+00:00,441.99
2026-04-20 19:47:00+00:00,441.99
2026-04-20 19:48:00+00:00,441.96
2026-04-20 19:49:00+00:00,441.89
2026-04-20 19:50:00+00:00,441.88
2026-04-20 19:51:00+00:00,442.01
2026-04-20 19:52:00+00:00,441.97
2026-04-20 19:53:00+00:00,441.98
2026-04-20 19:54:00+00:00,441.89
2026-04-20 19:55:00+00:00,441.91
2026-04-20 19:56:00+00:00,441.9
2026-04-20 19:57:00+00:00,441.95
2026-04-20 19:58:00+00:00,441.945
2026-04-20 19:59:00+00:00,442.08
2026-04-20 20:22:00+00:00,442.07
2026-04-21 12:18:00+00:00,439.67
2026-04-21 12:22:00+00:00,439.43
2026-04-21 12:31:00+00:00,438.56
2026-04-21 13:07:00+00:00,438.25
2026-04-21 13:10:00+00:00,437.86
2026-04-21 13:15:00+00:00,438.0
2026-04-21 13:30:00+00:00,438.63
2026-04-21 13:31:00+00:00,438.98
2026-04-21 13:33:00+00:00,438.835
2026-04-21 13:34:00+00:00,438.71
2026-04-21 13:35:00+00:00,438.245
2026-04-21 13:36:00+00:00,438.55
2026-04-21 13:37:00+00:00,438.55
2026-04-21 13:38:00+00:00,438.98
2026-04-21 13:39:00+00:00,439.37
2026-04-21 13:40:00+00:00,439.7
2026-04-21 13:41:00+00:00,439.64
2026-04-21 13:44:00+00:00,439.82
2026-04-21 13:45:00+00:00,439.54
2026-04-21 13:46:00+00:00,439.805
2026-04-21 13:48:00+00:00,439.88
2026-04-21 13:49:00+00:00,439.79
2026-04-21 13:50:00+00:00,439.7
2026-04-21 13:51:00+00:00,439.83
2026-04-21 13:52:00+00:00,440.0
2026-04-21 13:53:00+00:00,440.08
2026-04-21 13:54:00+00:00,439.78
2026-04-21 13:56:00+00:00,439.485
2026-04-21 13:57:00+00:00,439.4
2026-04-21 13:58:00+00:00,439.17
2026-04-21 14:00:00+00:00,438.52
2026-04-21 14:01:00+00:00,438.745
2026-04-21 14:02:00+00:00,438.795
2026-04-21 14:03:00+00:00,438.65
2026-04-21 14:04:00+00:00,438.96
2026-04-21 14:05:00+00:00,439.08
2026-04-21 14:06:00+00:00,438.97
2026-04-21 14:07:00+00:00,439.015
2026-04-21 14:08:00+00:00,439.115
2026-04-21 14:09:00+00:00,439.01
2026-04-21 14:10:00+00:00,438.76
2026-04-21 14:11:00+00:00,438.92
2026-04-21 14:12:00+00:00,438.77
2026-04-21 14:13:00+00:00,438.78
2026-04-21 14:14:00+00:00,438.835
2026-04-21 14:15:00+00:00,438.845
2026-04-21 14:16:00+00:00,438.87
2026-04-21 14:17:00+00:00,438.79
2026-04-21 14:18:00+00:00,438.82
2026-04-21 14:19:00+00:00,438.78
2026-04-21 14:20:00+00:00,438.46
2026-04-21 14:21:00+00:00,438.575
2026-04-21 14:22:00+00:00,438.52
2026-04-21 14:23:00+00:00,438.3
2026-04-21 14:24:00+00:00,438.325
2026-04-21 14:25:00+00:00,438.275
2026-04-21 14:26:00+00:00,438.23
2026-04-21 14:27:00+00:00,438.33
2026-04-21 14:28:00+00:00,438.305
2026-04-21 14:29:00+00:00,438.44
2026-04-21 14:30:00+00:00,438.31
2026-04-21 14:31:00+00:00,438.2
2026-04-21 14:32:00+00:00,438.04
2026-04-21 14:33:00+00:00,437.79
2026-04-21 14:34:00+00:00,437.71
2026-04-21 14:36:00+00:00,437.52
2026-04-21 14:37:00+00:00,437.52
2026-04-21 14:38:00+00:00,437.74
2026-04-21 14:39:00+00:00,437.23
2026-04-21 14:40:00+00:00,436.6
2026-04-21 14:41:00+00:00,436.96
2026-04-21 14:42:00+00:00,436.89
2026-04-21 14:43:00+00:00,436.66
2026-04-21 14:44:00+00:00,435.92
2026-04-21 14:45:00+00:00,435.765
2026-04-21 14:46:00+00:00,434.39
2026-04-21 14:47:00+00:00,434.37
2026-04-21 14:48:00+00:00,434.455
2026-04-21 14:49:00+00:00,434.2
2026-04-21 14:50:00+00:00,434.19
2026-04-21 14:51:00+00:00,434.13
2026-04-21 14:52:00+00:00,434.755
2026-04-21 14:53:00+00:00,434.9
2026-04-21 14:54:00+00:00,435.185
2026-04-21 14:55:00+00:00,435.06
2026-04-21 14:56:00+00:00,435.42
2026-04-21 14:57:00+00:00,435.145
2026-04-21 14:58:00+00:00,435.12
2026-04-21 14:59:00+00:00,435.26
2026-04-21 15:00:00+00:00,435.045
2026-04-21 15:02:00+00:00,434.51
2026-04-21 15:03:00+00:00,434.75
2026-04-21 15:04:00+00:00,434.975
2026-04-21 15:05:00+00:00,434.25
2026-04-21 15:06:00+00:00,434.44
2026-04-21 15:07:00+00:00,435.05
2026-04-21 15:08:00+00:00,435.02
2026-04-21 15:09:00+00:00,435.3
2026-04-21 15:10:00+00:00,435.76
2026-04-21 15:11:00+00:00,435.91
2026-04-21 15:12:00+00:00,436.02
2026-04-21 15:13:00+00:00,435.97
2026-04-21 15:15:00+00:00,435.99
2026-04-21 15:16:00+00:00,436.135
2026-04-21 15:17:00+00:00,436.04
2026-04-21 15:18:00+00:00,436.4
2026-04-21 15:19:00+00:00,436.73
2026-04-21 15:20:00+00:00,436.79
2026-04-21 15:21:00+00:00,436.62
2026-04-21 15:22:00+00:00,436.5
2026-04-21 15:23:00+00:00,436.37
2026-04-21 15:24:00+00:00,436.1
2026-04-21 15:25:00+00:00,436.04
2026-04-21 15:26:00+00:00,435.61
2026-04-21 15:27:00+00:00,435.72
2026-04-21 15:28:00+00:00,435.525
2026-04-21 15:30:00+00:00,435.515
2026-04-21 15:31:00+00:00,435.53
2026-04-21 15:32:00+00:00,435.63
2026-04-21 15:33:00+00:00,435.51
2026-04-21 15:34:00+00:00,435.62
2026-04-21 15:35:00+00:00,435.4
2026-04-21 15:36:00+00:00,435.05
2026-04-21 15:37:00+00:00,435.51
2026-04-21 15:38:00+00:00,435.48
2026-04-21 15:39:00+00:00,435.56
2026-04-21 15:41:00+00:00,435.26
2026-04-21 15:42:00+00:00,435.61
2026-04-21 15:43:00+00:00,435.83
2026-04-21 15:44:00+00:00,435.96
2026-04-21 15:45:00+00:00,435.93
2026-04-21 15:46:00+00:00,435.85
2026-04-21 15:47:00+00:00,436.05
2026-04-21 15:48:00+00:00,435.98
2026-04-21 15:49:00+00:00,436.02
2026-04-21 15:51:00+00:00,435.59
2026-04-21 15:52:00+00:00,435.55
2026-04-21 15:53:00+00:00,435.455
2026-04-21 15:54:00+00:00,435.375
2026-04-21 15:55:00+00:00,435.34
2026-04-21 15:56:00+00:00,435.45
2026-04-21 15:57:00+00:00,435.31
2026-04-21 15:58:00+00:00,435.35
2026-04-21 15:59:00+00:00,435.44
2026-04-21 16:00:00+00:00,435.615
2026-04-21 16:01:00+00:00,435.555
2026-04-21 16:02:00+00:00,435.73
2026-04-21 16:03:00+00:00,435.625
2026-04-21 16:09:00+00:00,435.04
2026-04-21 16:10:00+00:00,434.64
2026-04-21 16:11:00+00:00,434.665
2026-04-21 16:12:00+00:00,434.575
2026-04-21 16:14:00+00:00,434.2
2026-04-21 16:15:00+00:00,434.44
2026-04-21 16:16:00+00:00,434.46
2026-04-21 16:17:00+00:00,434.66
2026-04-21 16:18:00+00:00,434.72
2026-04-21 16:19:00+00:00,434.65
2026-04-21 16:20:00+00:00,434.27
2026-04-21 16:21:00+00:00,434.375
2026-04-21 16:22:00+00:00,434.46
2026-04-21 16:24:00+00:00,434.415
2026-04-21 16:25:00+00:00,434.0
2026-04-21 16:27:00+00:00,433.89
2026-04-21 16:28:00+00:00,433.42
2026-04-21 16:29:00+00:00,433.51
2026-04-21 16:30:00+00:00,433.515
2026-04-21 16:31:00+00:00,433.51
2026-04-21 16:32:00+00:00,433.82
2026-04-21 16:34:00+00:00,433.76
2026-04-21 16:35:00+00:00,434.11
2026-04-21 16:36:00+00:00,433.93
2026-04-21 16:37:00+00:00,433.765
2026-04-21 16:39:00+00:00,433.785
2026-04-21 16:42:00+00:00,433.845
2026-04-21 16:43:00+00:00,433.765
2026-04-21 16:44:00+00:00,433.625
2026-04-21 16:46:00+00:00,433.66
2026-04-21 16:47:00+00:00,433.33
2026-04-21 16:48:00+00:00,433.47
2026-04-21 16:49:00+00:00,433.61
2026-04-21 16:50:00+00:00,433.5
2026-04-21 16:51:00+00:00,433.0
2026-04-21 16:52:00+00:00,432.945
2026-04-21 16:53:00+00:00,432.66
2026-04-21 16:54:00+00:00,432.49
2026-04-21 16:55:00+00:00,432.75
2026-04-21 16:56:00+00:00,432.58
2026-04-21 16:57:00+00:00,432.53
2026-04-21 16:58:00+00:00,432.595
2026-04-21 16:59:00+00:00,432.56
2026-04-21 17:00:00+00:00,432.575
2026-04-21 17:01:00+00:00,433.25
2026-04-21 17:02:00+00:00,433.115
2026-04-21 17:03:00+00:00,433.21
2026-04-21 17:04:00+00:00,432.79
2026-04-21 17:05:00+00:00,432.69
2026-04-21 17:06:00+00:00,432.46
2026-04-21 17:10:00+00:00,432.27
2026-04-21 17:11:00+00:00,432.14
2026-04-21 17:12:00+00:00,431.75
2026-04-21 17:13:00+00:00,431.97
2026-04-21 17:14:00+00:00,432.155
2026-04-21 17:19:00+00:00,431.68
2026-04-21 17:21:00+00:00,431.73
2026-04-21 17:22:00+00:00,431.86
2026-04-21 17:23:00+00:00,431.99
2026-04-21 17:24:00+00:00,431.93
2026-04-21 17:25:00+00:00,431.99
2026-04-21 17:26:00+00:00,431.65
2026-04-21 17:27:00+00:00,431.56
2026-04-21 17:28:00+00:00,431.45
2026-04-21 17:32:00+00:00,431.93
2026-04-21 17:33:00+00:00,432.095
2026-04-21 17:34:00+00:00,432.1
2026-04-21 17:35:00+00:00,432.18
2026-04-21 17:36:00+00:00,432.06
2026-04-21 17:37:00+00:00,432.17
2026-04-21 17:38:00+00:00,432.51
2026-04-21 17:39:00+00:00,432.175
2026-04-21 17:40:00+00:00,432.485
2026-04-21 17:41:00+00:00,432.63
2026-04-21 17:42:00+00:00,433.12
2026-04-21 17:43:00+00:00,433.57
2026-04-21 17:48:00+00:00,432.92
2026-04-21 17:50:00+00:00,432.74
2026-04-21 17:51:00+00:00,432.635
2026-04-21 17:52:00+00:00,432.62
2026-04-21 17:53:00+00:00,432.51
2026-04-21 17:54:00+00:00,432.36
2026-04-21 17:58:00+00:00,432.41
2026-04-21 18:00:00+00:00,432.89
2026-04-21 18:01:00+00:00,432.86
2026-04-21 18:02:00+00:00,432.77
2026-04-21 18:04:00+00:00,432.69
2026-04-21 18:05:00+00:00,432.86
2026-04-21 18:06:00+00:00,432.585
2026-04-21 18:07:00+00:00,432.55
2026-04-21 18:09:00+00:00,432.49
2026-04-21 18:12:00+00:00,432.24
2026-04-21 18:13:00+00:00,432.065
2026-04-21 18:14:00+00:00,432.02
2026-04-21 18:15:00+00:00,431.91
2026-04-21 18:18:00+00:00,431.465
2026-04-21 18:19:00+00:00,431.29
2026-04-21 18:21:00+00:00,431.4
2026-04-21 18:22:00+00:00,431.17
2026-04-21 18:23:00+00:00,431.11
2026-04-21 18:24:00+00:00,431.1
2026-04-21 18:25:00+00:00,431.24
2026-04-21 18:26:00+00:00,431.055
2026-04-21 18:29:00+00:00,431.22
2026-04-21 18:30:00+00:00,431.485
2026-04-21 18:33:00+00:00,431.77
2026-04-21 18:34:00+00:00,431.86
2026-04-21 18:35:00+00:00,431.75
2026-04-21 18:36:00+00:00,431.89
2026-04-21 18:37:00+00:00,431.77
2026-04-21 18:38:00+00:00,431.755
2026-04-21 18:39:00+00:00,431.75
2026-04-21 18:40:00+00:00,431.72
2026-04-21 18:41:00+00:00,431.69
2026-04-21 18:42:00+00:00,431.59
2026-04-21 18:44:00+00:00,431.8
2026-04-21 18:46:00+00:00,431.98
2026-04-21 18:48:00+00:00,431.84
2026-04-21 18:50:00+00:00,431.73
2026-04-21 18:51:00+00:00,431.735
2026-04-21 18:52:00+00:00,431.69
2026-04-21 18:53:00+00:00,431.58
2026-04-21 18:54:00+00:00,432.51
2026-04-21 18:55:00+00:00,432.52
2026-04-21 18:56:00+00:00,432.08
2026-04-21 18:57:00+00:00,432.37
2026-04-21 18:58:00+00:00,432.32
2026-04-21 18:59:00+00:00,432.44
2026-04-21 19:00:00+00:00,432.365
2026-04-21 19:01:00+00:00,432.43
2026-04-21 19:02:00+00:00,432.485
2026-04-21 19:03:00+00:00,432.495
2026-04-21 19:04:00+00:00,432.46
2026-04-21 19:05:00+00:00,432.59
2026-04-21 19:06:00+00:00,432.48
2026-04-21 19:07:00+00:00,432.56
2026-04-21 19:09:00+00:00,432.5
2026-04-21 19:11:00+00:00,432.56
2026-04-21 19:12:00+00:00,432.675
2026-04-21 19:14:00+00:00,432.22
2026-04-21 19:15:00+00:00,432.38
2026-04-21 19:16:00+00:00,432.52
2026-04-21 19:17:00+00:00,432.28
2026-04-21 19:18:00+00:00,432.25
2026-04-21 19:19:00+00:00,432.23
2026-04-21 19:20:00+00:00,432.14
2026-04-21 19:21:00+00:00,432.7
2026-04-21 19:22:00+00:00,432.705
2026-04-21 19:23:00+00:00,432.75
2026-04-21 19:24:00+00:00,432.84
2026-04-21 19:25:00+00:00,432.94
2026-04-21 19:26:00+00:00,432.85
2026-04-21 19:27:00+00:00,432.8
2026-04-21 19:28:00+00:00,432.89
2026-04-21 19:29:00+00:00,432.865
2026-04-21 19:30:00+00:00,432.83
2026-04-21 19:31:00+00:00,432.79
2026-04-21 19:32:00+00:00,432.86
2026-04-21 19:33:00+00:00,432.74
2026-04-21 19:34:00+00:00,432.58
2026-04-21 19:35:00+00:00,432.33
2026-04-21 19:36:00+00:00,432.31
2026-04-21 19:37:00+00:00,431.93
2026-04-21 19:38:00+00:00,431.67
2026-04-21 19:39:00+00:00,431.65
2026-04-21 19:40:00+00:00,431.575
2026-04-21 19:41:00+00:00,430.7
2026-04-21 19:42:00+00:00,430.05
2026-04-21 19:43:00+00:00,429.19
2026-04-21 19:44:00+00:00,429.02
2026-04-21 19:45:00+00:00,429.62
2026-04-21 19:46:00+00:00,429.13
2026-04-21 19:47:00+00:00,429.78
2026-04-21 19:48:00+00:00,429.9
2026-04-21 19:49:00+00:00,429.92
2026-04-21 19:50:00+00:00,430.17
2026-04-21 19:51:00+00:00,429.62
2026-04-21 19:52:00+00:00,429.45
2026-04-21 19:53:00+00:00,429.57
2026-04-21 19:54:00+00:00,429.78
2026-04-21 19:55:00+00:00,430.01
2026-04-21 19:56:00+00:00,429.75
2026-04-21 19:57:00+00:00,429.7
2026-04-21 19:58:00+00:00,429.605
2026-04-21 19:59:00+00:00,429.62
2026-04-21 20:01:00+00:00,429.52
2026-04-21 20:02:00+00:00,429.5
2026-04-21 20:58:00+00:00,433.49
2026-04-22 12:26:00+00:00,436.7
2026-04-22 13:00:00+00:00,435.71
2026-04-22 13:10:00+00:00,435.48
2026-04-22 13:19:00+00:00,435.44
2026-04-22 13:30:00+00:00,435.795
2026-04-22 13:31:00+00:00,435.78
2026-04-22 13:32:00+00:00,435.485
2026-04-22 13:33:00+00:00,435.74
2026-04-22 13:34:00+00:00,435.71
2026-04-22 13:35:00+00:00,435.69
2026-04-22 13:36:00+00:00,436.01
2026-04-22 13:37:00+00:00,436.31
2026-04-22 13:38:00+00:00,436.01
2026-04-22 13:39:00+00:00,436.0
2026-04-22 13:40:00+00:00,435.96
2026-04-22 13:41:00+00:00,436.26
2026-04-22 13:43:00+00:00,436.51
2026-04-22 13:44:00+00:00,436.71
2026-04-22 13:45:00+00:00,436.92
2026-04-22 13:46:00+00:00,437.12
2026-04-22 13:47:00+00:00,436.82
2026-04-22 13:48:00+00:00,436.725
2026-04-22 13:49:00+00:00,436.76
2026-04-22 13:50:00+00:00,436.77
2026-04-22 13:52:00+00:00,436.52
2026-04-22 13:53:00+00:00,436.415
2026-04-22 13:54:00+00:00,436.56
2026-04-22 13:55:00+00:00,436.6
2026-04-22 13:56:00+00:00,436.62
2026-04-22 13:57:00+00:00,436.45
2026-04-22 13:58:00+00:00,436.435
2026-04-22 14:00:00+00:00,436.48
2026-04-22 14:01:00+00:00,436.31
2026-04-22 14:02:00+00:00,436.21
2026-04-22 14:03:00+00:00,436.02
2026-04-22 14:04:00+00:00,435.77
2026-04-22 14:05:00+00:00,435.54
2026-04-22 14:06:00+00:00,435.73
2026-04-22 14:08:00+00:00,435.59
2026-04-22 14:09:00+00:00,435.73
2026-04-22 14:10:00+00:00,435.94
2026-04-22 14:11:00+00:00,435.65
2026-04-22 14:13:00+00:00,435.59
2026-04-22 14:14:00+00:00,435.83
2026-04-22 14:15:00+00:00,435.94
2026-04-22 14:16:00+00:00,435.865
2026-04-22 14:17:00+00:00,435.98
2026-04-22 14:18:00+00:00,435.905
2026-04-22 14:19:00+00:00,435.89
2026-04-22 14:20:00+00:00,436.13
2026-04-22 14:21:00+00:00,436.21
2026-04-22 14:22:00+00:00,435.94
2026-04-22 14:23:00+00:00,435.86
2026-04-22 14:24:00+00:00,435.69
2026-04-22 14:25:00+00:00,435.86
2026-04-22 14:26:00+00:00,435.9
2026-04-22 14:27:00+00:00,435.74
2026-04-22 14:28:00+00:00,435.68
2026-04-22 14:29:00+00:00,435.63
2026-04-22 14:30:00+00:00,435.28
2026-04-22 14:31:00+00:00,435.2
2026-04-22 14:32:00+00:00,435.11
2026-04-22 14:33:00+00:00,435.02
2026-04-22 14:34:00+00:00,435.24
2026-04-22 14:35:00+00:00,434.6
2026-04-22 14:36:00+00:00,434.535
2026-04-22 14:37:00+00:00,434.74
2026-04-22 14:39:00+00:00,434.89
2026-04-22 14:41:00+00:00,435.19
2026-04-22 14:42:00+00:00,434.86
2026-04-22 14:43:00+00:00,434.65
2026-04-22 14:45:00+00:00,434.69
2026-04-22 14:46:00+00:00,434.74
2026-04-22 14:47:00+00:00,434.74
2026-04-22 14:49:00+00:00,435.15
2026-04-22 14:50:00+00:00,434.91
2026-04-22 14:51:00+00:00,434.71
2026-04-22 14:52:00+00:00,434.66
2026-04-22 14:53:00+00:00,434.59
2026-04-22 14:54:00+00:00,435.03
2026-04-22 14:55:00+00:00,434.93
2026-04-22 14:56:00+00:00,434.85
2026-04-22 14:57:00+00:00,434.63
2026-04-22 14:59:00+00:00,434.9
2026-04-22 15:00:00+00:00,435.05
2026-04-22 15:01:00+00:00,434.96
2026-04-22 15:02:00+00:00,434.77
2026-04-22 15:03:00+00:00,434.83
2026-04-22 15:04:00+00:00,434.775
2026-04-22 15:05:00+00:00,434.89
2026-04-22 15:06:00+00:00,434.88
2026-04-22 15:07:00+00:00,435.17
2026-04-22 15:08:00+00:00,435.11
2026-04-22 15:09:00+00:00,435.02
2026-04-22 15:10:00+00:00,435.21
2026-04-22 15:11:00+00:00,435.22
2026-04-22 15:12:00+00:00,435.07
2026-04-22 15:13:00+00:00,435.06
2026-04-22 15:16:00+00:00,434.52
2026-04-22 15:17:00+00:00,434.4
2026-04-22 15:20:00+00:00,434.55
2026-04-22 15:21:00+00:00,434.575
2026-04-22 15:22:00+00:00,434.61
2026-04-22 15:23:00+00:00,434.5
2026-04-22 15:24:00+00:00,434.67
2026-04-22 15:25:00+00:00,434.83
2026-04-22 15:26:00+00:00,434.54
2026-04-22 15:27:00+00:00,434.51
2026-04-22 15:28:00+00:00,434.6
2026-04-22 15:29:00+00:00,434.79
2026-04-22 15:31:00+00:00,434.64
2026-04-22 15:33:00+00:00,434.69
2026-04-22 15:34:00+00:00,434.61
2026-04-22 15:35:00+00:00,434.2
2026-04-22 15:36:00+00:00,434.175
2026-04-22 15:37:00+00:00,434.29
2026-04-22 15:38:00+00:00,434.2
2026-04-22 15:39:00+00:00,434.12
2026-04-22 15:41:00+00:00,434.2
2026-04-22 15:42:00+00:00,434.14
2026-04-22 15:43:00+00:00,434.03
2026-04-22 15:48:00+00:00,434.27
2026-04-22 15:49:00+00:00,434.16
2026-04-22 15:50:00+00:00,434.08
2026-04-22 15:51:00+00:00,434.0
2026-04-22 15:52:00+00:00,433.88
2026-04-22 15:53:00+00:00,434.07
2026-04-22 15:54:00+00:00,434.09
2026-04-22 15:55:00+00:00,434.28
2026-04-22 15:56:00+00:00,434.415
2026-04-22 15:57:00+00:00,434.37
2026-04-22 15:58:00+00:00,434.305
2026-04-22 16:00:00+00:00,434.3
2026-04-22 16:01:00+00:00,433.96
2026-04-22 16:02:00+00:00,434.13
2026-04-22 16:03:00+00:00,434.205
2026-04-22 16:04:00+00:00,434.255
2026-04-22 16:05:00+00:00,434.55
2026-04-22 16:06:00+00:00,434.41
2026-04-22 16:08:00+00:00,434.66
2026-04-22 16:09:00+00:00,434.695
2026-04-22 16:11:00+00:00,434.33
2026-04-22 16:13:00+00:00,434.45
2026-04-22 16:14:00+00:00,434.445
2026-04-22 16:15:00+00:00,434.37
2026-04-22 16:17:00+00:00,434.23
2026-04-22 16:18:00+00:00,434.15
2026-04-22 16:21:00+00:00,434.0
2026-04-22 16:22:00+00:00,434.1
2026-04-22 16:24:00+00:00,433.8
2026-04-22 16:25:00+00:00,433.96
2026-04-22 16:26:00+00:00,433.955
2026-04-22 16:27:00+00:00,434.035
2026-04-22 16:28:00+00:00,434.115
2026-04-22 16:29:00+00:00,434.055
2026-04-22 16:30:00+00:00,433.8
2026-04-22 16:31:00+00:00,434.005
2026-04-22 16:32:00+00:00,434.005
2026-04-22 16:33:00+00:00,434.1
2026-04-22 16:34:00+00:00,434.2
2026-04-22 16:38:00+00:00,434.305
2026-04-22 16:39:00+00:00,434.28
2026-04-22 16:40:00+00:00,434.415
2026-04-22 16:41:00+00:00,434.48
2026-04-22 16:43:00+00:00,434.34
2026-04-22 16:45:00+00:00,434.12
2026-04-22 16:48:00+00:00,434.31
2026-04-22 16:49:00+00:00,434.22
2026-04-22 16:50:00+00:00,434.36
2026-04-22 16:52:00+00:00,434.13
2026-04-22 16:53:00+00:00,434.21
2026-04-22 16:54:00+00:00,434.24
2026-04-22 16:56:00+00:00,434.01
2026-04-22 16:57:00+00:00,434.16
2026-04-22 17:00:00+00:00,434.3
2026-04-22 17:01:00+00:00,434.755
2026-04-22 17:02:00+00:00,434.725
2026-04-22 17:03:00+00:00,434.82
2026-04-22 17:04:00+00:00,434.8
2026-04-22 17:05:00+00:00,434.93
2026-04-22 17:06:00+00:00,434.92
2026-04-22 17:07:00+00:00,434.74
2026-04-22 17:08:00+00:00,434.79
2026-04-22 17:09:00+00:00,434.925
2026-04-22 17:16:00+00:00,434.89
2026-04-22 17:17:00+00:00,434.9
2026-04-22 17:18:00+00:00,434.77
2026-04-22 17:19:00+00:00,434.75
2026-04-22 17:20:00+00:00,434.73
2026-04-22 17:25:00+00:00,434.96
2026-04-22 17:26:00+00:00,434.96
2026-04-22 17:27:00+00:00,434.82
2026-04-22 17:28:00+00:00,434.73
2026-04-22 17:30:00+00:00,434.93
2026-04-22 17:33:00+00:00,434.96
2026-04-22 17:34:00+00:00,435.06
2026-04-22 17:35:00+00:00,435.08
2026-04-22 17:36:00+00:00,435.0
2026-04-22 17:37:00+00:00,434.895
2026-04-22 17:38:00+00:00,434.89
2026-04-22 17:39:00+00:00,434.895
2026-04-22 17:40:00+00:00,434.88
2026-04-22 17:41:00+00:00,434.76
2026-04-22 17:42:00+00:00,434.87
2026-04-22 17:43:00+00:00,434.945
2026-04-22 17:45:00+00:00,434.81
2026-04-22 17:46:00+00:00,434.68
2026-04-22 17:47:00+00:00,434.88
2026-04-22 17:48:00+00:00,435.035
2026-04-22 17:49:00+00:00,434.95
2026-04-22 17:50:00+00:00,434.91
2026-04-22 17:51:00+00:00,434.945
2026-04-22 17:52:00+00:00,435.02
2026-04-22 17:53:00+00:00,435.03
2026-04-22 17:54:00+00:00,434.99
2026-04-22 17:55:00+00:00,435.0
2026-04-22 17:57:00+00:00,434.88
2026-04-22 17:58:00+00:00,435.05
2026-04-22 18:02:00+00:00,435.01
2026-04-22 18:03:00+00:00,434.99
2026-04-22 18:04:00+00:00,434.97
2026-04-22 18:05:00+00:00,435.07
2026-04-22 18:06:00+00:00,435.07
2026-04-22 18:07:00+00:00,435.06
2026-04-22 18:08:00+00:00,435.06
2026-04-22 18:09:00+00:00,435.06
2026-04-22 18:11:00+00:00,434.935
2026-04-22 18:12:00+00:00,434.91
2026-04-22 18:13:00+00:00,434.975
2026-04-22 18:14:00+00:00,434.9
2026-04-22 18:15:00+00:00,434.91
2026-04-22 18:18:00+00:00,434.66
2026-04-22 18:20:00+00:00,434.48
2026-04-22 18:21:00+00:00,434.47
2026-04-22 18:22:00+00:00,434.35
2026-04-22 18:23:00+00:00,434.41
2026-04-22 18:24:00+00:00,434.42
2026-04-22 18:25:00+00:00,434.7
2026-04-22 18:26:00+00:00,434.585
2026-04-22 18:27:00+00:00,434.55
2026-04-22 18:28:00+00:00,434.46
2026-04-22 18:29:00+00:00,434.39
2026-04-22 18:30:00+00:00,434.37
2026-04-22 18:32:00+00:00,434.675
2026-04-22 18:33:00+00:00,434.72
2026-04-22 18:34:00+00:00,434.72
2026-04-22 18:35:00+00:00,434.67
2026-04-22 18:37:00+00:00,434.96
2026-04-22 18:38:00+00:00,434.96
2026-04-22 18:39:00+00:00,435.0
2026-04-22 18:41:00+00:00,434.89
2026-04-22 18:42:00+00:00,434.87
2026-04-22 18:45:00+00:00,435.37
2026-04-22 18:47:00+00:00,435.53
2026-04-22 18:48:00+00:00,435.905
2026-04-22 18:49:00+00:00,435.955
2026-04-22 18:50:00+00:00,435.63
2026-04-22 18:51:00+00:00,435.65
2026-04-22 18:52:00+00:00,435.605
2026-04-22 18:53:00+00:00,435.57
2026-04-22 18:56:00+00:00,435.25
2026-04-22 18:57:00+00:00,435.35
2026-04-22 18:59:00+00:00,435.43
2026-04-22 19:00:00+00:00,435.38
2026-04-22 19:01:00+00:00,435.39
2026-04-22 19:02:00+00:00,435.41
2026-04-22 19:04:00+00:00,435.4
2026-04-22 19:07:00+00:00,435.34
2026-04-22 19:09:00+00:00,435.28
2026-04-22 19:11:00+00:00,435.19
2026-04-22 19:12:00+00:00,435.12
2026-04-22 19:14:00+00:00,435.195
2026-04-22 19:15:00+00:00,435.23
2026-04-22 19:17:00+00:00,435.38
2026-04-22 19:18:00+00:00,435.38
2026-04-22 19:19:00+00:00,435.42
2026-04-22 19:20:00+00:00,435.38
2026-04-22 19:21:00+00:00,435.41
2026-04-22 19:22:00+00:00,435.33
2026-04-22 19:24:00+00:00,435.44
2026-04-22 19:25:00+00:00,435.57
2026-04-22 19:26:00+00:00,435.62
2026-04-22 19:27:00+00:00,435.76
2026-04-22 19:28:00+00:00,435.765
2026-04-22 19:29:00+00:00,435.74
2026-04-22 19:31:00+00:00,435.55
2026-04-22 19:32:00+00:00,435.57
2026-04-22 19:33:00+00:00,435.42
2026-04-22 19:34:00+00:00,435.48
2026-04-22 19:36:00+00:00,435.27
2026-04-22 19:37:00+00:00,435.31
2026-04-22 19:38:00+00:00,435.35
2026-04-22 19:39:00+00:00,435.21
2026-04-22 19:40:00+00:00,435.3
2026-04-22 19:41:00+00:00,435.22
2026-04-22 19:42:00+00:00,435.135
2026-04-22 19:43:00+00:00,435.18
2026-04-22 19:44:00+00:00,435.18
2026-04-22 19:45:00+00:00,435.23
2026-04-22 19:46:00+00:00,435.11
2026-04-22 19:47:00+00:00,435.08
2026-04-22 19:48:00+00:00,435.06
2026-04-22 19:49:00+00:00,435.18
2026-04-22 19:50:00+00:00,435.215
2026-04-22 19:51:00+00:00,435.235
2026-04-22 19:52:00+00:00,435.185
2026-04-22 19:53:00+00:00,435.31
2026-04-22 19:54:00+00:00,435.33
2026-04-22 19:55:00+00:00,435.32
2026-04-22 19:56:00+00:00,435.275
2026-04-22 19:57:00+00:00,435.27
2026-04-22 19:58:00+00:00,435.25
2026-04-22 19:59:00+00:00,435.24
2026-04-23 12:24:00+00:00,434.49
2026-04-23 13:30:00+00:00,433.8
2026-04-23 13:32:00+00:00,434.52
2026-04-23 13:33:00+00:00,434.26
2026-04-23 13:34:00+00:00,434.02
2026-04-23 13:36:00+00:00,434.02
2026-04-23 13:37:00+00:00,433.97
2026-04-23 13:38:00+00:00,433.89
2026-04-23 13:39:00+00:00,434.0
2026-04-23 13:40:00+00:00,434.37
2026-04-23 13:41:00+00:00,434.6
2026-04-23 13:46:00+00:00,434.675
2026-04-23 13:47:00+00:00,434.61
2026-04-23 13:48:00+00:00,434.895
2026-04-23 13:52:00+00:00,435.23
2026-04-23 13:53:00+00:00,435.01
2026-04-23 13:55:00+00:00,434.33
2026-04-23 13:56:00+00:00,434.22
2026-04-23 13:57:00+00:00,434.16
2026-04-23 13:58:00+00:00,434.08
2026-04-23 13:59:00+00:00,433.74
2026-04-23 14:00:00+00:00,433.57
2026-04-23 14:01:00+00:00,433.29
2026-04-23 14:02:00+00:00,433.31
2026-04-23 14:03:00+00:00,433.34
2026-04-23 14:04:00+00:00,433.73
2026-04-23 14:05:00+00:00,434.08
2026-04-23 14:06:00+00:00,433.45
2026-04-23 14:07:00+00:00,433.405
2026-04-23 14:08:00+00:00,433.6
2026-04-23 14:09:00+00:00,433.4
2026-04-23 14:10:00+00:00,433.24
2026-04-23 14:11:00+00:00,433.36
2026-04-23 14:13:00+00:00,433.67
2026-04-23 14:14:00+00:00,433.72
2026-04-23 14:15:00+00:00,433.91
2026-04-23 14:16:00+00:00,433.89
2026-04-23 14:17:00+00:00,434.0
2026-04-23 14:19:00+00:00,433.71
2026-04-23 14:20:00+00:00,433.93
2026-04-23 14:22:00+00:00,433.9
2026-04-23 14:23:00+00:00,434.0
2026-04-23 14:24:00+00:00,434.28
2026-04-23 14:25:00+00:00,434.41
2026-04-23 14:26:00+00:00,434.53
2026-04-23 14:27:00+00:00,434.62
2026-04-23 14:28:00+00:00,434.32
2026-04-23 14:30:00+00:00,434.52
2026-04-23 14:34:00+00:00,434.2
2026-04-23 14:38:00+00:00,434.09
2026-04-23 14:41:00+00:00,434.32
2026-04-23 14:42:00+00:00,434.205
2026-04-23 14:43:00+00:00,434.3
2026-04-23 14:51:00+00:00,434.46
2026-04-23 14:52:00+00:00,434.55
2026-04-23 14:54:00+00:00,434.61
2026-04-23 14:55:00+00:00,434.775
2026-04-23 14:56:00+00:00,434.665
2026-04-23 14:57:00+00:00,434.83
2026-04-23 14:59:00+00:00,434.57
2026-04-23 15:00:00+00:00,434.6
2026-04-23 15:01:00+00:00,434.56
2026-04-23 15:02:00+00:00,434.47
2026-04-23 15:03:00+00:00,434.54
2026-04-23 15:04:00+00:00,434.42
2026-04-23 15:05:00+00:00,434.54
2026-04-23 15:06:00+00:00,434.37
2026-04-23 15:07:00+00:00,434.295
2026-04-23 15:08:00+00:00,434.06
2026-04-23 15:09:00+00:00,434.0
2026-04-23 15:10:00+00:00,434.23
2026-04-23 15:11:00+00:00,434.29
2026-04-23 15:12:00+00:00,434.41
2026-04-23 15:13:00+00:00,434.44
2026-04-23 15:14:00+00:00,434.32
2026-04-23 15:16:00+00:00,434.31
2026-04-23 15:17:00+00:00,434.89
2026-04-23 15:18:00+00:00,435.15
2026-04-23 15:19:00+00:00,435.13
2026-04-23 15:20:00+00:00,434.885
2026-04-23 15:21:00+00:00,434.825
2026-04-23 15:22:00+00:00,435.07
2026-04-23 15:23:00+00:00,434.97
2026-04-23 15:24:00+00:00,434.915
2026-04-23 15:25:00+00:00,434.81
2026-04-23 15:26:00+00:00,434.83
2026-04-23 15:27:00+00:00,434.81
2026-04-23 15:29:00+00:00,434.6
2026-04-23 15:30:00+00:00,434.39
2026-04-23 15:33:00+00:00,434.66
2026-04-23 15:38:00+00:00,434.535
2026-04-23 15:41:00+00:00,434.56
2026-04-23 15:43:00+00:00,434.525
2026-04-23 15:44:00+00:00,434.04
2026-04-23 15:45:00+00:00,433.6
2026-04-23 15:50:00+00:00,433.6
2026-04-23 15:51:00+00:00,433.57
2026-04-23 15:52:00+00:00,433.415
2026-04-23 15:53:00+00:00,433.5
2026-04-23 15:54:00+00:00,433.28
2026-04-23 15:55:00+00:00,433.07
2026-04-23 15:56:00+00:00,433.41
2026-04-23 15:57:00+00:00,433.27
2026-04-23 15:59:00+00:00,433.39
2026-04-23 16:03:00+00:00,433.27
2026-04-23 16:04:00+00:00,433.31
2026-04-23 16:05:00+00:00,433.18
2026-04-23 16:06:00+00:00,433.3
2026-04-23 16:07:00+00:00,433.185
2026-04-23 16:08:00+00:00,433.225
2026-04-23 16:09:00+00:00,433.28
2026-04-23 16:10:00+00:00,433.385
2026-04-23 16:11:00+00:00,433.29
2026-04-23 16:12:00+00:00,433.53
2026-04-23 16:15:00+00:00,433.385
2026-04-23 16:16:00+00:00,433.455
2026-04-23 16:17:00+00:00,433.495
2026-04-23 16:19:00+00:00,433.5
2026-04-23 16:20:00+00:00,433.59
2026-04-23 16:22:00+00:00,433.445
2026-04-23 16:24:00+00:00,433.645
2026-04-23 16:28:00+00:00,433.6
2026-04-23 16:30:00+00:00,433.585
2026-04-23 16:31:00+00:00,433.73
2026-04-23 16:36:00+00:00,434.16
2026-04-23 16:42:00+00:00,434.09
2026-04-23 16:43:00+00:00,434.5
2026-04-23 16:44:00+00:00,434.59
2026-04-23 16:45:00+00:00,434.67
2026-04-23 16:46:00+00:00,434.54
2026-04-23 16:52:00+00:00,434.65
2026-04-23 16:53:00+00:00,434.65
2026-04-23 16:54:00+00:00,434.56
2026-04-23 16:55:00+00:00,434.73
2026-04-23 16:57:00+00:00,434.46
2026-04-23 16:58:00+00:00,434.34
2026-04-23 16:59:00+00:00,434.46
2026-04-23 17:00:00+00:00,434.59
2026-04-23 17:01:00+00:00,433.9
2026-04-23 17:02:00+00:00,433.82
2026-04-23 17:03:00+00:00,433.99
2026-04-23 17:04:00+00:00,434.08
2026-04-23 17:05:00+00:00,433.445
2026-04-23 17:08:00+00:00,433.02
2026-04-23 17:09:00+00:00,432.32
2026-04-23 17:10:00+00:00,432.39
2026-04-23 17:11:00+00:00,432.6
2026-04-23 17:13:00+00:00,432.61
2026-04-23 17:16:00+00:00,432.64
2026-04-23 17:18:00+00:00,432.25
2026-04-23 17:19:00+00:00,432.36
2026-04-23 17:20:00+00:00,432.36
2026-04-23 17:21:00+00:00,432.57
2026-04-23 17:23:00+00:00,432.42
2026-04-23 17:26:00+00:00,432.87
2026-04-23 17:28:00+00:00,432.47
2026-04-23 17:29:00+00:00,432.0
2026-04-23 17:31:00+00:00,432.27
2026-04-23 17:32:00+00:00,432.58
2026-04-23 17:35:00+00:00,432.8
2026-04-23 17:36:00+00:00,432.04
2026-04-23 17:37:00+00:00,431.77
2026-04-23 17:38:00+00:00,431.75
2026-04-23 17:39:00+00:00,431.57
2026-04-23 17:40:00+00:00,430.96
2026-04-23 17:41:00+00:00,430.48
2026-04-23 17:42:00+00:00,430.6
2026-04-23 17:43:00+00:00,429.79
2026-04-23 17:44:00+00:00,429.43
2026-04-23 17:45:00+00:00,429.49
2026-04-23 17:46:00+00:00,428.69
2026-04-23 17:47:00+00:00,429.72
2026-04-23 17:48:00+00:00,429.89
2026-04-23 17:49:00+00:00,429.845
2026-04-23 17:50:00+00:00,429.77
2026-04-23 17:51:00+00:00,430.11
2026-04-23 17:52:00+00:00,429.94
2026-04-23 17:53:00+00:00,431.57
2026-04-23 17:54:00+00:00,431.39
2026-04-23 17:55:00+00:00,431.095
2026-04-23 17:56:00+00:00,431.82
2026-04-23 17:57:00+00:00,431.95
2026-04-23 17:58:00+00:00,431.93
2026-04-23 18:00:00+00:00,432.555
2026-04-23 18:01:00+00:00,432.765
2026-04-23 18:02:00+00:00,432.91
2026-04-23 18:03:00+00:00,432.77
2026-04-23 18:04:00+00:00,432.755
2026-04-23 18:06:00+00:00,432.905
2026-04-23 18:07:00+00:00,432.915
2026-04-23 18:10:00+00:00,432.96
2026-04-23 18:11:00+00:00,433.075
2026-04-23 18:12:00+00:00,432.52
2026-04-23 18:13:00+00:00,432.77
2026-04-23 18:15:00+00:00,432.72
2026-04-23 18:16:00+00:00,432.78
2026-04-23 18:18:00+00:00,432.81
2026-04-23 18:19:00+00:00,432.76
2026-04-23 18:20:00+00:00,432.8
2026-04-23 18:21:00+00:00,432.58
2026-04-23 18:22:00+00:00,432.67
2026-04-23 18:23:00+00:00,432.81
2026-04-23 18:27:00+00:00,432.64
2026-04-23 18:28:00+00:00,432.69
2026-04-23 18:29:00+00:00,433.035
2026-04-23 18:30:00+00:00,433.12
2026-04-23 18:31:00+00:00,433.25
2026-04-23 18:32:00+00:00,433.08
2026-04-23 18:34:00+00:00,433.22
2026-04-23 18:36:00+00:00,433.33
2026-04-23 18:38:00+00:00,433.04
2026-04-23 18:40:00+00:00,432.84
2026-04-23 18:42:00+00:00,432.4
2026-04-23 18:46:00+00:00,432.31
2026-04-23 18:48:00+00:00,432.18
2026-04-23 18:50:00+00:00,432.11
2026-04-23 18:52:00+00:00,432.57
2026-04-23 18:53:00+00:00,432.595
2026-04-23 18:54:00+00:00,432.42
2026-04-23 18:55:00+00:00,432.22
2026-04-23 18:56:00+00:00,432.08
2026-04-23 18:57:00+00:00,432.01
2026-04-23 18:58:00+00:00,431.89
2026-04-23 18:59:00+00:00,431.62
2026-04-23 19:00:00+00:00,431.62
2026-04-23 19:01:00+00:00,431.475
2026-04-23 19:02:00+00:00,431.11
2026-04-23 19:03:00+00:00,431.23
2026-04-23 19:04:00+00:00,430.97
2026-04-23 19:05:00+00:00,431.26
2026-04-23 19:06:00+00:00,431.255
2026-04-23 19:07:00+00:00,431.42
2026-04-23 19:08:00+00:00,431.26
2026-04-23 19:09:00+00:00,431.22
2026-04-23 19:10:00+00:00,430.87
2026-04-23 19:11:00+00:00,431.1
2026-04-23 19:12:00+00:00,431.1
2026-04-23 19:13:00+00:00,431.175
2026-04-23 19:14:00+00:00,431.15
2026-04-23 19:15:00+00:00,431.105
2026-04-23 19:16:00+00:00,431.28
2026-04-23 19:17:00+00:00,431.185
2026-04-23 19:18:00+00:00,431.24
2026-04-23 19:19:00+00:00,431.325
2026-04-23 19:20:00+00:00,431.295
2026-04-23 19:21:00+00:00,431.25
2026-04-23 19:23:00+00:00,431.525
2026-04-23 19:24:00+00:00,431.67
2026-04-23 19:25:00+00:00,431.72
2026-04-23 19:26:00+00:00,431.61
2026-04-23 19:28:00+00:00,431.55
2026-04-23 19:29:00+00:00,431.4
2026-04-23 19:31:00+00:00,431.47
2026-04-23 19:32:00+00:00,431.5
2026-04-23 19:33:00+00:00,431.24
2026-04-23 19:34:00+00:00,430.92
2026-04-23 19:35:00+00:00,430.75
2026-04-23 19:36:00+00:00,430.755
2026-04-23 19:37:00+00:00,430.82
2026-04-23 19:38:00+00:00,431.03
2026-04-23 19:39:00+00:00,430.83
2026-04-23 19:40:00+00:00,430.91
2026-04-23 19:41:00+00:00,430.98
2026-04-23 19:43:00+00:00,430.75
2026-04-23 19:44:00+00:00,430.765
2026-04-23 19:45:00+00:00,430.96
2026-04-23 19:46:00+00:00,431.02
2026-04-23 19:47:00+00:00,431.075
2026-04-23 19:48:00+00:00,431.135
2026-04-23 19:49:00+00:00,431.13
2026-04-23 19:50:00+00:00,431.13
2026-04-23 19:51:00+00:00,431.14
2026-04-23 19:52:00+00:00,431.275
2026-04-23 19:53:00+00:00,431.44
2026-04-23 19:54:00+00:00,431.39
2026-04-23 19:55:00+00:00,431.27
2026-04-23 19:56:00+00:00,431.375
2026-04-23 19:57:00+00:00,431.38
2026-04-23 19:58:00+00:00,431.105
2026-04-23 19:59:00+00:00,431.09
2026-04-24 12:08:00+00:00,432.13
2026-04-24 13:30:00+00:00,431.075
2026-04-24 13:31:00+00:00,430.825
2026-04-24 13:33:00+00:00,430.96
2026-04-24 13:34:00+00:00,431.15
2026-04-24 13:35:00+00:00,431.07
2026-04-24 13:36:00+00:00,431.135
2026-04-24 13:37:00+00:00,431.39
2026-04-24 13:38:00+00:00,431.41
2026-04-24 13:39:00+00:00,431.905
2026-04-24 13:40:00+00:00,432.33
2026-04-24 13:41:00+00:00,432.21
2026-04-24 13:42:00+00:00,432.26
2026-04-24 13:43:00+00:00,432.38
2026-04-24 13:44:00+00:00,432.375
2026-04-24 13:45:00+00:00,432.48
2026-04-24 13:46:00+00:00,432.46
2026-04-24 13:47:00+00:00,432.33
2026-04-24 13:48:00+00:00,432.81
2026-04-24 13:49:00+00:00,432.69
2026-04-24 13:50:00+00:00,432.6
2026-04-24 13:51:00+00:00,432.2
2026-04-24 13:52:00+00:00,432.36
2026-04-24 13:53:00+00:00,432.28
2026-04-24 13:54:00+00:00,432.18
2026-04-24 13:55:00+00:00,432.23
2026-04-24 13:56:00+00:00,432.2
2026-04-24 13:57:00+00:00,432.535
2026-04-24 13:58:00+00:00,432.68
2026-04-24 13:59:00+00:00,432.565
2026-04-24 14:00:00+00:00,432.51
2026-04-24 14:01:00+00:00,432.88
2026-04-24 14:02:00+00:00,432.81
2026-04-24 14:03:00+00:00,432.57
2026-04-24 14:04:00+00:00,432.75
2026-04-24 14:05:00+00:00,433.935
2026-04-24 14:06:00+00:00,433.7
2026-04-24 14:07:00+00:00,433.55
2026-04-24 14:08:00+00:00,434.0
2026-04-24 14:09:00+00:00,434.215
2026-04-24 14:10:00+00:00,434.075
2026-04-24 14:11:00+00:00,434.495
2026-04-24 14:12:00+00:00,435.04
2026-04-24 14:13:00+00:00,434.735
2026-04-24 14:14:00+00:00,434.47
2026-04-24 14:15:00+00:00,434.1
2026-04-24 14:16:00+00:00,434.6
2026-04-24 14:17:00+00:00,434.41
2026-04-24 14:18:00+00:00,434.33
2026-04-24 14:19:00+00:00,434.49
2026-04-24 14:20:00+00:00,434.68
2026-04-24 14:21:00+00:00,434.19
2026-04-24 14:22:00+00:00,434.28
2026-04-24 14:23:00+00:00,434.175
2026-04-24 14:24:00+00:00,434.195
2026-04-24 14:25:00+00:00,433.995
2026-04-24 14:26:00+00:00,433.695
2026-04-24 14:27:00+00:00,433.68
2026-04-24 14:28:00+00:00,434.075
2026-04-24 14:30:00+00:00,433.95
2026-04-24 14:31:00+00:00,433.82
2026-04-24 14:32:00+00:00,434.26
2026-04-24 14:35:00+00:00,434.23
2026-04-24 14:36:00+00:00,434.22
2026-04-24 14:37:00+00:00,434.03
2026-04-24 14:39:00+00:00,434.47
2026-04-24 14:41:00+00:00,434.45
2026-04-24 14:42:00+00:00,434.3
2026-04-24 14:43:00+00:00,434.49
2026-04-24 14:44:00+00:00,434.6
2026-04-24 14:45:00+00:00,434.335
2026-04-24 14:46:00+00:00,434.45
2026-04-24 14:47:00+00:00,434.29
2026-04-24 14:48:00+00:00,434.05
2026-04-24 14:49:00+00:00,434.08
2026-04-24 14:51:00+00:00,433.86
2026-04-24 14:54:00+00:00,434.04
2026-04-24 14:55:00+00:00,433.88
2026-04-24 14:56:00+00:00,433.88
2026-04-24 14:57:00+00:00,433.9
2026-04-24 14:58:00+00:00,433.89
2026-04-24 14:59:00+00:00,433.99
2026-04-24 15:00:00+00:00,433.96
2026-04-24 15:01:00+00:00,433.83
2026-04-24 15:03:00+00:00,433.795
2026-04-24 15:06:00+00:00,433.42
2026-04-24 15:10:00+00:00,433.86
2026-04-24 15:13:00+00:00,433.57
2026-04-24 15:16:00+00:00,433.47
2026-04-24 15:19:00+00:00,433.64
2026-04-24 15:21:00+00:00,433.79
2026-04-24 15:22:00+00:00,434.01
2026-04-24 15:24:00+00:00,433.64
2026-04-24 15:25:00+00:00,433.36
2026-04-24 15:27:00+00:00,433.38
2026-04-24 15:28:00+00:00,433.42
2026-04-24 15:31:00+00:00,433.75
2026-04-24 15:32:00+00:00,433.445
2026-04-24 15:35:00+00:00,433.22
2026-04-24 15:36:00+00:00,433.33
2026-04-24 15:41:00+00:00,433.26
2026-04-24 15:43:00+00:00,433.25
2026-04-24 15:44:00+00:00,433.66
2026-04-24 15:45:00+00:00,434.4
2026-04-24 15:46:00+00:00,434.12
2026-04-24 15:47:00+00:00,434.36
2026-04-24 15:48:00+00:00,434.14
2026-04-24 15:51:00+00:00,434.28
2026-04-24 15:52:00+00:00,434.14
2026-04-24 15:53:00+00:00,434.18
2026-04-24 15:54:00+00:00,434.215
2026-04-24 15:55:00+00:00,434.18
2026-04-24 15:56:00+00:00,434.13
2026-04-24 15:57:00+00:00,434.245
2026-04-24 15:58:00+00:00,434.18
2026-04-24 15:59:00+00:00,433.94
2026-04-24 16:01:00+00:00,433.96
2026-04-24 16:03:00+00:00,433.92
2026-04-24 16:07:00+00:00,433.6
2026-04-24 16:08:00+00:00,433.585
2026-04-24 16:09:00+00:00,433.51
2026-04-24 16:11:00+00:00,433.52
2026-04-24 16:14:00+00:00,433.635
2026-04-24 16:17:00+00:00,433.51
2026-04-24 16:18:00+00:00,433.45
2026-04-24 16:22:00+00:00,433.6
2026-04-24 16:23:00+00:00,433.65
2026-04-24 16:24:00+00:00,433.82
2026-04-24 16:28:00+00:00,433.89
2026-04-24 16:38:00+00:00,433.845
2026-04-24 16:41:00+00:00,433.76
2026-04-24 16:42:00+00:00,433.49
2026-04-24 16:43:00+00:00,433.55
2026-04-24 16:47:00+00:00,433.75
2026-04-24 16:50:00+00:00,433.72
2026-04-24 16:56:00+00:00,433.79
2026-04-24 16:57:00+00:00,433.8
2026-04-24 17:01:00+00:00,434.25
2026-04-24 17:02:00+00:00,434.345
2026-04-24 17:03:00+00:00,434.235
2026-04-24 17:06:00+00:00,434.15
2026-04-24 17:07:00+00:00,434.06
2026-04-24 17:08:00+00:00,434.14
2026-04-24 17:12:00+00:00,434.03
2026-04-24 17:15:00+00:00,434.13
2026-04-24 17:18:00+00:00,434.15
2026-04-24 17:22:00+00:00,433.73
2026-04-24 17:23:00+00:00,433.82
2026-04-24 17:24:00+00:00,434.045
2026-04-24 17:26:00+00:00,434.15
2026-04-24 17:27:00+00:00,434.065
2026-04-24 17:29:00+00:00,433.7
2026-04-24 17:30:00+00:00,433.505
2026-04-24 17:31:00+00:00,433.39
2026-04-24 17:44:00+00:00,433.69
2026-04-24 17:47:00+00:00,433.63
2026-04-24 17:54:00+00:00,433.87
2026-04-24 17:59:00+00:00,433.75
2026-04-24 18:06:00+00:00,433.54
2026-04-24 18:11:00+00:00,433.71
2026-04-24 18:13:00+00:00,433.805
2026-04-24 18:20:00+00:00,433.56
2026-04-24 18:21:00+00:00,433.59
2026-04-24 18:24:00+00:00,433.54
2026-04-24 18:25:00+00:00,433.47
2026-04-24 18:26:00+00:00,433.505
2026-04-24 18:30:00+00:00,433.2
2026-04-24 18:31:00+00:00,433.29
2026-04-24 18:32:00+00:00,433.455
2026-04-24 18:36:00+00:00,433.35
2026-04-24 18:37:00+00:00,433.38
2026-04-24 18:40:00+00:00,433.43
2026-04-24 18:41:00+00:00,433.47
2026-04-24 18:42:00+00:00,433.38
2026-04-24 18:44:00+00:00,433.315
2026-04-24 18:45:00+00:00,433.315
2026-04-24 18:50:00+00:00,433.38
2026-04-24 18:51:00+00:00,433.34
2026-04-24 18:52:00+00:00,433.4
2026-04-24 18:54:00+00:00,433.505
2026-04-24 18:55:00+00:00,433.44
2026-04-24 18:56:00+00:00,433.575
2026-04-24 18:58:00+00:00,433.665
2026-04-24 19:01:00+00:00,433.675
2026-04-24 19:02:00+00:00,433.825
2026-04-24 19:04:00+00:00,433.76
2026-04-24 19:05:00+00:00,433.75
2026-04-24 19:07:00+00:00,433.72
2026-04-24 19:08:00+00:00,433.745
2026-04-24 19:09:00+00:00,433.73
2026-04-24 19:12:00+00:00,433.595
2026-04-24 19:16:00+00:00,433.62
2026-04-24 19:17:00+00:00,433.64
2026-04-24 19:20:00+00:00,433.47
2026-04-24 19:21:00+00:00,433.47
2026-04-24 19:22:00+00:00,433.4
2026-04-24 19:24:00+00:00,433.25
2026-04-24 19:25:00+00:00,433.33
2026-04-24 19:27:00+00:00,433.25
2026-04-24 19:29:00+00:00,433.34
2026-04-24 19:30:00+00:00,433.355
2026-04-24 19:31:00+00:00,433.455
2026-04-24 19:32:00+00:00,433.42
2026-04-24 19:33:00+00:00,433.37
2026-04-24 19:34:00+00:00,433.26
2026-04-24 19:35:00+00:00,433.17
2026-04-24 19:36:00+00:00,433.24
2026-04-24 19:37:00+00:00,433.25
2026-04-24 19:38:00+00:00,433.12
2026-04-24 19:39:00+00:00,433.115
2026-04-24 19:40:00+00:00,433.1
2026-04-24 19:41:00+00:00,433.115
2026-04-24 19:42:00+00:00,433.13
2026-04-24 19:43:00+00:00,433.1
2026-04-24 19:44:00+00:00,433.125
2026-04-24 19:45:00+00:00,433.22
2026-04-24 19:46:00+00:00,433.2
2026-04-24 19:47:00+00:00,433.29
2026-04-24 19:48:00+00:00,433.16
2026-04-24 19:49:00+00:00,433.09
2026-04-24 19:50:00+00:00,433.12
2026-04-24 19:51:00+00:00,433.13
2026-04-24 19:52:00+00:00,433.095
2026-04-24 19:53:00+00:00,433.155
2026-04-24 19:54:00+00:00,433.11
2026-04-24 19:55:00+00:00,432.97
2026-04-24 19:56:00+00:00,432.83
2026-04-24 19:57:00+00:00,433.0
2026-04-24 19:58:00+00:00,433.18
2026-04-24 19:59:00+00:00,432.97
2026-04-24 20:20:00+00:00,432.14
2026-04-27 13:30:00+00:00,431.54
2026-04-27 13:31:00+00:00,431.705
2026-04-27 13:32:00+00:00,431.65
2026-04-27 13:33:00+00:00,431.31
2026-04-27 13:34:00+00:00,431.27
2026-04-27 13:35:00+00:00,431.07
2026-04-27 13:36:00+00:00,430.815
2026-04-27 13:37:00+00:00,431.15
2026-04-27 13:38:00+00:00,430.86
2026-04-27 13:39:00+00:00,430.77
2026-04-27 13:41:00+00:00,430.975
2026-04-27 13:42:00+00:00,430.91
2026-04-27 13:44:00+00:00,430.96
2026-04-27 13:45:00+00:00,430.88
2026-04-27 13:46:00+00:00,430.925
2026-04-27 13:47:00+00:00,431.04
2026-04-27 13:48:00+00:00,431.1
2026-04-27 13:50:00+00:00,430.82
2026-04-27 13:51:00+00:00,430.9
2026-04-27 13:52:00+00:00,430.91
2026-04-27 13:53:00+00:00,431.035
2026-04-27 13:54:00+00:00,431.075
2026-04-27 13:55:00+00:00,431.09
2026-04-27 13:56:00+00:00,430.99
2026-04-27 13:57:00+00:00,431.16
2026-04-27 13:58:00+00:00,431.13
2026-04-27 13:59:00+00:00,431.28
2026-04-27 14:00:00+00:00,431.0
2026-04-27 14:01:00+00:00,430.88
2026-04-27 14:04:00+00:00,431.11
2026-04-27 14:05:00+00:00,430.89
2026-04-27 14:06:00+00:00,431.12
2026-04-27 14:07:00+00:00,430.98
2026-04-27 14:08:00+00:00,430.92
2026-04-27 14:09:00+00:00,430.78
2026-04-27 14:10:00+00:00,430.475
2026-04-27 14:11:00+00:00,430.71
2026-04-27 14:12:00+00:00,430.88
2026-04-27 14:13:00+00:00,430.66
2026-04-27 14:14:00+00:00,430.85
2026-04-27 14:15:00+00:00,430.885
2026-04-27 14:16:00+00:00,430.8
2026-04-27 14:17:00+00:00,430.82
2026-04-27 14:18:00+00:00,430.81
2026-04-27 14:19:00+00:00,431.09
2026-04-27 14:20:00+00:00,431.07
2026-04-27 14:21:00+00:00,431.19
2026-04-27 14:22:00+00:00,431.06
2026-04-27 14:23:00+00:00,430.97
2026-04-27 14:24:00+00:00,430.84
2026-04-27 14:25:00+00:00,430.95
2026-04-27 14:26:00+00:00,430.65
2026-04-27 14:27:00+00:00,430.51
2026-04-27 14:28:00+00:00,430.45
2026-04-27 14:29:00+00:00,430.53
2026-04-27 14:30:00+00:00,430.44
2026-04-27 14:31:00+00:00,430.36
2026-04-27 14:32:00+00:00,430.16
2026-04-27 14:33:00+00:00,430.1
2026-04-27 14:34:00+00:00,430.265
2026-04-27 14:35:00+00:00,430.67
2026-04-27 14:36:00+00:00,431.21
2026-04-27 14:37:00+00:00,430.85
2026-04-27 14:38:00+00:00,430.85
2026-04-27 14:39:00+00:00,430.84
2026-04-27 14:40:00+00:00,430.94
2026-04-27 14:41:00+00:00,430.75
2026-04-27 14:42:00+00:00,430.81
2026-04-27 14:43:00+00:00,430.88
2026-04-27 14:44:00+00:00,431.07
2026-04-27 14:45:00+00:00,430.8
2026-04-27 14:46:00+00:00,430.78
2026-04-27 14:50:00+00:00,430.52
2026-04-27 14:52:00+00:00,430.3
2026-04-27 14:53:00+00:00,430.0
2026-04-27 14:54:00+00:00,429.77
2026-04-27 14:55:00+00:00,429.59
2026-04-27 14:56:00+00:00,429.495
2026-04-27 14:57:00+00:00,429.655
2026-04-27 14:58:00+00:00,429.435
2026-04-27 14:59:00+00:00,429.53
2026-04-27 15:00:00+00:00,429.66
2026-04-27 15:01:00+00:00,429.32
2026-04-27 15:02:00+00:00,429.05
2026-04-27 15:03:00+00:00,428.91
2026-04-27 15:04:00+00:00,428.7
2026-04-27 15:05:00+00:00,428.63
2026-04-27 15:06:00+00:00,429.05
2026-04-27 15:07:00+00:00,428.85
2026-04-27 15:08:00+00:00,428.93
2026-04-27 15:09:00+00:00,428.835
2026-04-27 15:10:00+00:00,429.34
2026-04-27 15:11:00+00:00,429.345
2026-04-27 15:12:00+00:00,429.23
2026-04-27 15:13:00+00:00,429.07
2026-04-27 15:15:00+00:00,429.32
2026-04-27 15:16:00+00:00,429.42
2026-04-27 15:17:00+00:00,429.38
2026-04-27 15:18:00+00:00,429.39
2026-04-27 15:19:00+00:00,429.495
2026-04-27 15:20:00+00:00,429.49
2026-04-27 15:21:00+00:00,429.36
2026-04-27 15:22:00+00:00,429.1
2026-04-27 15:23:00+00:00,429.02
2026-04-27 15:24:00+00:00,429.19
2026-04-27 15:25:00+00:00,429.045
2026-04-27 15:26:00+00:00,429.31
2026-04-27 15:27:00+00:00,429.43
2026-04-27 15:28:00+00:00,429.475
2026-04-27 15:29:00+00:00,429.815
2026-04-27 15:30:00+00:00,429.89
2026-04-27 15:31:00+00:00,429.76
2026-04-27 15:32:00+00:00,429.595
2026-04-27 15:33:00+00:00,429.615
2026-04-27 15:34:00+00:00,429.61
2026-04-27 15:35:00+00:00,429.565
2026-04-27 15:36:00+00:00,429.535
2026-04-27 15:37:00+00:00,429.57
2026-04-27 15:38:00+00:00,429.52
2026-04-27 15:40:00+00:00,429.535
2026-04-27 15:41:00+00:00,429.735
2026-04-27 15:42:00+00:00,429.72
2026-04-27 15:43:00+00:00,429.52
2026-04-27 15:44:00+00:00,429.47
2026-04-27 15:45:00+00:00,429.34
2026-04-27 15:46:00+00:00,429.305
2026-04-27 15:47:00+00:00,429.48
2026-04-27 15:48:00+00:00,429.325
2026-04-27 15:49:00+00:00,429.42
2026-04-27 15:50:00+00:00,429.2
2026-04-27 15:51:00+00:00,429.34
2026-04-27 15:52:00+00:00,429.26
2026-04-27 15:53:00+00:00,429.255
2026-04-27 15:54:00+00:00,428.97
2026-04-27 15:55:00+00:00,428.92
2026-04-27 15:56:00+00:00,428.98
2026-04-27 15:57:00+00:00,428.77
2026-04-27 15:58:00+00:00,428.61
2026-04-27 16:01:00+00:00,428.63
2026-04-27 16:02:00+00:00,428.725
2026-04-27 16:03:00+00:00,428.81
2026-04-27 16:04:00+00:00,428.82
2026-04-27 16:05:00+00:00,428.91
2026-04-27 16:06:00+00:00,429.02
2026-04-27 16:07:00+00:00,429.18
2026-04-27 16:09:00+00:00,429.06
2026-04-27 16:10:00+00:00,429.11
2026-04-27 16:11:00+00:00,429.16
2026-04-27 16:12:00+00:00,429.21
2026-04-27 16:13:00+00:00,429.14
2026-04-27 16:14:00+00:00,429.24
2026-04-27 16:15:00+00:00,429.23
2026-04-27 16:16:00+00:00,429.4
2026-04-27 16:17:00+00:00,429.35
2026-04-27 16:18:00+00:00,429.39
2026-04-27 16:19:00+00:00,429.48
2026-04-27 16:20:00+00:00,429.36
2026-04-27 16:21:00+00:00,429.34
2026-04-27 16:22:00+00:00,429.33
2026-04-27 16:23:00+00:00,429.29
2026-04-27 16:24:00+00:00,429.335
2026-04-27 16:27:00+00:00,429.27
2026-04-27 16:28:00+00:00,429.3
2026-04-27 16:29:00+00:00,429.345
2026-04-27 16:30:00+00:00,429.5
2026-04-27 16:32:00+00:00,429.53
2026-04-27 16:33:00+00:00,429.57
2026-04-27 16:34:00+00:00,429.51
2026-04-27 16:36:00+00:00,429.65
2026-04-27 16:37:00+00:00,429.635
2026-04-27 16:39:00+00:00,429.45
2026-04-27 16:40:00+00:00,429.47
2026-04-27 16:41:00+00:00,429.445
2026-04-27 16:44:00+00:00,429.25
2026-04-27 16:45:00+00:00,429.38
2026-04-27 16:46:00+00:00,429.53
2026-04-27 16:52:00+00:00,429.39
2026-04-27 16:55:00+00:00,429.44
2026-04-27 16:56:00+00:00,429.42
2026-04-27 16:57:00+00:00,429.4
2026-04-27 16:58:00+00:00,429.435
2026-04-27 16:59:00+00:00,429.4
2026-04-27 17:00:00+00:00,429.43
2026-04-27 17:02:00+00:00,429.315
2026-04-27 17:03:00+00:00,429.315
2026-04-27 17:04:00+00:00,429.2
2026-04-27 17:05:00+00:00,429.165
2026-04-27 17:06:00+00:00,429.3
2026-04-27 17:08:00+00:00,429.23
2026-04-27 17:10:00+00:00,429.105
2026-04-27 17:11:00+00:00,429.09
2026-04-27 17:12:00+00:00,429.09
2026-04-27 17:13:00+00:00,429.035
2026-04-27 17:14:00+00:00,429.02
2026-04-27 17:15:00+00:00,429.18
2026-04-27 17:16:00+00:00,429.035
2026-04-27 17:17:00+00:00,428.9
2026-04-27 17:18:00+00:00,428.715
2026-04-27 17:19:00+00:00,428.8
2026-04-27 17:20:00+00:00,428.83
2026-04-27 17:21:00+00:00,429.01
2026-04-27 17:22:00+00:00,429.01
2026-04-27 17:23:00+00:00,429.26
2026-04-27 17:24:00+00:00,429.24
2026-04-27 17:25:00+00:00,429.335
2026-04-27 17:26:00+00:00,429.59
2026-04-27 17:27:00+00:00,429.48
2026-04-27 17:28:00+00:00,429.5
2026-04-27 17:29:00+00:00,429.69
2026-04-27 17:30:00+00:00,429.68
2026-04-27 17:31:00+00:00,429.79
2026-04-27 17:33:00+00:00,430.225
2026-04-27 17:34:00+00:00,430.15
2026-04-27 17:35:00+00:00,430.225
2026-04-27 17:36:00+00:00,430.15
2026-04-27 17:37:00+00:00,430.04
2026-04-27 17:38:00+00:00,429.98
2026-04-27 17:39:00+00:00,429.73
2026-04-27 17:40:00+00:00,429.86
2026-04-27 17:41:00+00:00,429.84
2026-04-27 17:42:00+00:00,429.85
2026-04-27 17:43:00+00:00,429.78
2026-04-27 17:44:00+00:00,429.95
2026-04-27 17:45:00+00:00,430.05
2026-04-27 17:46:00+00:00,430.0
2026-04-27 17:47:00+00:00,429.9
2026-04-27 17:48:00+00:00,429.93
2026-04-27 17:49:00+00:00,429.9
2026-04-27 17:50:00+00:00,430.0
2026-04-27 17:51:00+00:00,429.935
2026-04-27 17:52:00+00:00,429.96
2026-04-27 17:53:00+00:00,429.92
2026-04-27 17:54:00+00:00,429.865
2026-04-27 17:55:00+00:00,429.96
2026-04-27 17:56:00+00:00,430.04
2026-04-27 17:57:00+00:00,429.97
2026-04-27 17:58:00+00:00,430.075
2026-04-27 18:00:00+00:00,429.855
2026-04-27 18:01:00+00:00,429.91
2026-04-27 18:02:00+00:00,429.85
2026-04-27 18:03:00+00:00,429.87
2026-04-27 18:04:00+00:00,429.74
2026-04-27 18:05:00+00:00,429.66
2026-04-27 18:06:00+00:00,429.66
2026-04-27 18:09:00+00:00,429.92
2026-04-27 18:10:00+00:00,429.925
2026-04-27 18:11:00+00:00,429.955
2026-04-27 18:12:00+00:00,429.85
2026-04-27 18:13:00+00:00,429.815
2026-04-27 18:14:00+00:00,429.905
2026-04-27 18:15:00+00:00,429.84
2026-04-27 18:16:00+00:00,429.85
2026-04-27 18:18:00+00:00,429.93
2026-04-27 18:19:00+00:00,429.88
2026-04-27 18:20:00+00:00,429.915
2026-04-27 18:21:00+00:00,429.955
2026-04-27 18:22:00+00:00,430.045
2026-04-27 18:23:00+00:00,430.0
2026-04-27 18:24:00+00:00,430.12
2026-04-27 18:25:00+00:00,430.09
2026-04-27 18:26:00+00:00,430.135
2026-04-27 18:27:00+00:00,430.17
2026-04-27 18:28:00+00:00,430.09
2026-04-27 18:29:00+00:00,430.14
2026-04-27 18:30:00+00:00,430.07
2026-04-27 18:31:00+00:00,430.05
2026-04-27 18:32:00+00:00,430.105
2026-04-27 18:33:00+00:00,430.115
2026-04-27 18:34:00+00:00,430.075
2026-04-27 18:35:00+00:00,430.06
2026-04-27 18:38:00+00:00,430.08
2026-04-27 18:43:00+00:00,430.1
2026-04-27 18:44:00+00:00,430.01
2026-04-27 18:45:00+00:00,429.91
2026-04-27 18:46:00+00:00,429.93
2026-04-27 18:47:00+00:00,430.03
2026-04-27 18:48:00+00:00,429.985
2026-04-27 18:49:00+00:00,430.1
2026-04-27 18:50:00+00:00,430.12
2026-04-27 18:51:00+00:00,430.17
2026-04-27 18:54:00+00:00,430.06
2026-04-27 18:56:00+00:00,429.96
2026-04-27 18:57:00+00:00,429.89
2026-04-27 19:01:00+00:00,429.71
2026-04-27 19:02:00+00:00,429.78
2026-04-27 19:04:00+00:00,429.64
2026-04-27 19:05:00+00:00,429.74
2026-04-27 19:06:00+00:00,429.65
2026-04-27 19:07:00+00:00,429.7
2026-04-27 19:08:00+00:00,429.68
2026-04-27 19:09:00+00:00,429.71
2026-04-27 19:10:00+00:00,429.67
2026-04-27 19:13:00+00:00,429.78
2026-04-27 19:14:00+00:00,429.77
2026-04-27 19:15:00+00:00,429.78
2026-04-27 19:16:00+00:00,429.77
2026-04-27 19:17:00+00:00,429.85
2026-04-27 19:18:00+00:00,429.82
2026-04-27 19:19:00+00:00,429.82
2026-04-27 19:20:00+00:00,429.85
2026-04-27 19:22:00+00:00,429.89
2026-04-27 19:24:00+00:00,429.95
2026-04-27 19:29:00+00:00,429.92
2026-04-27 19:30:00+00:00,429.93
2026-04-27 19:31:00+00:00,429.75
2026-04-27 19:32:00+00:00,429.785
2026-04-27 19:34:00+00:00,429.63
2026-04-27 19:35:00+00:00,429.545
2026-04-27 19:36:00+00:00,429.48
2026-04-27 19:37:00+00:00,429.445
2026-04-27 19:38:00+00:00,429.495
2026-04-27 19:39:00+00:00,429.51
2026-04-27 19:40:00+00:00,429.58
2026-04-27 19:41:00+00:00,429.51
2026-04-27 19:42:00+00:00,429.6
2026-04-27 19:43:00+00:00,429.61
2026-04-27 19:44:00+00:00,429.75
2026-04-27 19:45:00+00:00,429.85
2026-04-27 19:46:00+00:00,429.65
2026-04-27 19:47:00+00:00,429.7
2026-04-27 19:48:00+00:00,429.8
2026-04-27 19:49:00+00:00,429.865
2026-04-27 19:50:00+00:00,429.785
2026-04-27 19:51:00+00:00,429.73
2026-04-27 19:52:00+00:00,429.68
2026-04-27 19:53:00+00:00,429.69
2026-04-27 19:54:00+00:00,429.7
2026-04-27 19:55:00+00:00,429.68
2026-04-27 19:56:00+00:00,429.66
2026-04-27 19:57:00+00:00,429.705
2026-04-27 19:58:00+00:00,429.76
2026-04-27 19:59:00+00:00,429.86
2026-04-28 12:00:00+00:00,418.67
2026-04-28 12:07:00+00:00,419.78
2026-04-28 12:17:00+00:00,420.87
2026-04-28 12:42:00+00:00,421.23
2026-04-28 12:54:00+00:00,421.94
2026-04-28 13:06:00+00:00,420.47
2026-04-28 13:13:00+00:00,420.71
2026-04-28 13:23:00+00:00,420.39
2026-04-28 13:30:00+00:00,420.13
2026-04-28 13:31:00+00:00,419.78
2026-04-28 13:32:00+00:00,419.965
2026-04-28 13:33:00+00:00,420.435
2026-04-28 13:34:00+00:00,420.37
2026-04-28 13:35:00+00:00,420.54
2026-04-28 13:36:00+00:00,420.61
2026-04-28 13:37:00+00:00,420.63
2026-04-28 13:38:00+00:00,420.48
2026-04-28 13:39:00+00:00,420.5
2026-04-28 13:40:00+00:00,420.16
2026-04-28 13:41:00+00:00,420.28
2026-04-28 13:43:00+00:00,421.455
2026-04-28 13:44:00+00:00,420.96
2026-04-28 13:45:00+00:00,420.945
2026-04-28 13:46:00+00:00,421.45
2026-04-28 13:47:00+00:00,421.52
2026-04-28 13:48:00+00:00,421.46
2026-04-28 13:49:00+00:00,421.095
2026-04-28 13:50:00+00:00,421.11
2026-04-28 13:51:00+00:00,421.06
2026-04-28 13:52:00+00:00,421.33
2026-04-28 13:53:00+00:00,421.06
2026-04-28 13:54:00+00:00,420.535
2026-04-28 13:55:00+00:00,420.37
2026-04-28 13:56:00+00:00,420.295
2026-04-28 13:57:00+00:00,420.4
2026-04-28 13:58:00+00:00,420.39
2026-04-28 13:59:00+00:00,420.48
2026-04-28 14:00:00+00:00,420.22
2026-04-28 14:01:00+00:00,420.32
2026-04-28 14:02:00+00:00,419.67
2026-04-28 14:03:00+00:00,419.71
2026-04-28 14:04:00+00:00,419.48
2026-04-28 14:05:00+00:00,419.58
2026-04-28 14:06:00+00:00,419.76
2026-04-28 14:07:00+00:00,419.965
2026-04-28 14:08:00+00:00,419.85
2026-04-28 14:09:00+00:00,419.8
2026-04-28 14:10:00+00:00,419.49
2026-04-28 14:11:00+00:00,419.59
2026-04-28 14:12:00+00:00,419.735
2026-04-28 14:13:00+00:00,419.62
2026-04-28 14:14:00+00:00,419.41
2026-04-28 14:15:00+00:00,419.18
2026-04-28 14:16:00+00:00,419.64
2026-04-28 14:17:00+00:00,420.04
2026-04-28 14:18:00+00:00,419.98
2026-04-28 14:19:00+00:00,419.77
2026-04-28 14:20:00+00:00,419.825
2026-04-28 14:21:00+00:00,419.89
2026-04-28 14:22:00+00:00,419.505
2026-04-28 14:23:00+00:00,419.24
2026-04-28 14:24:00+00:00,419.51
2026-04-28 14:25:00+00:00,419.645
2026-04-28 14:26:00+00:00,419.54
2026-04-28 14:27:00+00:00,419.61
2026-04-28 14:28:00+00:00,419.74
2026-04-28 14:29:00+00:00,419.8
2026-04-28 14:30:00+00:00,419.92
2026-04-28 14:31:00+00:00,420.15
2026-04-28 14:32:00+00:00,420.28
2026-04-28 14:34:00+00:00,419.6
2026-04-28 14:35:00+00:00,419.2
2026-04-28 14:36:00+00:00,419.12
2026-04-28 14:37:00+00:00,419.11
2026-04-28 14:38:00+00:00,419.07
2026-04-28 14:39:00+00:00,418.79
2026-04-28 14:40:00+00:00,418.47
2026-04-28 14:41:00+00:00,419.05
2026-04-28 14:42:00+00:00,419.025
2026-04-28 14:43:00+00:00,418.78
2026-04-28 14:44:00+00:00,419.095
2026-04-28 14:45:00+00:00,418.895
2026-04-28 14:46:00+00:00,419.085
2026-04-28 14:47:00+00:00,419.14
2026-04-28 14:48:00+00:00,419.34
2026-04-28 14:49:00+00:00,418.86
2026-04-28 14:50:00+00:00,419.04
2026-04-28 14:51:00+00:00,418.85
2026-04-28 14:52:00+00:00,418.785
2026-04-28 14:53:00+00:00,419.09
2026-04-28 14:54:00+00:00,419.08
2026-04-28 14:55:00+00:00,419.27
2026-04-28 14:56:00+00:00,419.615
2026-04-28 14:57:00+00:00,419.35
2026-04-28 14:58:00+00:00,419.395
2026-04-28 14:59:00+00:00,420.035
2026-04-28 15:00:00+00:00,420.505
2026-04-28 15:01:00+00:00,420.43
2026-04-28 15:02:00+00:00,420.28
2026-04-28 15:03:00+00:00,420.08
2026-04-28 15:04:00+00:00,420.03
2026-04-28 15:05:00+00:00,420.4
2026-04-28 15:06:00+00:00,420.43
2026-04-28 15:07:00+00:00,419.82
2026-04-28 15:08:00+00:00,419.81
2026-04-28 15:09:00+00:00,419.85
2026-04-28 15:10:00+00:00,419.86
2026-04-28 15:11:00+00:00,419.79
2026-04-28 15:12:00+00:00,419.945
2026-04-28 15:13:00+00:00,419.92
2026-04-28 15:14:00+00:00,419.895
2026-04-28 15:15:00+00:00,419.64
2026-04-28 15:16:00+00:00,419.995
2026-04-28 15:17:00+00:00,419.96
2026-04-28 15:18:00+00:00,419.945
2026-04-28 15:19:00+00:00,419.85
2026-04-28 15:21:00+00:00,419.66
2026-04-28 15:22:00+00:00,419.41
2026-04-28 15:23:00+00:00,419.58
2026-04-28 15:24:00+00:00,419.805
2026-04-28 15:25:00+00:00,419.73
2026-04-28 15:26:00+00:00,420.04
2026-04-28 15:27:00+00:00,420.185
2026-04-28 15:28:00+00:00,420.12
2026-04-28 15:29:00+00:00,420.105
2026-04-28 15:30:00+00:00,420.19
2026-04-28 15:31:00+00:00,419.86
2026-04-28 15:32:00+00:00,419.74
2026-04-28 15:33:00+00:00,419.85
2026-04-28 15:34:00+00:00,419.9
2026-04-28 15:35:00+00:00,419.94
2026-04-28 15:36:00+00:00,420.07
2026-04-28 15:37:00+00:00,420.49
2026-04-28 15:38:00+00:00,420.35
2026-04-28 15:39:00+00:00,420.49
2026-04-28 15:40:00+00:00,420.41
2026-04-28 15:41:00+00:00,420.53
2026-04-28 15:42:00+00:00,420.5
2026-04-28 15:43:00+00:00,420.24
2026-04-28 15:44:00+00:00,420.3
2026-04-28 15:45:00+00:00,420.38
2026-04-28 15:46:00+00:00,420.4
2026-04-28 15:47:00+00:00,420.57
2026-04-28 15:48:00+00:00,420.53
2026-04-28 15:49:00+00:00,420.685
2026-04-28 15:50:00+00:00,420.91
2026-04-28 15:51:00+00:00,420.86
2026-04-28 15:52:00+00:00,420.92
2026-04-28 15:53:00+00:00,420.92
2026-04-28 15:54:00+00:00,420.96
2026-04-28 15:56:00+00:00,420.82
2026-04-28 15:57:00+00:00,420.83
2026-04-28 15:58:00+00:00,420.84
2026-04-28 15:59:00+00:00,421.09
2026-04-28 16:00:00+00:00,420.9
2026-04-28 16:02:00+00:00,420.86
2026-04-28 16:03:00+00:00,420.985
2026-04-28 16:04:00+00:00,420.95
2026-04-28 16:05:00+00:00,420.98
2026-04-28 16:06:00+00:00,421.105
2026-04-28 16:07:00+00:00,421.01
2026-04-28 16:08:00+00:00,420.88
2026-04-28 16:09:00+00:00,421.005
2026-04-28 16:10:00+00:00,421.055
2026-04-28 16:13:00+00:00,420.95
2026-04-28 16:14:00+00:00,421.01
2026-04-28 16:15:00+00:00,420.89
2026-04-28 16:16:00+00:00,420.78
2026-04-28 16:17:00+00:00,420.43
2026-04-28 16:18:00+00:00,420.5
2026-04-28 16:19:00+00:00,420.57
2026-04-28 16:20:00+00:00,420.73
2026-04-28 16:21:00+00:00,420.78
2026-04-28 16:23:00+00:00,420.82
2026-04-28 16:24:00+00:00,420.73
2026-04-28 16:25:00+00:00,420.89
2026-04-28 16:26:00+00:00,420.96
2026-04-28 16:28:00+00:00,421.01
2026-04-28 16:29:00+00:00,420.96
2026-04-28 16:30:00+00:00,420.89
2026-04-28 16:33:00+00:00,420.825
2026-04-28 16:34:00+00:00,420.67
2026-04-28 16:35:00+00:00,420.78
2026-04-28 16:36:00+00:00,421.03
2026-04-28 16:37:00+00:00,421.16
2026-04-28 16:39:00+00:00,420.99
2026-04-28 16:40:00+00:00,421.0
2026-04-28 16:42:00+00:00,420.81
2026-04-28 16:43:00+00:00,420.865
2026-04-28 16:44:00+00:00,420.985
2026-04-28 16:45:00+00:00,421.205
2026-04-28 16:46:00+00:00,421.23
2026-04-28 16:47:00+00:00,421.16
2026-04-28 16:48:00+00:00,421.27
2026-04-28 16:49:00+00:00,421.23
2026-04-28 16:50:00+00:00,421.36
2026-04-28 16:52:00+00:00,421.77
2026-04-28 16:53:00+00:00,421.675
2026-04-28 16:54:00+00:00,421.83
2026-04-28 16:55:00+00:00,421.795
2026-04-28 16:56:00+00:00,421.885
2026-04-28 16:57:00+00:00,421.83
2026-04-28 16:58:00+00:00,421.8
2026-04-28 16:59:00+00:00,421.73
2026-04-28 17:00:00+00:00,421.75
2026-04-28 17:01:00+00:00,421.78
2026-04-28 17:02:00+00:00,421.75
2026-04-28 17:03:00+00:00,421.715
2026-04-28 17:04:00+00:00,421.53
2026-04-28 17:05:00+00:00,421.4
2026-04-28 17:06:00+00:00,421.5
2026-04-28 17:07:00+00:00,421.585
2026-04-28 17:08:00+00:00,421.56
2026-04-28 17:09:00+00:00,421.61
2026-04-28 17:10:00+00:00,421.68
2026-04-28 17:12:00+00:00,421.805
2026-04-28 17:13:00+00:00,421.84
2026-04-28 17:15:00+00:00,421.7
2026-04-28 17:16:00+00:00,421.42
2026-04-28 17:17:00+00:00,421.35
2026-04-28 17:18:00+00:00,421.33
2026-04-28 17:19:00+00:00,421.275
2026-04-28 17:20:00+00:00,421.32
2026-04-28 17:21:00+00:00,421.37
2026-04-28 17:22:00+00:00,421.4
2026-04-28 17:23:00+00:00,421.43
2026-04-28 17:24:00+00:00,421.94
2026-04-28 17:25:00+00:00,421.84
2026-04-28 17:27:00+00:00,421.9
2026-04-28 17:28:00+00:00,422.07
2026-04-28 17:29:00+00:00,421.89
2026-04-28 17:30:00+00:00,421.975
2026-04-28 17:31:00+00:00,421.97
2026-04-28 17:32:00+00:00,421.94
2026-04-28 17:33:00+00:00,422.01
2026-04-28 17:34:00+00:00,422.025
2026-04-28 17:35:00+00:00,422.09
2026-04-28 17:36:00+00:00,422.15
2026-04-28 17:37:00+00:00,422.19
2026-04-28 17:38:00+00:00,422.1
2026-04-28 17:40:00+00:00,422.44
2026-04-28 17:41:00+00:00,422.48
2026-04-28 17:42:00+00:00,422.47
2026-04-28 17:43:00+00:00,422.35
2026-04-28 17:44:00+00:00,422.33
2026-04-28 17:45:00+00:00,422.37
2026-04-28 17:46:00+00:00,422.38
2026-04-28 17:47:00+00:00,422.47
2026-04-28 17:48:00+00:00,422.38
2026-04-28 17:49:00+00:00,422.21
2026-04-28 17:50:00+00:00,422.18
2026-04-28 17:52:00+00:00,422.12
2026-04-28 17:54:00+00:00,422.12
2026-04-28 17:55:00+00:00,422.18
2026-04-28 17:56:00+00:00,421.92
2026-04-28 17:58:00+00:00,421.87
2026-04-28 17:59:00+00:00,421.885
2026-04-28 18:00:00+00:00,422.02
2026-04-28 18:01:00+00:00,422.23
2026-04-28 18:02:00+00:00,422.11
2026-04-28 18:03:00+00:00,422.04
2026-04-28 18:04:00+00:00,421.79
2026-04-28 18:05:00+00:00,421.93
2026-04-28 18:06:00+00:00,421.91
2026-04-28 18:09:00+00:00,422.08
2026-04-28 18:10:00+00:00,422.03
2026-04-28 18:11:00+00:00,421.995
2026-04-28 18:13:00+00:00,422.065
2026-04-28 18:14:00+00:00,421.985
2026-04-28 18:15:00+00:00,422.13
2026-04-28 18:16:00+00:00,422.12
2026-04-28 18:17:00+00:00,422.145
2026-04-28 18:18:00+00:00,422.22
2026-04-28 18:19:00+00:00,422.33
2026-04-28 18:20:00+00:00,422.23
2026-04-28 18:21:00+00:00,422.255
2026-04-28 18:22:00+00:00,422.12
2026-04-28 18:23:00+00:00,422.35
2026-04-28 18:24:00+00:00,422.39
2026-04-28 18:25:00+00:00,422.335
2026-04-28 18:26:00+00:00,422.33
2026-04-28 18:27:00+00:00,422.28
2026-04-28 18:28:00+00:00,422.32
2026-04-28 18:29:00+00:00,422.36
2026-04-28 18:30:00+00:00,422.21
2026-04-28 18:31:00+00:00,422.14
2026-04-28 18:32:00+00:00,422.125
2026-04-28 18:33:00+00:00,422.13
2026-04-28 18:34:00+00:00,421.94
2026-04-28 18:35:00+00:00,421.9
2026-04-28 18:36:00+00:00,421.89
2026-04-28 18:37:00+00:00,421.925
2026-04-28 18:38:00+00:00,421.94
2026-04-28 18:41:00+00:00,422.16
2026-04-28 18:47:00+00:00,422.3
2026-04-28 18:50:00+00:00,422.24
2026-04-28 18:51:00+00:00,422.17
2026-04-28 18:52:00+00:00,422.245
2026-04-28 18:54:00+00:00,422.075
2026-04-28 19:01:00+00:00,422.13
2026-04-28 19:02:00+00:00,422.1
2026-04-28 19:05:00+00:00,422.06
2026-04-28 19:06:00+00:00,422.15
2026-04-28 19:10:00+00:00,422.08
2026-04-28 19:14:00+00:00,422.04
2026-04-28 19:20:00+00:00,421.85
2026-04-28 19:22:00+00:00,421.88
2026-04-28 19:26:00+00:00,422.09
2026-04-28 19:27:00+00:00,422.06
2026-04-28 19:28:00+00:00,422.07
2026-04-28 19:30:00+00:00,422.06
2026-04-28 19:31:00+00:00,421.97
2026-04-28 19:32:00+00:00,421.99
2026-04-28 19:33:00+00:00,421.99
2026-04-28 19:34:00+00:00,421.99
2026-04-28 19:35:00+00:00,422.06
2026-04-28 19:36:00+00:00,422.09
2026-04-28 19:37:00+00:00,422.16
2026-04-28 19:38:00+00:00,422.155
2026-04-28 19:39:00+00:00,422.27
2026-04-28 19:40:00+00:00,422.26
2026-04-28 19:41:00+00:00,422.33
2026-04-28 19:42:00+00:00,422.24
2026-04-28 19:44:00+00:00,422.23
2026-04-28 19:45:00+00:00,422.17
2026-04-28 19:46:00+00:00,422.285
2026-04-28 19:47:00+00:00,422.19
2026-04-28 19:49:00+00:00,422.16
2026-04-28 19:50:00+00:00,422.0
2026-04-28 19:51:00+00:00,421.95
2026-04-28 19:52:00+00:00,421.96
2026-04-28 19:53:00+00:00,421.92
2026-04-28 19:54:00+00:00,421.86
2026-04-28 19:55:00+00:00,421.98
2026-04-28 19:56:00+00:00,421.9
2026-04-28 19:57:00+00:00,422.015
2026-04-28 19:58:00+00:00,421.89
2026-04-28 19:59:00+00:00,421.94
2026-04-28 20:30:00+00:00,421.94
2026-04-29 12:07:00+00:00,419.31
2026-04-29 13:20:00+00:00,416.56
2026-04-29 13:30:00+00:00,416.27
2026-04-29 13:31:00+00:00,416.31
2026-04-29 13:32:00+00:00,416.235
2026-04-29 13:33:00+00:00,416.1
2026-04-29 13:35:00+00:00,416.14
2026-04-29 13:36:00+00:00,415.98
2026-04-29 13:37:00+00:00,416.23
2026-04-29 13:38:00+00:00,415.98
2026-04-29 13:39:00+00:00,415.455
2026-04-29 13:40:00+00:00,415.0
2026-04-29 13:41:00+00:00,415.175
2026-04-29 13:42:00+00:00,414.795
2026-04-29 13:43:00+00:00,414.59
2026-04-29 13:44:00+00:00,414.53
2026-04-29 13:45:00+00:00,414.21
2026-04-29 13:46:00+00:00,414.67
2026-04-29 13:47:00+00:00,414.28
2026-04-29 13:48:00+00:00,414.445
2026-04-29 13:49:00+00:00,414.51
2026-04-29 13:50:00+00:00,415.105
2026-04-29 13:52:00+00:00,414.9
2026-04-29 13:53:00+00:00,414.98
2026-04-29 13:54:00+00:00,415.01
2026-04-29 13:55:00+00:00,415.445
2026-04-29 13:56:00+00:00,415.87
2026-04-29 13:57:00+00:00,415.75
2026-04-29 13:58:00+00:00,415.35
2026-04-29 13:59:00+00:00,415.29
2026-04-29 14:00:00+00:00,415.01
2026-04-29 14:01:00+00:00,414.955
2026-04-29 14:02:00+00:00,415.32
2026-04-29 14:04:00+00:00,415.405
2026-04-29 14:07:00+00:00,415.19
2026-04-29 14:08:00+00:00,414.98
2026-04-29 14:09:00+00:00,414.95
2026-04-29 14:10:00+00:00,415.49
2026-04-29 14:11:00+00:00,415.48
2026-04-29 14:12:00+00:00,415.59
2026-04-29 14:14:00+00:00,415.54
2026-04-29 14:15:00+00:00,415.67
2026-04-29 14:16:00+00:00,416.05
2026-04-29 14:17:00+00:00,416.15
2026-04-29 14:18:00+00:00,416.14
2026-04-29 14:19:00+00:00,416.29
2026-04-29 14:20:00+00:00,416.31
2026-04-29 14:21:00+00:00,416.435
2026-04-29 14:22:00+00:00,416.4
2026-04-29 14:23:00+00:00,416.52
2026-04-29 14:24:00+00:00,416.52
2026-04-29 14:25:00+00:00,416.31
2026-04-29 14:26:00+00:00,416.34
2026-04-29 14:27:00+00:00,416.63
2026-04-29 14:28:00+00:00,416.53
2026-04-29 14:29:00+00:00,416.14
2026-04-29 14:30:00+00:00,416.24
2026-04-29 14:31:00+00:00,416.19
2026-04-29 14:32:00+00:00,416.54
2026-04-29 14:33:00+00:00,416.96
2026-04-29 14:34:00+00:00,416.885
2026-04-29 14:35:00+00:00,416.98
2026-04-29 14:36:00+00:00,416.94
2026-04-29 14:37:00+00:00,416.93
2026-04-29 14:38:00+00:00,416.885
2026-04-29 14:39:00+00:00,417.015
2026-04-29 14:40:00+00:00,416.79
2026-04-29 14:41:00+00:00,416.82
2026-04-29 14:42:00+00:00,416.69
2026-04-29 14:43:00+00:00,416.72
2026-04-29 14:44:00+00:00,416.695
2026-04-29 14:45:00+00:00,416.59
2026-04-29 14:46:00+00:00,416.49
2026-04-29 14:47:00+00:00,416.39
2026-04-29 14:48:00+00:00,416.46
2026-04-29 14:49:00+00:00,416.21
2026-04-29 14:50:00+00:00,416.4
2026-04-29 14:51:00+00:00,416.505
2026-04-29 14:52:00+00:00,416.325
2026-04-29 14:53:00+00:00,416.34
2026-04-29 14:54:00+00:00,416.83
2026-04-29 14:55:00+00:00,416.78
2026-04-29 14:56:00+00:00,416.71
2026-04-29 14:58:00+00:00,416.7
2026-04-29 14:59:00+00:00,416.795
2026-04-29 15:00:00+00:00,417.27
2026-04-29 15:01:00+00:00,417.175
2026-04-29 15:03:00+00:00,416.97
2026-04-29 15:04:00+00:00,417.08
2026-04-29 15:06:00+00:00,417.44
2026-04-29 15:07:00+00:00,417.295
2026-04-29 15:08:00+00:00,417.25
2026-04-29 15:09:00+00:00,416.985
2026-04-29 15:10:00+00:00,417.03
2026-04-29 15:11:00+00:00,417.0
2026-04-29 15:12:00+00:00,416.81
2026-04-29 15:14:00+00:00,416.64
2026-04-29 15:15:00+00:00,416.77
2026-04-29 15:16:00+00:00,416.88
2026-04-29 15:17:00+00:00,417.06
2026-04-29 15:18:00+00:00,417.17
2026-04-29 15:19:00+00:00,417.0
2026-04-29 15:20:00+00:00,417.08
2026-04-29 15:21:00+00:00,417.185
2026-04-29 15:22:00+00:00,417.17
2026-04-29 15:23:00+00:00,417.03
2026-04-29 15:24:00+00:00,417.255
2026-04-29 15:25:00+00:00,417.25
2026-04-29 15:26:00+00:00,417.41
2026-04-29 15:27:00+00:00,417.22
2026-04-29 15:28:00+00:00,417.035
2026-04-29 15:29:00+00:00,417.1
2026-04-29 15:30:00+00:00,417.26
2026-04-29 15:31:00+00:00,417.135
2026-04-29 15:32:00+00:00,417.12
2026-04-29 15:33:00+00:00,417.04
2026-04-29 15:34:00+00:00,417.01
2026-04-29 15:36:00+00:00,417.86
2026-04-29 15:37:00+00:00,417.85
2026-04-29 15:38:00+00:00,417.665
2026-04-29 15:39:00+00:00,417.905
2026-04-29 15:40:00+00:00,418.31
2026-04-29 15:41:00+00:00,418.18
2026-04-29 15:42:00+00:00,417.97
2026-04-29 15:43:00+00:00,417.98
2026-04-29 15:44:00+00:00,417.88
2026-04-29 15:47:00+00:00,418.27
2026-04-29 15:48:00+00:00,418.22
2026-04-29 15:49:00+00:00,418.1
2026-04-29 15:50:00+00:00,418.23
2026-04-29 15:51:00+00:00,418.19
2026-04-29 15:52:00+00:00,417.94
2026-04-29 15:53:00+00:00,417.295
2026-04-29 15:54:00+00:00,417.35
2026-04-29 15:55:00+00:00,417.585
2026-04-29 15:56:00+00:00,417.39
2026-04-29 15:57:00+00:00,417.445
2026-04-29 15:58:00+00:00,417.5
2026-04-29 15:59:00+00:00,417.62
2026-04-29 16:00:00+00:00,417.72
2026-04-29 16:01:00+00:00,418.14
2026-04-29 16:02:00+00:00,418.29
2026-04-29 16:03:00+00:00,419.065
2026-04-29 16:04:00+00:00,418.905
2026-04-29 16:05:00+00:00,419.155
2026-04-29 16:06:00+00:00,418.84
2026-04-29 16:07:00+00:00,418.97
2026-04-29 16:08:00+00:00,418.92
2026-04-29 16:09:00+00:00,418.89
2026-04-29 16:10:00+00:00,419.04
2026-04-29 16:12:00+00:00,418.6
2026-04-29 16:13:00+00:00,418.615
2026-04-29 16:15:00+00:00,418.695
2026-04-29 16:16:00+00:00,418.64
2026-04-29 16:17:00+00:00,418.55
2026-04-29 16:18:00+00:00,418.635
2026-04-29 16:19:00+00:00,418.7
2026-04-29 16:20:00+00:00,418.625
2026-04-29 16:21:00+00:00,418.6
2026-04-29 16:22:00+00:00,418.61
2026-04-29 16:23:00+00:00,419.015
2026-04-29 16:24:00+00:00,418.92
2026-04-29 16:25:00+00:00,418.87
2026-04-29 16:27:00+00:00,418.96
2026-04-29 16:29:00+00:00,419.115
2026-04-29 16:32:00+00:00,418.27
2026-04-29 16:34:00+00:00,417.84
2026-04-29 16:36:00+00:00,417.71
2026-04-29 16:43:00+00:00,417.76
2026-04-29 16:44:00+00:00,417.82
2026-04-29 16:46:00+00:00,417.88
2026-04-29 16:47:00+00:00,417.76
2026-04-29 16:49:00+00:00,417.53
2026-04-29 16:51:00+00:00,417.585
2026-04-29 16:54:00+00:00,417.37
2026-04-29 17:05:00+00:00,417.405
2026-04-29 17:06:00+00:00,417.69
2026-04-29 17:07:00+00:00,417.815
2026-04-29 17:10:00+00:00,418.01
2026-04-29 17:12:00+00:00,417.85
2026-04-29 17:13:00+00:00,417.99
2026-04-29 17:14:00+00:00,417.98
2026-04-29 17:20:00+00:00,417.95
2026-04-29 17:21:00+00:00,418.01
2026-04-29 17:22:00+00:00,417.94
2026-04-29 17:23:00+00:00,418.11
2026-04-29 17:24:00+00:00,418.19
2026-04-29 17:25:00+00:00,418.03
2026-04-29 17:26:00+00:00,418.03
2026-04-29 17:27:00+00:00,417.91
2026-04-29 17:28:00+00:00,417.88
2026-04-29 17:29:00+00:00,417.47
2026-04-29 17:30:00+00:00,417.505
2026-04-29 17:31:00+00:00,417.64
2026-04-29 17:32:00+00:00,417.6
2026-04-29 17:33:00+00:00,417.52
2026-04-29 17:35:00+00:00,417.23
2026-04-29 17:40:00+00:00,417.36
2026-04-29 17:46:00+00:00,417.27
2026-04-29 17:48:00+00:00,417.23
2026-04-29 17:49:00+00:00,417.36
2026-04-29 17:52:00+00:00,417.41
2026-04-29 17:55:00+00:00,417.29
2026-04-29 18:00:00+00:00,417.0
2026-04-29 18:02:00+00:00,417.39
2026-04-29 18:03:00+00:00,417.205
2026-04-29 18:04:00+00:00,417.15
2026-04-29 18:06:00+00:00,416.71
2026-04-29 18:07:00+00:00,416.39
2026-04-29 18:09:00+00:00,416.19
2026-04-29 18:11:00+00:00,416.22
2026-04-29 18:12:00+00:00,416.325
2026-04-29 18:15:00+00:00,415.76
2026-04-29 18:16:00+00:00,416.69
2026-04-29 18:17:00+00:00,416.57
2026-04-29 18:18:00+00:00,416.525
2026-04-29 18:19:00+00:00,416.22
2026-04-29 18:20:00+00:00,416.22
2026-04-29 18:26:00+00:00,416.17
2026-04-29 18:27:00+00:00,416.23
2026-04-29 18:29:00+00:00,416.21
2026-04-29 18:30:00+00:00,416.02
2026-04-29 18:31:00+00:00,415.53
2026-04-29 18:32:00+00:00,415.49
2026-04-29 18:33:00+00:00,415.41
2026-04-29 18:34:00+00:00,415.41
2026-04-29 18:35:00+00:00,415.61
2026-04-29 18:36:00+00:00,416.58
2026-04-29 18:37:00+00:00,415.55
2026-04-29 18:38:00+00:00,415.87
2026-04-29 18:39:00+00:00,415.99
2026-04-29 18:41:00+00:00,415.75
2026-04-29 18:42:00+00:00,415.715
2026-04-29 18:43:00+00:00,415.575
2026-04-29 18:44:00+00:00,415.19
2026-04-29 18:45:00+00:00,415.09
2026-04-29 18:47:00+00:00,415.68
2026-04-29 18:48:00+00:00,415.68
2026-04-29 18:50:00+00:00,416.17
2026-04-29 18:51:00+00:00,416.25
2026-04-29 18:52:00+00:00,416.34
2026-04-29 18:54:00+00:00,416.09
2026-04-29 18:55:00+00:00,416.72
2026-04-29 18:57:00+00:00,416.56
2026-04-29 18:59:00+00:00,416.57
2026-04-29 19:00:00+00:00,417.16
2026-04-29 19:01:00+00:00,417.14
2026-04-29 19:02:00+00:00,416.955
2026-04-29 19:03:00+00:00,416.97
2026-04-29 19:04:00+00:00,416.97
2026-04-29 19:05:00+00:00,416.43
2026-04-29 19:06:00+00:00,416.835
2026-04-29 19:07:00+00:00,416.86
2026-04-29 19:08:00+00:00,416.995
2026-04-29 19:09:00+00:00,416.835
2026-04-29 19:10:00+00:00,416.79
2026-04-29 19:12:00+00:00,417.1
2026-04-29 19:13:00+00:00,417.32
2026-04-29 19:14:00+00:00,417.57
2026-04-29 19:15:00+00:00,417.755
2026-04-29 19:16:00+00:00,417.79
2026-04-29 19:17:00+00:00,417.525
2026-04-29 19:18:00+00:00,417.465
2026-04-29 19:19:00+00:00,417.52
2026-04-29 19:22:00+00:00,417.41
2026-04-29 19:23:00+00:00,417.14
2026-04-29 19:24:00+00:00,417.15
2026-04-29 19:25:00+00:00,417.17
2026-04-29 19:26:00+00:00,417.09
2026-04-29 19:27:00+00:00,417.085
2026-04-29 19:28:00+00:00,417.185
2026-04-29 19:30:00+00:00,417.095
2026-04-29 19:31:00+00:00,417.09
2026-04-29 19:32:00+00:00,416.965
2026-04-29 19:33:00+00:00,416.83
2026-04-29 19:34:00+00:00,416.785
2026-04-29 19:35:00+00:00,416.675
2026-04-29 19:36:00+00:00,416.7
2026-04-29 19:37:00+00:00,416.83
2026-04-29 19:38:00+00:00,416.83
2026-04-29 19:39:00+00:00,416.87
2026-04-29 19:41:00+00:00,416.92
2026-04-29 19:42:00+00:00,416.77
2026-04-29 19:43:00+00:00,416.69
2026-04-29 19:44:00+00:00,416.725
2026-04-29 19:45:00+00:00,417.01
2026-04-29 19:46:00+00:00,417.0
2026-04-29 19:48:00+00:00,417.245
2026-04-29 19:50:00+00:00,417.56
2026-04-29 19:53:00+00:00,417.51
2026-04-29 19:54:00+00:00,417.63
2026-04-29 19:55:00+00:00,417.605
2026-04-29 19:56:00+00:00,417.705
2026-04-29 19:58:00+00:00,417.235
2026-04-29 19:59:00+00:00,417.425
2026-04-30 12:09:00+00:00,425.06
2026-04-30 12:50:00+00:00,424.66
2026-04-30 13:15:00+00:00,426.29
2026-04-30 13:30:00+00:00,425.35
2026-04-30 13:31:00+00:00,425.13
2026-04-30 13:33:00+00:00,425.1
2026-04-30 13:34:00+00:00,425.0
2026-04-30 13:35:00+00:00,424.75
2026-04-30 13:36:00+00:00,424.62
2026-04-30 13:37:00+00:00,424.52
2026-04-30 13:38:00+00:00,424.505
2026-04-30 13:39:00+00:00,424.495
2026-04-30 13:40:00+00:00,424.63
2026-04-30 13:41:00+00:00,424.51
2026-04-30 13:42:00+00:00,424.22
2026-04-30 13:44:00+00:00,424.61
2026-04-30 13:45:00+00:00,424.32
2026-04-30 13:46:00+00:00,424.09
2026-04-30 13:47:00+00:00,423.525
2026-04-30 13:52:00+00:00,423.325
2026-04-30 13:57:00+00:00,423.24
2026-04-30 14:00:00+00:00,423.35
2026-04-30 14:01:00+00:00,423.75
2026-04-30 14:03:00+00:00,424.55
2026-04-30 14:04:00+00:00,424.22
2026-04-30 14:06:00+00:00,424.39
2026-04-30 14:07:00+00:00,424.36
2026-04-30 14:08:00+00:00,424.025
2026-04-30 14:09:00+00:00,423.87
2026-04-30 14:13:00+00:00,424.19
2026-04-30 14:15:00+00:00,424.33
2026-04-30 14:16:00+00:00,423.81
2026-04-30 14:17:00+00:00,423.99
2026-04-30 14:18:00+00:00,424.32
2026-04-30 14:19:00+00:00,424.335
2026-04-30 14:20:00+00:00,424.31
2026-04-30 14:21:00+00:00,424.11
2026-04-30 14:22:00+00:00,424.46
2026-04-30 14:24:00+00:00,424.36
2026-04-30 14:25:00+00:00,424.3
2026-04-30 14:26:00+00:00,424.12
2026-04-30 14:28:00+00:00,424.42
2026-04-30 14:30:00+00:00,424.08
2026-04-30 14:31:00+00:00,424.145
2026-04-30 14:32:00+00:00,423.68
2026-04-30 14:33:00+00:00,423.505
2026-04-30 14:34:00+00:00,423.73
2026-04-30 14:35:00+00:00,423.72
2026-04-30 14:36:00+00:00,423.6
2026-04-30 14:37:00+00:00,423.46
2026-04-30 14:38:00+00:00,423.475
2026-04-30 14:39:00+00:00,423.3
2026-04-30 14:40:00+00:00,423.63
2026-04-30 14:43:00+00:00,424.01
2026-04-30 14:45:00+00:00,423.95
2026-04-30 14:49:00+00:00,424.0
2026-04-30 14:51:00+00:00,424.29
2026-04-30 14:53:00+00:00,424.36
2026-04-30 15:00:00+00:00,424.15
2026-04-30 15:01:00+00:00,424.19
2026-04-30 15:02:00+00:00,424.0
2026-04-30 15:03:00+00:00,423.81
2026-04-30 15:05:00+00:00,423.83
2026-04-30 15:06:00+00:00,423.72
2026-04-30 15:07:00+00:00,423.87
2026-04-30 15:08:00+00:00,424.18
2026-04-30 15:10:00+00:00,424.45
2026-04-30 15:11:00+00:00,424.25
2026-04-30 15:12:00+00:00,423.95
2026-04-30 15:13:00+00:00,423.915
2026-04-30 15:14:00+00:00,423.98
2026-04-30 15:15:00+00:00,424.26
2026-04-30 15:16:00+00:00,424.07
2026-04-30 15:18:00+00:00,423.9
2026-04-30 15:20:00+00:00,424.035
2026-04-30 15:21:00+00:00,423.875
2026-04-30 15:22:00+00:00,423.71
2026-04-30 15:23:00+00:00,423.87
2026-04-30 15:25:00+00:00,424.235
2026-04-30 15:27:00+00:00,424.25
2026-04-30 15:28:00+00:00,424.225
2026-04-30 15:31:00+00:00,424.5
2026-04-30 15:32:00+00:00,424.34
2026-04-30 15:33:00+00:00,424.25
2026-04-30 15:34:00+00:00,424.41
2026-04-30 15:35:00+00:00,424.4
2026-04-30 15:36:00+00:00,424.24
2026-04-30 15:37:00+00:00,423.99
2026-04-30 15:38:00+00:00,423.88
2026-04-30 15:39:00+00:00,423.82
2026-04-30 15:40:00+00:00,423.77
2026-04-30 15:41:00+00:00,423.83
2026-04-30 15:42:00+00:00,423.74
2026-04-30 15:43:00+00:00,423.76
2026-04-30 15:44:00+00:00,423.64
2026-04-30 15:45:00+00:00,423.44
2026-04-30 15:51:00+00:00,423.63
2026-04-30 15:55:00+00:00,423.64
2026-04-30 15:57:00+00:00,423.785
2026-04-30 15:58:00+00:00,423.8
2026-04-30 15:59:00+00:00,423.68
2026-04-30 16:00:00+00:00,423.645
2026-04-30 16:01:00+00:00,423.4
2026-04-30 16:02:00+00:00,423.32
2026-04-30 16:03:00+00:00,423.44
2026-04-30 16:04:00+00:00,423.51
2026-04-30 16:05:00+00:00,423.65
2026-04-30 16:06:00+00:00,423.67
2026-04-30 16:07:00+00:00,423.53
2026-04-30 16:08:00+00:00,423.74
2026-04-30 16:14:00+00:00,423.315
2026-04-30 16:15:00+00:00,423.14
2026-04-30 16:16:00+00:00,422.87
2026-04-30 16:17:00+00:00,422.86
2026-04-30 16:19:00+00:00,422.81
2026-04-30 16:21:00+00:00,422.99
2026-04-30 16:23:00+00:00,423.07
2026-04-30 16:24:00+00:00,423.245
2026-04-30 16:25:00+00:00,423.195
2026-04-30 16:26:00+00:00,423.19
2026-04-30 16:31:00+00:00,422.99
2026-04-30 16:34:00+00:00,423.45
2026-04-30 16:35:00+00:00,423.16
2026-04-30 16:36:00+00:00,423.19
2026-04-30 16:37:00+00:00,423.195
2026-04-30 16:38:00+00:00,423.28
2026-04-30 16:40:00+00:00,423.1
2026-04-30 16:42:00+00:00,423.16
2026-04-30 16:43:00+00:00,423.265
2026-04-30 16:44:00+00:00,423.045
2026-04-30 16:45:00+00:00,423.055
2026-04-30 16:49:00+00:00,423.36
2026-04-30 16:50:00+00:00,423.7
2026-04-30 16:52:00+00:00,423.52
2026-04-30 16:53:00+00:00,423.52
2026-04-30 16:55:00+00:00,423.385
2026-04-30 16:56:00+00:00,422.95
2026-04-30 16:57:00+00:00,422.81
2026-04-30 16:58:00+00:00,422.865
2026-04-30 16:59:00+00:00,422.975
2026-04-30 17:01:00+00:00,423.28
2026-04-30 17:02:00+00:00,423.57
2026-04-30 17:04:00+00:00,423.675
2026-04-30 17:05:00+00:00,423.83
2026-04-30 17:06:00+00:00,423.6
2026-04-30 17:07:00+00:00,423.73
2026-04-30 17:08:00+00:00,423.76
2026-04-30 17:09:00+00:00,423.86
2026-04-30 17:10:00+00:00,423.96
2026-04-30 17:11:00+00:00,424.01
2026-04-30 17:12:00+00:00,424.03
2026-04-30 17:13:00+00:00,423.92
2026-04-30 17:14:00+00:00,423.69
2026-04-30 17:15:00+00:00,423.71
2026-04-30 17:16:00+00:00,423.47
2026-04-30 17:17:00+00:00,423.46
2026-04-30 17:18:00+00:00,423.65
2026-04-30 17:19:00+00:00,423.795
2026-04-30 17:20:00+00:00,424.015
2026-04-30 17:21:00+00:00,424.07
2026-04-30 17:22:00+00:00,424.1
2026-04-30 17:23:00+00:00,423.89
2026-04-30 17:24:00+00:00,423.96
2026-04-30 17:25:00+00:00,423.92
2026-04-30 17:26:00+00:00,423.77
2026-04-30 17:27:00+00:00,423.99
2026-04-30 17:28:00+00:00,423.91
2026-04-30 17:29:00+00:00,423.87
2026-04-30 17:35:00+00:00,423.92
2026-04-30 17:37:00+00:00,424.11
2026-04-30 17:38:00+00:00,423.85
2026-04-30 17:39:00+00:00,423.75
2026-04-30 17:40:00+00:00,423.77
2026-04-30 17:41:00+00:00,423.815
2026-04-30 17:44:00+00:00,423.775
2026-04-30 17:45:00+00:00,423.895
2026-04-30 17:46:00+00:00,423.995
2026-04-30 17:48:00+00:00,423.81
2026-04-30 17:50:00+00:00,423.71
2026-04-30 17:52:00+00:00,423.695
2026-04-30 17:54:00+00:00,423.7
2026-04-30 17:59:00+00:00,423.775
2026-04-30 18:00:00+00:00,423.98
2026-04-30 18:02:00+00:00,424.435
2026-04-30 18:03:00+00:00,424.26
2026-04-30 18:04:00+00:00,424.355
2026-04-30 18:05:00+00:00,424.365
2026-04-30 18:06:00+00:00,424.365
2026-04-30 18:07:00+00:00,424.35
2026-04-30 18:08:00+00:00,424.355
2026-04-30 18:09:00+00:00,424.33
2026-04-30 18:10:00+00:00,424.22
2026-04-30 18:11:00+00:00,424.245
2026-04-30 18:12:00+00:00,424.2
2026-04-30 18:13:00+00:00,424.3
2026-04-30 18:14:00+00:00,424.19
2026-04-30 18:15:00+00:00,424.18
2026-04-30 18:16:00+00:00,424.39
2026-04-30 18:17:00+00:00,424.47
2026-04-30 18:18:00+00:00,424.47
2026-04-30 18:20:00+00:00,424.41
2026-04-30 18:21:00+00:00,424.32
2026-04-30 18:22:00+00:00,424.285
2026-04-30 18:23:00+00:00,424.36
2026-04-30 18:24:00+00:00,424.22
2026-04-30 18:25:00+00:00,424.175
2026-04-30 18:26:00+00:00,424.22
2026-04-30 18:27:00+00:00,424.27
2026-04-30 18:28:00+00:00,424.32
2026-04-30 18:30:00+00:00,424.4
2026-04-30 18:31:00+00:00,424.15
2026-04-30 18:32:00+00:00,424.145
2026-04-30 18:33:00+00:00,424.12
2026-04-30 18:34:00+00:00,424.15
2026-04-30 18:35:00+00:00,424.085
2026-04-30 18:36:00+00:00,424.04
2026-04-30 18:37:00+00:00,424.03
2026-04-30 18:38:00+00:00,424.15
2026-04-30 18:39:00+00:00,424.07
2026-04-30 18:40:00+00:00,424.11
2026-04-30 18:43:00+00:00,424.16
2026-04-30 18:46:00+00:00,424.15
2026-04-30 18:48:00+00:00,424.23
2026-04-30 18:49:00+00:00,424.19
2026-04-30 18:50:00+00:00,424.25
2026-04-30 18:51:00+00:00,424.12
2026-04-30 18:52:00+00:00,424.35
2026-04-30 18:53:00+00:00,424.34
2026-04-30 18:55:00+00:00,424.35
2026-04-30 18:57:00+00:00,424.4
2026-04-30 18:59:00+00:00,424.26
2026-04-30 19:00:00+00:00,424.38
2026-04-30 19:01:00+00:00,424.44
2026-04-30 19:02:00+00:00,424.42
2026-04-30 19:03:00+00:00,424.37
2026-04-30 19:04:00+00:00,424.39
2026-04-30 19:05:00+00:00,424.415
2026-04-30 19:06:00+00:00,424.41
2026-04-30 19:07:00+00:00,424.66
2026-04-30 19:08:00+00:00,424.54
2026-04-30 19:09:00+00:00,424.59
2026-04-30 19:10:00+00:00,424.62
2026-04-30 19:12:00+00:00,424.525
2026-04-30 19:13:00+00:00,424.55
2026-04-30 19:14:00+00:00,424.37
2026-04-30 19:15:00+00:00,424.4
2026-04-30 19:16:00+00:00,424.47
2026-04-30 19:18:00+00:00,424.4
2026-04-30 19:19:00+00:00,424.22
2026-04-30 19:20:00+00:00,423.91
2026-04-30 19:21:00+00:00,423.89
2026-04-30 19:22:00+00:00,423.98
2026-04-30 19:23:00+00:00,423.95
2026-04-30 19:26:00+00:00,423.87
2026-04-30 19:27:00+00:00,423.825
2026-04-30 19:28:00+00:00,423.905
2026-04-30 19:29:00+00:00,423.875
2026-04-30 19:31:00+00:00,423.67
2026-04-30 19:32:00+00:00,423.64
2026-04-30 19:33:00+00:00,423.7
2026-04-30 19:34:00+00:00,423.91
2026-04-30 19:35:00+00:00,423.91
2026-04-30 19:36:00+00:00,423.83
2026-04-30 19:37:00+00:00,423.88
2026-04-30 19:38:00+00:00,423.99
2026-04-30 19:39:00+00:00,424.16
2026-04-30 19:40:00+00:00,424.06
2026-04-30 19:42:00+00:00,424.18
2026-04-30 19:44:00+00:00,424.32
2026-04-30 19:45:00+00:00,424.37
2026-04-30 19:46:00+00:00,424.21
2026-04-30 19:47:00+00:00,424.23
2026-04-30 19:48:00+00:00,424.2
2026-04-30 19:49:00+00:00,424.1
2026-04-30 19:50:00+00:00,423.73
2026-04-30 19:51:00+00:00,423.67
2026-04-30 19:52:00+00:00,423.63
2026-04-30 19:53:00+00:00,423.755
2026-04-30 19:54:00+00:00,423.75
2026-04-30 19:55:00+00:00,423.67
2026-04-30 19:56:00+00:00,423.59
2026-04-30 19:57:00+00:00,423.69
2026-04-30 19:58:00+00:00,423.72
2026-04-30 19:59:00+00:00,423.78
2026-05-01 12:15:00+00:00,420.98
2026-05-01 12:16:00+00:00,420.9
2026-05-01 12:33:00+00:00,422.03
2026-05-01 12:35:00+00:00,422.13
2026-05-01 12:47:00+00:00,421.67
2026-05-01 13:31:00+00:00,421.76
2026-05-01 13:34:00+00:00,422.26
2026-05-01 13:35:00+00:00,422.425
2026-05-01 13:37:00+00:00,422.87
2026-05-01 13:38:00+00:00,422.44
2026-05-01 13:40:00+00:00,422.91
2026-05-01 13:41:00+00:00,423.06
2026-05-01 13:42:00+00:00,422.97
2026-05-01 13:43:00+00:00,422.79
2026-05-01 13:45:00+00:00,423.04
2026-05-01 13:46:00+00:00,422.755
2026-05-01 13:47:00+00:00,422.36
2026-05-01 13:48:00+00:00,422.55
2026-05-01 13:50:00+00:00,422.77
2026-05-01 13:52:00+00:00,423.39
2026-05-01 13:54:00+00:00,424.11
2026-05-01 13:55:00+00:00,424.93
2026-05-01 13:56:00+00:00,424.67
2026-05-01 13:57:00+00:00,424.68
2026-05-01 14:00:00+00:00,425.61
2026-05-01 14:01:00+00:00,425.81
2026-05-01 14:02:00+00:00,425.88
2026-05-01 14:03:00+00:00,425.82
2026-05-01 14:04:00+00:00,425.69
2026-05-01 14:05:00+00:00,425.36
2026-05-01 14:06:00+00:00,425.945
2026-05-01 14:07:00+00:00,425.645
2026-05-01 14:08:00+00:00,425.45
2026-05-01 14:09:00+00:00,425.61
2026-05-01 14:10:00+00:00,425.74
2026-05-01 14:11:00+00:00,426.22
2026-05-01 14:12:00+00:00,427.25
2026-05-01 14:13:00+00:00,427.655
2026-05-01 14:14:00+00:00,427.27
2026-05-01 14:15:00+00:00,427.76
2026-05-01 14:16:00+00:00,427.7
2026-05-01 14:17:00+00:00,427.29
2026-05-01 14:18:00+00:00,427.23
2026-05-01 14:19:00+00:00,427.115
2026-05-01 14:20:00+00:00,427.45
2026-05-01 14:21:00+00:00,427.355
2026-05-01 14:22:00+00:00,427.59
2026-05-01 14:23:00+00:00,427.2
2026-05-01 14:24:00+00:00,426.94
2026-05-01 14:25:00+00:00,426.72
2026-05-01 14:26:00+00:00,426.65
2026-05-01 14:27:00+00:00,426.825
2026-05-01 14:28:00+00:00,427.085
2026-05-01 14:29:00+00:00,426.555
2026-05-01 14:30:00+00:00,426.3
2026-05-01 14:31:00+00:00,426.12
2026-05-01 14:33:00+00:00,426.48
2026-05-01 14:34:00+00:00,426.19
2026-05-01 14:35:00+00:00,425.985
2026-05-01 14:36:00+00:00,425.88
2026-05-01 14:37:00+00:00,425.84
2026-05-01 14:38:00+00:00,426.01
2026-05-01 14:39:00+00:00,426.2
2026-05-01 14:40:00+00:00,425.635
2026-05-01 14:41:00+00:00,425.44
2026-05-01 14:42:00+00:00,425.53
2026-05-01 14:43:00+00:00,425.73
2026-05-01 14:44:00+00:00,425.57
2026-05-01 14:45:00+00:00,425.33
2026-05-01 14:47:00+00:00,425.09
2026-05-01 14:48:00+00:00,425.24
2026-05-01 14:49:00+00:00,425.32
2026-05-01 14:50:00+00:00,425.13
2026-05-01 14:51:00+00:00,425.34
2026-05-01 14:52:00+00:00,425.4
2026-05-01 14:53:00+00:00,425.21
2026-05-01 14:54:00+00:00,425.37
2026-05-01 14:55:00+00:00,425.295
2026-05-01 14:56:00+00:00,425.465
2026-05-01 14:58:00+00:00,425.255
2026-05-01 14:59:00+00:00,425.35
2026-05-01 15:00:00+00:00,425.225
2026-05-01 15:02:00+00:00,424.84
2026-05-01 15:03:00+00:00,424.84
2026-05-01 15:04:00+00:00,424.73
2026-05-01 15:05:00+00:00,424.52
2026-05-01 15:07:00+00:00,424.13
2026-05-01 15:08:00+00:00,424.73
2026-05-01 15:09:00+00:00,424.7
2026-05-01 15:10:00+00:00,424.71
2026-05-01 15:11:00+00:00,424.56
2026-05-01 15:12:00+00:00,425.27
2026-05-01 15:13:00+00:00,425.44
2026-05-01 15:14:00+00:00,425.66
2026-05-01 15:15:00+00:00,425.725
2026-05-01 15:16:00+00:00,425.795
2026-05-01 15:17:00+00:00,425.625
2026-05-01 15:18:00+00:00,425.87
2026-05-01 15:20:00+00:00,426.05
2026-05-01 15:23:00+00:00,425.63
2026-05-01 15:25:00+00:00,425.635
2026-05-01 15:27:00+00:00,425.66
2026-05-01 15:29:00+00:00,425.535
2026-05-01 15:34:00+00:00,425.92
2026-05-01 15:35:00+00:00,425.72
2026-05-01 15:36:00+00:00,425.98
2026-05-01 15:37:00+00:00,425.86
2026-05-01 15:38:00+00:00,426.09
2026-05-01 15:45:00+00:00,426.32
2026-05-01 15:46:00+00:00,426.49
2026-05-01 15:48:00+00:00,426.5
2026-05-01 15:49:00+00:00,426.5
2026-05-01 15:50:00+00:00,426.07
2026-05-01 15:51:00+00:00,426.13
2026-05-01 15:52:00+00:00,426.16
2026-05-01 15:53:00+00:00,426.34
2026-05-01 15:54:00+00:00,426.5
2026-05-01 15:56:00+00:00,426.48
2026-05-01 15:57:00+00:00,426.33
2026-05-01 16:00:00+00:00,426.29
2026-05-01 16:01:00+00:00,426.22
2026-05-01 16:04:00+00:00,426.41
2026-05-01 16:05:00+00:00,426.37
2026-05-01 16:06:00+00:00,426.18
2026-05-01 16:07:00+00:00,426.01
2026-05-01 16:09:00+00:00,426.2
2026-05-01 16:10:00+00:00,425.925
2026-05-01 16:11:00+00:00,425.975
2026-05-01 16:12:00+00:00,426.15
2026-05-01 16:15:00+00:00,426.51
2026-05-01 16:16:00+00:00,426.58
2026-05-01 16:17:00+00:00,426.83
2026-05-01 16:19:00+00:00,426.6
2026-05-01 16:20:00+00:00,426.6
2026-05-01 16:21:00+00:00,426.765
2026-05-01 16:23:00+00:00,426.22
2026-05-01 16:24:00+00:00,426.335
2026-05-01 16:25:00+00:00,425.955
2026-05-01 16:26:00+00:00,425.94
2026-05-01 16:27:00+00:00,426.0
2026-05-01 16:28:00+00:00,425.97
2026-05-01 16:30:00+00:00,425.82
2026-05-01 16:31:00+00:00,425.8
2026-05-01 16:32:00+00:00,425.71
2026-05-01 16:33:00+00:00,425.6
2026-05-01 16:34:00+00:00,425.6
2026-05-01 16:38:00+00:00,425.89
2026-05-01 16:40:00+00:00,425.97
2026-05-01 16:41:00+00:00,425.98
2026-05-01 16:43:00+00:00,426.03
2026-05-01 16:45:00+00:00,425.83
2026-05-01 16:46:00+00:00,425.76
2026-05-01 16:47:00+00:00,425.79
2026-05-01 16:48:00+00:00,425.9
2026-05-01 16:49:00+00:00,425.96
2026-05-01 16:54:00+00:00,426.17
2026-05-01 16:55:00+00:00,426.19
2026-05-01 16:57:00+00:00,426.125
2026-05-01 16:58:00+00:00,426.08
2026-05-01 17:00:00+00:00,426.08
2026-05-01 17:02:00+00:00,426.14
2026-05-01 17:03:00+00:00,426.25
2026-05-01 17:06:00+00:00,426.0
2026-05-01 17:07:00+00:00,425.88
2026-05-01 17:09:00+00:00,425.79
2026-05-01 17:12:00+00:00,425.85
2026-05-01 17:15:00+00:00,425.98
2026-05-01 17:16:00+00:00,425.99
2026-05-01 17:18:00+00:00,425.88
2026-05-01 17:21:00+00:00,425.78
2026-05-01 17:23:00+00:00,425.59
2026-05-01 17:24:00+00:00,425.52
2026-05-01 17:25:00+00:00,425.52
2026-05-01 17:26:00+00:00,425.55
2026-05-01 17:28:00+00:00,425.65
2026-05-01 17:29:00+00:00,425.27
2026-05-01 17:31:00+00:00,425.11
2026-05-01 17:32:00+00:00,425.05
2026-05-01 17:33:00+00:00,425.27
2026-05-01 17:34:00+00:00,425.24
2026-05-01 17:35:00+00:00,425.12
2026-05-01 17:36:00+00:00,424.98
2026-05-01 17:37:00+00:00,424.99
2026-05-01 17:38:00+00:00,424.98
2026-05-01 17:39:00+00:00,425.09
2026-05-01 17:40:00+00:00,425.21
2026-05-01 17:41:00+00:00,425.07
2026-05-01 17:42:00+00:00,424.95
2026-05-01 17:43:00+00:00,424.85
2026-05-01 17:44:00+00:00,424.85
2026-05-01 17:45:00+00:00,424.98
2026-05-01 17:47:00+00:00,424.91
2026-05-01 17:49:00+00:00,424.85
2026-05-01 17:50:00+00:00,424.84
2026-05-01 17:51:00+00:00,424.84
2026-05-01 17:53:00+00:00,425.25
2026-05-01 17:57:00+00:00,425.06
2026-05-01 18:00:00+00:00,425.04
2026-05-01 18:02:00+00:00,424.52
2026-05-01 18:05:00+00:00,424.54
2026-05-01 18:08:00+00:00,424.47
2026-05-01 18:09:00+00:00,424.59
2026-05-01 18:10:00+00:00,424.41
2026-05-01 18:11:00+00:00,424.36
2026-05-01 18:12:00+00:00,424.29
2026-05-01 18:13:00+00:00,423.93
2026-05-01 18:14:00+00:00,423.91
2026-05-01 18:15:00+00:00,423.99
2026-05-01 18:17:00+00:00,423.79
2026-05-01 18:18:00+00:00,423.785
2026-05-01 18:19:00+00:00,423.89
2026-05-01 18:20:00+00:00,424.02
2026-05-01 18:21:00+00:00,424.13
2026-05-01 18:23:00+00:00,424.2
2026-05-01 18:25:00+00:00,424.21
2026-05-01 18:27:00+00:00,424.2
2026-05-01 18:28:00+00:00,424.18
2026-05-01 18:29:00+00:00,424.47
2026-05-01 18:30:00+00:00,424.44
2026-05-01 18:31:00+00:00,424.23
2026-05-01 18:33:00+00:00,424.12
2026-05-01 18:36:00+00:00,423.93
2026-05-01 18:38:00+00:00,423.89
2026-05-01 18:39:00+00:00,423.87
2026-05-01 18:40:00+00:00,423.92
2026-05-01 18:41:00+00:00,424.34
2026-05-01 18:42:00+00:00,424.295
2026-05-01 18:43:00+00:00,424.275
2026-05-01 18:44:00+00:00,424.31
2026-05-01 18:45:00+00:00,424.27
2026-05-01 18:46:00+00:00,424.22
2026-05-01 18:48:00+00:00,424.35
2026-05-01 18:49:00+00:00,424.52
2026-05-01 18:50:00+00:00,424.59
2026-05-01 18:51:00+00:00,424.64
2026-05-01 18:52:00+00:00,424.58
2026-05-01 18:53:00+00:00,424.5
2026-05-01 18:54:00+00:00,424.5
2026-05-01 18:55:00+00:00,424.48
2026-05-01 18:56:00+00:00,424.51
2026-05-01 18:57:00+00:00,424.53
2026-05-01 18:58:00+00:00,424.47
2026-05-01 18:59:00+00:00,424.445
2026-05-01 19:00:00+00:00,424.375
2026-05-01 19:01:00+00:00,424.41
2026-05-01 19:02:00+00:00,424.44
2026-05-01 19:03:00+00:00,424.29
2026-05-01 19:04:00+00:00,424.275
2026-05-01 19:05:00+00:00,424.35
2026-05-01 19:06:00+00:00,424.36
2026-05-01 19:07:00+00:00,424.35
2026-05-01 19:08:00+00:00,424.41
2026-05-01 19:10:00+00:00,424.44
2026-05-01 19:11:00+00:00,424.49
2026-05-01 19:12:00+00:00,424.68
2026-05-01 19:13:00+00:00,424.7
2026-05-01 19:14:00+00:00,424.69
2026-05-01 19:15:00+00:00,424.83
2026-05-01 19:16:00+00:00,424.81
2026-05-01 19:17:00+00:00,424.8
2026-05-01 19:18:00+00:00,424.8
2026-05-01 19:19:00+00:00,424.84
2026-05-01 19:22:00+00:00,424.86
2026-05-01 19:23:00+00:00,424.79
2026-05-01 19:24:00+00:00,424.8
2026-05-01 19:25:00+00:00,424.86
2026-05-01 19:29:00+00:00,424.74
2026-05-01 19:30:00+00:00,424.41
2026-05-01 19:32:00+00:00,424.25
2026-05-01 19:33:00+00:00,424.0
2026-05-01 19:34:00+00:00,423.99
2026-05-01 19:35:00+00:00,423.985
2026-05-01 19:36:00+00:00,423.85
2026-05-01 19:37:00+00:00,423.88
2026-05-01 19:39:00+00:00,423.955
2026-05-01 19:40:00+00:00,423.81
2026-05-01 19:41:00+00:00,423.705
2026-05-01 19:42:00+00:00,423.6
2026-05-01 19:43:00+00:00,423.47
2026-05-01 19:44:00+00:00,423.42
2026-05-01 19:46:00+00:00,423.52
2026-05-01 19:47:00+00:00,423.47
2026-05-01 19:48:00+00:00,423.63
2026-05-01 19:49:00+00:00,423.65
2026-05-01 19:50:00+00:00,423.59
2026-05-01 19:51:00+00:00,423.515
2026-05-01 19:52:00+00:00,423.29
2026-05-01 19:53:00+00:00,423.24
2026-05-01 19:54:00+00:00,423.385
2026-05-01 19:55:00+00:00,423.38
2026-05-01 19:56:00+00:00,423.32
2026-05-01 19:57:00+00:00,423.15
2026-05-01 19:58:00+00:00,423.135
2026-05-01 19:59:00+00:00,423.29
2026-05-04 12:17:00+00:00,419.66
2026-05-04 12:32:00+00:00,419.29
2026-05-04 13:30:00+00:00,418.71
2026-05-04 13:31:00+00:00,418.38
2026-05-04 13:32:00+00:00,418.93
2026-05-04 13:33:00+00:00,419.5
2026-05-04 13:34:00+00:00,419.43
2026-05-04 13:35:00+00:00,419.41
2026-05-04 13:36:00+00:00,419.41
2026-05-04 13:38:00+00:00,419.39
2026-05-04 13:39:00+00:00,419.38
2026-05-04 13:40:00+00:00,419.205
2026-05-04 13:41:00+00:00,419.26
2026-05-04 13:42:00+00:00,419.27
2026-05-04 13:43:00+00:00,419.23
2026-05-04 13:44:00+00:00,419.405
2026-05-04 13:45:00+00:00,419.24
2026-05-04 13:46:00+00:00,419.32
2026-05-04 13:47:00+00:00,419.01
2026-05-04 13:48:00+00:00,418.9
2026-05-04 13:49:00+00:00,418.83
2026-05-04 13:50:00+00:00,418.55
2026-05-04 13:51:00+00:00,419.05
2026-05-04 13:52:00+00:00,418.93
2026-05-04 13:53:00+00:00,418.605
2026-05-04 13:54:00+00:00,418.98
2026-05-04 13:55:00+00:00,419.18
2026-05-04 13:56:00+00:00,418.94
2026-05-04 13:57:00+00:00,418.9
2026-05-04 13:58:00+00:00,419.22
2026-05-04 13:59:00+00:00,419.08
2026-05-04 14:02:00+00:00,419.05
2026-05-04 14:04:00+00:00,418.7
2026-05-04 14:05:00+00:00,418.57
2026-05-04 14:06:00+00:00,418.58
2026-05-04 14:08:00+00:00,418.68
2026-05-04 14:09:00+00:00,418.19
2026-05-04 14:11:00+00:00,418.32
2026-05-04 14:12:00+00:00,418.94
2026-05-04 14:13:00+00:00,418.83
2026-05-04 14:15:00+00:00,419.085
2026-05-04 14:16:00+00:00,419.38
2026-05-04 14:17:00+00:00,419.42
2026-05-04 14:18:00+00:00,419.73
2026-05-04 14:19:00+00:00,419.73
2026-05-04 14:20:00+00:00,420.04
2026-05-04 14:21:00+00:00,420.09
2026-05-04 14:22:00+00:00,420.67
2026-05-04 14:23:00+00:00,420.65
2026-05-04 14:24:00+00:00,420.31
2026-05-04 14:25:00+00:00,419.99
2026-05-04 14:26:00+00:00,420.0
2026-05-04 14:27:00+00:00,419.93
2026-05-04 14:28:00+00:00,419.895
2026-05-04 14:29:00+00:00,419.76
2026-05-04 14:30:00+00:00,420.02
2026-05-04 14:31:00+00:00,420.39
2026-05-04 14:33:00+00:00,420.2
2026-05-04 14:34:00+00:00,420.12
2026-05-04 14:35:00+00:00,420.51
2026-05-04 14:36:00+00:00,420.43
2026-05-04 14:37:00+00:00,420.54
2026-05-04 14:38:00+00:00,420.56
2026-05-04 14:39:00+00:00,420.47
2026-05-04 14:40:00+00:00,420.77
2026-05-04 14:41:00+00:00,420.5
2026-05-04 14:42:00+00:00,420.23
2026-05-04 14:43:00+00:00,420.13
2026-05-04 14:44:00+00:00,420.22
2026-05-04 14:45:00+00:00,420.27
2026-05-04 14:46:00+00:00,419.81
2026-05-04 14:47:00+00:00,420.0
2026-05-04 14:48:00+00:00,419.77
2026-05-04 14:49:00+00:00,419.655
2026-05-04 14:50:00+00:00,419.69
2026-05-04 14:51:00+00:00,419.545
2026-05-04 14:53:00+00:00,419.47
2026-05-04 14:54:00+00:00,419.64
2026-05-04 14:55:00+00:00,419.825
2026-05-04 14:56:00+00:00,419.47
2026-05-04 14:57:00+00:00,419.17
2026-05-04 14:58:00+00:00,419.31
2026-05-04 14:59:00+00:00,419.08
2026-05-04 15:00:00+00:00,418.96
2026-05-04 15:01:00+00:00,418.86
2026-05-04 15:02:00+00:00,419.145
2026-05-04 15:03:00+00:00,418.7
2026-05-04 15:04:00+00:00,418.88
2026-05-04 15:06:00+00:00,418.64
2026-05-04 15:07:00+00:00,418.5
2026-05-04 15:09:00+00:00,418.5
2026-05-04 15:10:00+00:00,418.47
2026-05-04 15:11:00+00:00,418.495
2026-05-04 15:12:00+00:00,418.285
2026-05-04 15:13:00+00:00,418.175
2026-05-04 15:14:00+00:00,417.735
2026-05-04 15:15:00+00:00,417.91
2026-05-04 15:16:00+00:00,418.11
2026-05-04 15:17:00+00:00,417.78
2026-05-04 15:18:00+00:00,417.2
2026-05-04 15:19:00+00:00,416.62
2026-05-04 15:20:00+00:00,416.425
2026-05-04 15:21:00+00:00,414.65
2026-05-04 15:22:00+00:00,415.19
2026-05-04 15:23:00+00:00,415.47
2026-05-04 15:24:00+00:00,415.1
2026-05-04 15:25:00+00:00,414.7
2026-05-04 15:26:00+00:00,415.57
2026-05-04 15:27:00+00:00,415.97
2026-05-04 15:28:00+00:00,416.68
2026-05-04 15:30:00+00:00,416.64
2026-05-04 15:31:00+00:00,416.07
2026-05-04 15:32:00+00:00,415.84
2026-05-04 15:34:00+00:00,416.57
2026-05-04 15:35:00+00:00,416.12
2026-05-04 15:36:00+00:00,416.165
2026-05-04 15:37:00+00:00,416.67
2026-05-04 15:38:00+00:00,417.09
2026-05-04 15:40:00+00:00,416.41
2026-05-04 15:41:00+00:00,416.54
2026-05-04 15:42:00+00:00,416.415
2026-05-04 15:43:00+00:00,416.295
2026-05-04 15:44:00+00:00,416.29
2026-05-04 15:45:00+00:00,416.04
2026-05-04 15:46:00+00:00,416.005
2026-05-04 15:47:00+00:00,415.86
2026-05-04 15:48:00+00:00,415.775
2026-05-04 15:49:00+00:00,415.39
2026-05-04 15:50:00+00:00,415.25
2026-05-04 15:51:00+00:00,414.77
2026-05-04 15:52:00+00:00,415.02
2026-05-04 15:53:00+00:00,415.65
2026-05-04 15:54:00+00:00,415.73
2026-05-04 15:55:00+00:00,415.685
2026-05-04 15:56:00+00:00,415.635
2026-05-04 15:57:00+00:00,415.595
2026-05-04 15:58:00+00:00,415.465
2026-05-04 15:59:00+00:00,415.51
2026-05-04 16:00:00+00:00,415.385
2026-05-04 16:01:00+00:00,414.89
2026-05-04 16:02:00+00:00,415.165
2026-05-04 16:03:00+00:00,414.87
2026-05-04 16:04:00+00:00,415.04
2026-05-04 16:06:00+00:00,415.22
2026-05-04 16:07:00+00:00,414.1
2026-05-04 16:08:00+00:00,414.27
2026-05-04 16:09:00+00:00,414.03
2026-05-04 16:10:00+00:00,413.345
2026-05-04 16:11:00+00:00,413.99
2026-05-04 16:12:00+00:00,414.67
2026-05-04 16:13:00+00:00,414.2
2026-05-04 16:14:00+00:00,414.12
2026-05-04 16:15:00+00:00,414.42
2026-05-04 16:16:00+00:00,414.42
2026-05-04 16:18:00+00:00,414.59
2026-05-04 16:19:00+00:00,415.52
2026-05-04 16:20:00+00:00,415.34
2026-05-04 16:21:00+00:00,415.3
2026-05-04 16:22:00+00:00,415.29
2026-05-04 16:23:00+00:00,415.2
2026-05-04 16:24:00+00:00,415.17
2026-05-04 16:25:00+00:00,415.25
2026-05-04 16:26:00+00:00,415.31
2026-05-04 16:27:00+00:00,415.01
2026-05-04 16:28:00+00:00,414.665
2026-05-04 16:29:00+00:00,414.53
2026-05-04 16:30:00+00:00,414.735
2026-05-04 16:31:00+00:00,414.79
2026-05-04 16:32:00+00:00,414.585
2026-05-04 16:33:00+00:00,414.63
2026-05-04 16:34:00+00:00,414.705
2026-05-04 16:37:00+00:00,414.505
2026-05-04 16:38:00+00:00,414.54
2026-05-04 16:40:00+00:00,414.54
2026-05-04 16:41:00+00:00,414.43
2026-05-04 16:42:00+00:00,414.425
2026-05-04 16:43:00+00:00,414.55
2026-05-04 16:44:00+00:00,414.34
2026-05-04 16:47:00+00:00,414.09
2026-05-04 16:52:00+00:00,414.07
2026-05-04 16:53:00+00:00,413.97
2026-05-04 16:55:00+00:00,414.05
2026-05-04 16:56:00+00:00,413.99
2026-05-04 16:57:00+00:00,414.1
2026-05-04 16:59:00+00:00,414.21
2026-05-04 17:00:00+00:00,414.395
2026-05-04 17:01:00+00:00,414.74
2026-05-04 17:04:00+00:00,415.19
2026-05-04 17:05:00+00:00,415.415
2026-05-04 17:06:00+00:00,415.57
2026-05-04 17:07:00+00:00,415.26
2026-05-04 17:08:00+00:00,415.415
2026-05-04 17:10:00+00:00,415.48
2026-05-04 17:11:00+00:00,415.31
2026-05-04 17:12:00+00:00,415.43
2026-05-04 17:15:00+00:00,415.315
2026-05-04 17:16:00+00:00,415.36
2026-05-04 17:17:00+00:00,415.65
2026-05-04 17:19:00+00:00,415.95
2026-05-04 17:21:00+00:00,415.97
2026-05-04 17:22:00+00:00,415.84
2026-05-04 17:24:00+00:00,415.54
2026-05-04 17:27:00+00:00,415.62
2026-05-04 17:28:00+00:00,415.31
2026-05-04 17:29:00+00:00,415.44
2026-05-04 17:30:00+00:00,415.465
2026-05-04 17:32:00+00:00,415.65
2026-05-04 17:34:00+00:00,415.59
2026-05-04 17:35:00+00:00,415.57
2026-05-04 17:37:00+00:00,415.35
2026-05-04 17:38:00+00:00,415.38
2026-05-04 17:39:00+00:00,415.51
2026-05-04 17:40:00+00:00,415.45
2026-05-04 17:41:00+00:00,415.455
2026-05-04 17:42:00+00:00,415.51
2026-05-04 17:43:00+00:00,415.57
2026-05-04 17:44:00+00:00,415.64
2026-05-04 17:45:00+00:00,415.54
2026-05-04 17:46:00+00:00,415.6
2026-05-04 17:47:00+00:00,415.53
2026-05-04 17:49:00+00:00,415.375
2026-05-04 17:50:00+00:00,415.32
2026-05-04 17:52:00+00:00,415.47
2026-05-04 17:53:00+00:00,415.41
2026-05-04 17:54:00+00:00,415.32
2026-05-04 17:56:00+00:00,415.325
2026-05-04 17:58:00+00:00,415.24
2026-05-04 17:59:00+00:00,415.32
2026-05-04 18:01:00+00:00,415.27
2026-05-04 18:02:00+00:00,415.35
2026-05-04 18:03:00+00:00,415.44
2026-05-04 18:04:00+00:00,415.335
2026-05-04 18:05:00+00:00,415.42
2026-05-04 18:06:00+00:00,415.37
2026-05-04 18:07:00+00:00,415.29
2026-05-04 18:10:00+00:00,415.05
2026-05-04 18:13:00+00:00,415.16
2026-05-04 18:16:00+00:00,415.02
2026-05-04 18:17:00+00:00,414.97
2026-05-04 18:18:00+00:00,414.92
2026-05-04 18:20:00+00:00,414.76
2026-05-04 18:22:00+00:00,414.75
2026-05-04 18:25:00+00:00,414.595
2026-05-04 18:26:00+00:00,414.51
2026-05-04 18:27:00+00:00,414.18
2026-05-04 18:29:00+00:00,414.31
2026-05-04 18:30:00+00:00,414.3
2026-05-04 18:31:00+00:00,414.31
2026-05-04 18:32:00+00:00,414.425
2026-05-04 18:33:00+00:00,414.43
2026-05-04 18:34:00+00:00,414.425
2026-05-04 18:35:00+00:00,414.51
2026-05-04 18:36:00+00:00,414.4
2026-05-04 18:37:00+00:00,414.32
2026-05-04 18:38:00+00:00,414.31
2026-05-04 18:39:00+00:00,414.59
2026-05-04 18:40:00+00:00,414.58
2026-05-04 18:41:00+00:00,414.52
2026-05-04 18:42:00+00:00,414.49
2026-05-04 18:43:00+00:00,414.225
2026-05-04 18:44:00+00:00,414.27
2026-05-04 18:45:00+00:00,414.245
2026-05-04 18:46:00+00:00,414.23
2026-05-04 18:47:00+00:00,414.45
2026-05-04 18:48:00+00:00,414.445
2026-05-04 18:49:00+00:00,414.6
2026-05-04 18:50:00+00:00,414.6
2026-05-04 18:51:00+00:00,414.67
2026-05-04 18:52:00+00:00,414.35
2026-05-04 18:53:00+00:00,414.49
2026-05-04 18:54:00+00:00,414.515
2026-05-04 18:55:00+00:00,414.42
2026-05-04 18:56:00+00:00,414.44
2026-05-04 18:57:00+00:00,414.44
2026-05-04 18:58:00+00:00,414.57
2026-05-04 18:59:00+00:00,414.635
2026-05-04 19:01:00+00:00,414.7
2026-05-04 19:02:00+00:00,414.575
2026-05-04 19:03:00+00:00,414.61
2026-05-04 19:04:00+00:00,414.5
2026-05-04 19:05:00+00:00,414.6
2026-05-04 19:06:00+00:00,414.86
2026-05-04 19:07:00+00:00,414.85
2026-05-04 19:08:00+00:00,415.16
2026-05-04 19:09:00+00:00,414.955
2026-05-04 19:10:00+00:00,414.875
2026-05-04 19:11:00+00:00,415.01
2026-05-04 19:12:00+00:00,414.885
2026-05-04 19:13:00+00:00,415.015
2026-05-04 19:14:00+00:00,415.0
2026-05-04 19:15:00+00:00,414.86
2026-05-04 19:16:00+00:00,415.025
2026-05-04 19:17:00+00:00,415.13
2026-05-04 19:18:00+00:00,415.09
2026-05-04 19:19:00+00:00,415.11
2026-05-04 19:20:00+00:00,415.17
2026-05-04 19:21:00+00:00,415.12
2026-05-04 19:22:00+00:00,415.1
2026-05-04 19:23:00+00:00,415.32
2026-05-04 19:24:00+00:00,415.44
2026-05-04 19:25:00+00:00,415.3
2026-05-04 19:26:00+00:00,415.23
2026-05-04 19:27:00+00:00,415.265
2026-05-04 19:28:00+00:00,415.39
2026-05-04 19:29:00+00:00,415.315
2026-05-04 19:30:00+00:00,415.17
2026-05-04 19:31:00+00:00,415.385
2026-05-04 19:32:00+00:00,415.375
2026-05-04 19:33:00+00:00,415.36
2026-05-04 19:34:00+00:00,415.32
2026-05-04 19:35:00+00:00,415.59
2026-05-04 19:36:00+00:00,415.67
2026-05-04 19:37:00+00:00,415.64
2026-05-04 19:38:00+00:00,415.59
2026-05-04 19:39:00+00:00,415.43
2026-05-04 19:40:00+00:00,415.475
2026-05-04 19:41:00+00:00,415.335
2026-05-04 19:42:00+00:00,415.315
2026-05-04 19:43:00+00:00,415.17
2026-05-04 19:44:00+00:00,415.21
2026-05-04 19:45:00+00:00,415.18
2026-05-04 19:46:00+00:00,415.06
2026-05-04 19:47:00+00:00,415.2
2026-05-04 19:48:00+00:00,415.32
2026-05-04 19:49:00+00:00,415.17
2026-05-04 19:50:00+00:00,415.02
2026-05-04 19:51:00+00:00,414.96
2026-05-04 19:52:00+00:00,414.96
2026-05-04 19:53:00+00:00,415.0
2026-05-04 19:54:00+00:00,414.98
2026-05-04 19:55:00+00:00,414.74
2026-05-04 19:56:00+00:00,414.72
2026-05-04 19:57:00+00:00,414.745
2026-05-04 19:58:00+00:00,414.665
2026-05-04 19:59:00+00:00,414.71
2026-05-04 20:12:00+00:00,414.26
