timestamp,close
2026-04-06 13:19:00+00:00,177.65
2026-04-06 13:30:00+00:00,177.125
2026-04-06 13:31:00+00:00,177.06
2026-04-06 13:32:00+00:00,177.13
2026-04-06 13:33:00+00:00,177.37
2026-04-06 13:34:00+00:00,177.23
2026-04-06 13:35:00+00:00,176.52
2026-04-06 13:36:00+00:00,175.89
2026-04-06 13:37:00+00:00,176.28
2026-04-06 13:38:00+00:00,176.23
2026-04-06 13:39:00+00:00,176.6
2026-04-06 13:40:00+00:00,176.53
2026-04-06 13:41:00+00:00,176.59
2026-04-06 13:42:00+00:00,176.505
2026-04-06 13:43:00+00:00,176.52
2026-04-06 13:44:00+00:00,176.71
2026-04-06 13:45:00+00:00,176.965
2026-04-06 13:46:00+00:00,176.97
2026-04-06 13:47:00+00:00,177.315
2026-04-06 13:48:00+00:00,177.36
2026-04-06 13:49:00+00:00,177.175
2026-04-06 13:50:00+00:00,177.345
2026-04-06 13:51:00+00:00,177.29
2026-04-06 13:52:00+00:00,177.035
2026-04-06 13:53:00+00:00,177.135
2026-04-06 13:54:00+00:00,177.055
2026-04-06 13:55:00+00:00,176.8
2026-04-06 13:56:00+00:00,177.005
2026-04-06 13:57:00+00:00,177.1
2026-04-06 13:58:00+00:00,177.0
2026-04-06 13:59:00+00:00,177.06
2026-04-06 14:00:00+00:00,176.89
2026-04-06 14:01:00+00:00,176.66
2026-04-06 14:02:00+00:00,176.51
2026-04-06 14:03:00+00:00,176.375
2026-04-06 14:04:00+00:00,176.08
2026-04-06 14:05:00+00:00,176.065
2026-04-06 14:06:00+00:00,176.175
2026-04-06 14:07:00+00:00,176.165
2026-04-06 14:08:00+00:00,176.165
2026-04-06 14:09:00+00:00,176.295
2026-04-06 14:10:00+00:00,176.115
2026-04-06 14:11:00+00:00,176.57
2026-04-06 14:12:00+00:00,176.53
2026-04-06 14:13:00+00:00,176.475
2026-04-06 14:14:00+00:00,176.485
2026-04-06 14:15:00+00:00,176.74
2026-04-06 14:16:00+00:00,176.93
2026-04-06 14:17:00+00:00,176.855
2026-04-06 14:18:00+00:00,176.885
2026-04-06 14:19:00+00:00,176.98
2026-04-06 14:20:00+00:00,177.035
2026-04-06 14:21:00+00:00,176.975
2026-04-06 14:22:00+00:00,176.955
2026-04-06 14:23:00+00:00,177.0
2026-04-06 14:24:00+00:00,176.99
2026-04-06 14:25:00+00:00,176.81
2026-04-06 14:26:00+00:00,176.805
2026-04-06 14:27:00+00:00,176.855
2026-04-06 14:28:00+00:00,176.83
2026-04-06 14:29:00+00:00,176.765
2026-04-06 14:30:00+00:00,176.88
2026-04-06 14:31:00+00:00,176.9
2026-04-06 14:32:00+00:00,176.79
2026-04-06 14:33:00+00:00,176.65
2026-04-06 14:34:00+00:00,176.81
2026-04-06 14:35:00+00:00,176.775
2026-04-06 14:36:00+00:00,176.695
2026-04-06 14:37:00+00:00,176.715
2026-04-06 14:38:00+00:00,176.38
2026-04-06 14:39:00+00:00,176.46
2026-04-06 14:40:00+00:00,176.795
2026-04-06 14:41:00+00:00,176.57
2026-04-06 14:42:00+00:00,176.56
2026-04-06 14:43:00+00:00,176.55
2026-04-06 14:44:00+00:00,176.4
2026-04-06 14:45:00+00:00,176.39
2026-04-06 14:46:00+00:00,176.44
2026-04-06 14:47:00+00:00,176.56
2026-04-06 14:48:00+00:00,176.255
2026-04-06 14:49:00+00:00,176.215
2026-04-06 14:50:00+00:00,176.265
2026-04-06 14:51:00+00:00,176.365
2026-04-06 14:52:00+00:00,176.365
2026-04-06 14:53:00+00:00,176.43
2026-04-06 14:54:00+00:00,176.555
2026-04-06 14:55:00+00:00,176.565
2026-04-06 14:56:00+00:00,176.685
2026-04-06 14:57:00+00:00,176.72
2026-04-06 14:58:00+00:00,176.735
2026-04-06 14:59:00+00:00,176.59
2026-04-06 15:00:00+00:00,176.68
2026-04-06 15:01:00+00:00,176.905
2026-04-06 15:02:00+00:00,176.81
2026-04-06 15:03:00+00:00,176.735
2026-04-06 15:04:00+00:00,176.87
2026-04-06 15:05:00+00:00,176.8
2026-04-06 15:06:00+00:00,176.645
2026-04-06 15:07:00+00:00,176.86
2026-04-06 15:08:00+00:00,176.87
2026-04-06 15:09:00+00:00,176.9
2026-04-06 15:10:00+00:00,176.67
2026-04-06 15:11:00+00:00,176.78
2026-04-06 15:12:00+00:00,176.725
2026-04-06 15:13:00+00:00,176.69
2026-04-06 15:14:00+00:00,176.64
2026-04-06 15:15:00+00:00,176.63
2026-04-06 15:16:00+00:00,176.665
2026-04-06 15:17:00+00:00,176.69
2026-04-06 15:18:00+00:00,176.785
2026-04-06 15:19:00+00:00,176.715
2026-04-06 15:20:00+00:00,176.735
2026-04-06 15:21:00+00:00,176.75
2026-04-06 15:22:00+00:00,176.815
2026-04-06 15:23:00+00:00,176.7
2026-04-06 15:24:00+00:00,176.63
2026-04-06 15:25:00+00:00,176.49
2026-04-06 15:26:00+00:00,176.56
2026-04-06 15:27:00+00:00,176.69
2026-04-06 15:28:00+00:00,176.63
2026-04-06 15:29:00+00:00,176.48
2026-04-06 15:30:00+00:00,176.6
2026-04-06 15:31:00+00:00,176.515
2026-04-06 15:32:00+00:00,176.57
2026-04-06 15:33:00+00:00,176.68
2026-04-06 15:34:00+00:00,176.72
2026-04-06 15:35:00+00:00,176.85
2026-04-06 15:36:00+00:00,176.71
2026-04-06 15:37:00+00:00,176.81
2026-04-06 15:38:00+00:00,176.84
2026-04-06 15:39:00+00:00,176.93
2026-04-06 15:40:00+00:00,176.96
2026-04-06 15:41:00+00:00,177.0
2026-04-06 15:42:00+00:00,177.04
2026-04-06 15:43:00+00:00,176.99
2026-04-06 15:44:00+00:00,177.035
2026-04-06 15:45:00+00:00,176.985
2026-04-06 15:46:00+00:00,177.09
2026-04-06 15:47:00+00:00,177.245
2026-04-06 15:48:00+00:00,177.185
2026-04-06 15:49:00+00:00,177.185
2026-04-06 15:50:00+00:00,177.4
2026-04-06 15:51:00+00:00,177.415
2026-04-06 15:52:00+00:00,177.485
2026-04-06 15:53:00+00:00,177.565
2026-04-06 15:54:00+00:00,177.46
2026-04-06 15:55:00+00:00,177.47
2026-04-06 15:56:00+00:00,177.46
2026-04-06 15:57:00+00:00,177.35
2026-04-06 15:58:00+00:00,177.385
2026-04-06 15:59:00+00:00,177.435
2026-04-06 16:00:00+00:00,177.4
2026-04-06 16:01:00+00:00,177.405
2026-04-06 16:02:00+00:00,177.17
2026-04-06 16:03:00+00:00,177.195
2026-04-06 16:04:00+00:00,177.16
2026-04-06 16:05:00+00:00,177.2
2026-04-06 16:06:00+00:00,177.145
2026-04-06 16:07:00+00:00,177.16
2026-04-06 16:08:00+00:00,177.045
2026-04-06 16:09:00+00:00,177.04
2026-04-06 16:10:00+00:00,177.09
2026-04-06 16:11:00+00:00,177.02
2026-04-06 16:12:00+00:00,176.97
2026-04-06 16:13:00+00:00,177.05
2026-04-06 16:14:00+00:00,177.17
2026-04-06 16:15:00+00:00,177.145
2026-04-06 16:16:00+00:00,177.15
2026-04-06 16:17:00+00:00,177.16
2026-04-06 16:18:00+00:00,177.175
2026-04-06 16:19:00+00:00,177.19
2026-04-06 16:20:00+00:00,177.25
2026-04-06 16:21:00+00:00,177.23
2026-04-06 16:22:00+00:00,177.08
2026-04-06 16:23:00+00:00,177.14
2026-04-06 16:24:00+00:00,177.16
2026-04-06 16:25:00+00:00,177.195
2026-04-06 16:26:00+00:00,177.205
2026-04-06 16:27:00+00:00,177.215
2026-04-06 16:28:00+00:00,177.28
2026-04-06 16:29:00+00:00,177.14
2026-04-06 16:30:00+00:00,177.085
2026-04-06 16:31:00+00:00,177.06
2026-04-06 16:32:00+00:00,177.115
2026-04-06 16:33:00+00:00,177.04
2026-04-06 16:34:00+00:00,177.11
2026-04-06 16:35:00+00:00,177.365
2026-04-06 16:36:00+00:00,177.32
2026-04-06 16:37:00+00:00,177.385
2026-04-06 16:38:00+00:00,177.32
2026-04-06 16:39:00+00:00,177.27
2026-04-06 16:40:00+00:00,177.26
2026-04-06 16:41:00+00:00,177.285
2026-04-06 16:42:00+00:00,177.235
2026-04-06 16:43:00+00:00,177.24
2026-04-06 16:44:00+00:00,177.195
2026-04-06 16:45:00+00:00,177.17
2026-04-06 16:46:00+00:00,177.245
2026-04-06 16:47:00+00:00,177.19
2026-04-06 16:48:00+00:00,177.215
2026-04-06 16:49:00+00:00,177.23
2026-04-06 16:50:00+00:00,177.215
2026-04-06 16:51:00+00:00,177.13
2026-04-06 16:52:00+00:00,177.055
2026-04-06 16:53:00+00:00,177.075
2026-04-06 16:54:00+00:00,177.075
2026-04-06 16:55:00+00:00,177.08
2026-04-06 16:56:00+00:00,177.025
2026-04-06 16:57:00+00:00,177.03
2026-04-06 16:58:00+00:00,177.03
2026-04-06 16:59:00+00:00,176.985
2026-04-06 17:00:00+00:00,176.88
2026-04-06 17:01:00+00:00,176.75
2026-04-06 17:02:00+00:00,176.57
2026-04-06 17:03:00+00:00,176.57
2026-04-06 17:04:00+00:00,176.685
2026-04-06 17:05:00+00:00,176.74
2026-04-06 17:06:00+00:00,176.75
2026-04-06 17:07:00+00:00,176.865
2026-04-06 17:08:00+00:00,176.915
2026-04-06 17:09:00+00:00,176.78
2026-04-06 17:10:00+00:00,176.645
2026-04-06 17:11:00+00:00,176.66
2026-04-06 17:12:00+00:00,176.3
2026-04-06 17:13:00+00:00,176.12
2026-04-06 17:14:00+00:00,176.295
2026-04-06 17:15:00+00:00,176.26
2026-04-06 17:16:00+00:00,176.36
2026-04-06 17:17:00+00:00,176.51
2026-04-06 17:18:00+00:00,176.515
2026-04-06 17:19:00+00:00,176.57
2026-04-06 17:20:00+00:00,176.435
2026-04-06 17:21:00+00:00,176.605
2026-04-06 17:22:00+00:00,176.81
2026-04-06 17:23:00+00:00,176.865
2026-04-06 17:24:00+00:00,176.92
2026-04-06 17:25:00+00:00,176.98
2026-04-06 17:26:00+00:00,176.905
2026-04-06 17:27:00+00:00,176.97
2026-04-06 17:28:00+00:00,177.035
2026-04-06 17:29:00+00:00,176.925
2026-04-06 17:30:00+00:00,176.905
2026-04-06 17:31:00+00:00,177.095
2026-04-06 17:32:00+00:00,177.0
2026-04-06 17:33:00+00:00,176.975
2026-04-06 17:34:00+00:00,176.99
2026-04-06 17:35:00+00:00,177.005
2026-04-06 17:36:00+00:00,177.05
2026-04-06 17:37:00+00:00,176.91
2026-04-06 17:38:00+00:00,176.905
2026-04-06 17:39:00+00:00,176.86
2026-04-06 17:40:00+00:00,176.805
2026-04-06 17:41:00+00:00,176.695
2026-04-06 17:42:00+00:00,176.7
2026-04-06 17:43:00+00:00,176.74
2026-04-06 17:44:00+00:00,176.775
2026-04-06 17:45:00+00:00,176.73
2026-04-06 17:46:00+00:00,176.625
2026-04-06 17:47:00+00:00,176.63
2026-04-06 17:48:00+00:00,176.635
2026-04-06 17:49:00+00:00,176.69
2026-04-06 17:50:00+00:00,176.64
2026-04-06 17:51:00+00:00,176.71
2026-04-06 17:52:00+00:00,176.715
2026-04-06 17:53:00+00:00,176.62
2026-04-06 17:54:00+00:00,176.66
2026-04-06 17:55:00+00:00,176.68
2026-04-06 17:56:00+00:00,176.68
2026-04-06 17:57:00+00:00,176.615
2026-04-06 17:58:00+00:00,176.635
2026-04-06 17:59:00+00:00,176.605
2026-04-06 18:00:00+00:00,176.555
2026-04-06 18:01:00+00:00,176.545
2026-04-06 18:02:00+00:00,176.55
2026-04-06 18:03:00+00:00,176.51
2026-04-06 18:04:00+00:00,176.485
2026-04-06 18:05:00+00:00,176.56
2026-04-06 18:06:00+00:00,176.54
2026-04-06 18:07:00+00:00,176.665
2026-04-06 18:08:00+00:00,176.625
2026-04-06 18:09:00+00:00,176.745
2026-04-06 18:10:00+00:00,176.905
2026-04-06 18:11:00+00:00,176.88
2026-04-06 18:12:00+00:00,176.945
2026-04-06 18:13:00+00:00,176.87
2026-04-06 18:14:00+00:00,176.86
2026-04-06 18:15:00+00:00,176.94
2026-04-06 18:16:00+00:00,176.96
2026-04-06 18:17:00+00:00,176.98
2026-04-06 18:18:00+00:00,176.99
2026-04-06 18:19:00+00:00,177.0
2026-04-06 18:20:00+00:00,176.925
2026-04-06 18:21:00+00:00,177.01
2026-04-06 18:22:00+00:00,176.965
2026-04-06 18:23:00+00:00,176.995
2026-04-06 18:24:00+00:00,177.125
2026-04-06 18:25:00+00:00,177.1
2026-04-06 18:26:00+00:00,177.06
2026-04-06 18:27:00+00:00,177.25
2026-04-06 18:28:00+00:00,177.16
2026-04-06 18:29:00+00:00,176.985
2026-04-06 18:30:00+00:00,177.02
2026-04-06 18:31:00+00:00,176.985
2026-04-06 18:32:00+00:00,176.94
2026-04-06 18:33:00+00:00,176.84
2026-04-06 18:34:00+00:00,176.85
2026-04-06 18:35:00+00:00,176.975
2026-04-06 18:36:00+00:00,176.935
2026-04-06 18:37:00+00:00,176.98
2026-04-06 18:38:00+00:00,177.05
2026-04-06 18:39:00+00:00,176.99
2026-04-06 18:40:00+00:00,176.97
2026-04-06 18:41:00+00:00,177.015
2026-04-06 18:42:00+00:00,177.06
2026-04-06 18:43:00+00:00,177.035
2026-04-06 18:44:00+00:00,177.095
2026-04-06 18:45:00+00:00,177.125
2026-04-06 18:46:00+00:00,177.16
2026-04-06 18:47:00+00:00,177.15
2026-04-06 18:48:00+00:00,177.15
2026-04-06 18:49:00+00:00,177.16
2026-04-06 18:50:00+00:00,177.165
2026-04-06 18:51:00+00:00,177.19
2026-04-06 18:52:00+00:00,177.205
2026-04-06 18:53:00+00:00,177.235
2026-04-06 18:54:00+00:00,177.26
2026-04-06 18:55:00+00:00,177.235
2026-04-06 18:56:00+00:00,177.28
2026-04-06 18:57:00+00:00,177.195
2026-04-06 18:58:00+00:00,177.195
2026-04-06 18:59:00+00:00,177.17
2026-04-06 19:00:00+00:00,177.19
2026-04-06 19:01:00+00:00,177.225
2026-04-06 19:02:00+00:00,177.26
2026-04-06 19:03:00+00:00,177.205
2026-04-06 19:04:00+00:00,177.235
2026-04-06 19:05:00+00:00,177.195
2026-04-06 19:06:00+00:00,177.155
2026-04-06 19:07:00+00:00,177.135
2026-04-06 19:08:00+00:00,177.08
2026-04-06 19:09:00+00:00,177.1
2026-04-06 19:10:00+00:00,177.07
2026-04-06 19:11:00+00:00,177.1
2026-04-06 19:12:00+00:00,177.16
2026-04-06 19:13:00+00:00,177.245
2026-04-06 19:14:00+00:00,177.26
2026-04-06 19:15:00+00:00,177.33
2026-04-06 19:16:00+00:00,177.26
2026-04-06 19:17:00+00:00,177.295
2026-04-06 19:18:00+00:00,177.32
2026-04-06 19:19:00+00:00,177.325
2026-04-06 19:20:00+00:00,177.375
2026-04-06 19:21:00+00:00,177.375
2026-04-06 19:22:00+00:00,177.31
2026-04-06 19:23:00+00:00,177.295
2026-04-06 19:24:00+00:00,177.34
2026-04-06 19:25:00+00:00,177.34
2026-04-06 19:26:00+00:00,177.39
2026-04-06 19:27:00+00:00,177.335
2026-04-06 19:28:00+00:00,177.335
2026-04-06 19:29:00+00:00,177.235
2026-04-06 19:30:00+00:00,177.31
2026-04-06 19:31:00+00:00,177.31
2026-04-06 19:32:00+00:00,177.265
2026-04-06 19:33:00+00:00,177.41
2026-04-06 19:34:00+00:00,177.375
2026-04-06 19:35:00+00:00,177.35
2026-04-06 19:36:00+00:00,177.31
2026-04-06 19:37:00+00:00,177.305
2026-04-06 19:38:00+00:00,177.275
2026-04-06 19:39:00+00:00,177.3
2026-04-06 19:40:00+00:00,177.285
2026-04-06 19:41:00+00:00,177.175
2026-04-06 19:42:00+00:00,177.2
2026-04-06 19:43:00+00:00,177.175
2026-04-06 19:44:00+00:00,177.275
2026-04-06 19:45:00+00:00,177.2
2026-04-06 19:46:00+00:00,177.16
2026-04-06 19:47:00+00:00,177.195
2026-04-06 19:48:00+00:00,177.185
2026-04-06 19:49:00+00:00,177.29
2026-04-06 19:50:00+00:00,177.3
2026-04-06 19:51:00+00:00,177.28
2026-04-06 19:52:00+00:00,177.195
2026-04-06 19:53:00+00:00,177.275
2026-04-06 19:54:00+00:00,177.22
2026-04-06 19:55:00+00:00,177.415
2026-04-06 19:56:00+00:00,177.405
2026-04-06 19:57:00+00:00,177.5
2026-04-06 19:58:00+00:00,177.55
2026-04-06 19:59:00+00:00,177.59
2026-04-06 20:00:00+00:00,177.62
2026-04-06 20:01:00+00:00,177.55
2026-04-06 20:55:00+00:00,177.47
2026-04-07 12:17:00+00:00,174.93
2026-04-07 12:37:00+00:00,175.4
2026-04-07 12:55:00+00:00,175.26
2026-04-07 13:30:00+00:00,175.72
2026-04-07 13:31:00+00:00,175.365
2026-04-07 13:32:00+00:00,175.73
2026-04-07 13:33:00+00:00,176.08
2026-04-07 13:34:00+00:00,176.08
2026-04-07 13:35:00+00:00,176.24
2026-04-07 13:36:00+00:00,176.835
2026-04-07 13:37:00+00:00,176.84
2026-04-07 13:38:00+00:00,176.835
2026-04-07 13:39:00+00:00,176.635
2026-04-07 13:40:00+00:00,176.445
2026-04-07 13:41:00+00:00,176.38
2026-04-07 13:42:00+00:00,176.46
2026-04-07 13:43:00+00:00,176.3
2026-04-07 13:44:00+00:00,176.335
2026-04-07 13:45:00+00:00,176.425
2026-04-07 13:46:00+00:00,176.28
2026-04-07 13:47:00+00:00,176.07
2026-04-07 13:48:00+00:00,175.895
2026-04-07 13:49:00+00:00,175.96
2026-04-07 13:50:00+00:00,175.77
2026-04-07 13:51:00+00:00,175.765
2026-04-07 13:52:00+00:00,175.995
2026-04-07 13:53:00+00:00,175.94
2026-04-07 13:54:00+00:00,176.105
2026-04-07 13:55:00+00:00,176.145
2026-04-07 13:56:00+00:00,175.8
2026-04-07 13:57:00+00:00,175.605
2026-04-07 13:58:00+00:00,175.53
2026-04-07 13:59:00+00:00,175.375
2026-04-07 14:00:00+00:00,175.17
2026-04-07 14:01:00+00:00,175.205
2026-04-07 14:02:00+00:00,175.15
2026-04-07 14:03:00+00:00,175.09
2026-04-07 14:04:00+00:00,175.1
2026-04-07 14:05:00+00:00,174.98
2026-04-07 14:06:00+00:00,174.62
2026-04-07 14:07:00+00:00,174.6
2026-04-07 14:08:00+00:00,174.52
2026-04-07 14:09:00+00:00,174.89
2026-04-07 14:10:00+00:00,175.055
2026-04-07 14:11:00+00:00,174.965
2026-04-07 14:12:00+00:00,174.85
2026-04-07 14:13:00+00:00,174.885
2026-04-07 14:14:00+00:00,174.875
2026-04-07 14:15:00+00:00,175.01
2026-04-07 14:16:00+00:00,175.04
2026-04-07 14:17:00+00:00,174.92
2026-04-07 14:18:00+00:00,174.95
2026-04-07 14:19:00+00:00,175.05
2026-04-07 14:20:00+00:00,175.15
2026-04-07 14:21:00+00:00,175.52
2026-04-07 14:22:00+00:00,175.43
2026-04-07 14:23:00+00:00,175.575
2026-04-07 14:24:00+00:00,175.46
2026-04-07 14:25:00+00:00,175.39
2026-04-07 14:26:00+00:00,175.26
2026-04-07 14:27:00+00:00,175.12
2026-04-07 14:28:00+00:00,174.97
2026-04-07 14:29:00+00:00,175.095
2026-04-07 14:30:00+00:00,174.94
2026-04-07 14:31:00+00:00,174.86
2026-04-07 14:32:00+00:00,174.7
2026-04-07 14:33:00+00:00,175.07
2026-04-07 14:34:00+00:00,174.92
2026-04-07 14:35:00+00:00,174.89
2026-04-07 14:36:00+00:00,174.955
2026-04-07 14:37:00+00:00,174.9
2026-04-07 14:38:00+00:00,174.9
2026-04-07 14:39:00+00:00,174.765
2026-04-07 14:40:00+00:00,174.76
2026-04-07 14:41:00+00:00,174.83
2026-04-07 14:42:00+00:00,174.71
2026-04-07 14:43:00+00:00,174.585
2026-04-07 14:44:00+00:00,174.73
2026-04-07 14:45:00+00:00,174.725
2026-04-07 14:46:00+00:00,174.815
2026-04-07 14:47:00+00:00,174.865
2026-04-07 14:48:00+00:00,174.675
2026-04-07 14:49:00+00:00,174.745
2026-04-07 14:50:00+00:00,174.715
2026-04-07 14:51:00+00:00,174.63
2026-04-07 14:52:00+00:00,174.73
2026-04-07 14:53:00+00:00,174.835
2026-04-07 14:54:00+00:00,174.82
2026-04-07 14:55:00+00:00,174.7
2026-04-07 14:56:00+00:00,174.65
2026-04-07 14:57:00+00:00,174.725
2026-04-07 14:58:00+00:00,174.46
2026-04-07 14:59:00+00:00,174.255
2026-04-07 15:00:00+00:00,174.08
2026-04-07 15:01:00+00:00,173.98
2026-04-07 15:02:00+00:00,173.98
2026-04-07 15:03:00+00:00,173.97
2026-04-07 15:04:00+00:00,173.955
2026-04-07 15:05:00+00:00,173.7
2026-04-07 15:06:00+00:00,173.725
2026-04-07 15:07:00+00:00,173.81
2026-04-07 15:08:00+00:00,173.815
2026-04-07 15:09:00+00:00,173.94
2026-04-07 15:10:00+00:00,174.23
2026-04-07 15:11:00+00:00,174.45
2026-04-07 15:12:00+00:00,174.37
2026-04-07 15:13:00+00:00,174.4
2026-04-07 15:14:00+00:00,174.405
2026-04-07 15:15:00+00:00,174.95
2026-04-07 15:16:00+00:00,174.79
2026-04-07 15:17:00+00:00,174.625
2026-04-07 15:18:00+00:00,174.62
2026-04-07 15:19:00+00:00,174.73
2026-04-07 15:20:00+00:00,174.735
2026-04-07 15:21:00+00:00,174.78
2026-04-07 15:22:00+00:00,174.865
2026-04-07 15:23:00+00:00,174.79
2026-04-07 15:24:00+00:00,174.79
2026-04-07 15:25:00+00:00,174.865
2026-04-07 15:26:00+00:00,174.97
2026-04-07 15:27:00+00:00,174.935
2026-04-07 15:28:00+00:00,174.89
2026-04-07 15:29:00+00:00,175.005
2026-04-07 15:30:00+00:00,174.92
2026-04-07 15:31:00+00:00,174.92
2026-04-07 15:32:00+00:00,175.01
2026-04-07 15:33:00+00:00,175.025
2026-04-07 15:34:00+00:00,175.05
2026-04-07 15:35:00+00:00,175.05
2026-04-07 15:36:00+00:00,175.135
2026-04-07 15:37:00+00:00,174.89
2026-04-07 15:38:00+00:00,174.88
2026-04-07 15:39:00+00:00,174.8
2026-04-07 15:40:00+00:00,174.86
2026-04-07 15:41:00+00:00,174.72
2026-04-07 15:42:00+00:00,174.86
2026-04-07 15:43:00+00:00,174.875
2026-04-07 15:44:00+00:00,174.89
2026-04-07 15:45:00+00:00,174.915
2026-04-07 15:46:00+00:00,175.03
2026-04-07 15:47:00+00:00,174.95
2026-04-07 15:48:00+00:00,174.975
2026-04-07 15:49:00+00:00,175.025
2026-04-07 15:50:00+00:00,174.93
2026-04-07 15:51:00+00:00,174.92
2026-04-07 15:52:00+00:00,175.02
2026-04-07 15:53:00+00:00,175.06
2026-04-07 15:54:00+00:00,175.11
2026-04-07 15:55:00+00:00,175.33
2026-04-07 15:56:00+00:00,175.265
2026-04-07 15:57:00+00:00,175.245
2026-04-07 15:58:00+00:00,175.165
2026-04-07 15:59:00+00:00,175.215
2026-04-07 16:00:00+00:00,175.285
2026-04-07 16:01:00+00:00,175.1
2026-04-07 16:02:00+00:00,175.58
2026-04-07 16:03:00+00:00,175.66
2026-04-07 16:04:00+00:00,175.55
2026-04-07 16:05:00+00:00,175.41
2026-04-07 16:06:00+00:00,175.465
2026-04-07 16:07:00+00:00,175.395
2026-04-07 16:08:00+00:00,175.32
2026-04-07 16:09:00+00:00,175.19
2026-04-07 16:10:00+00:00,175.135
2026-04-07 16:11:00+00:00,175.275
2026-04-07 16:12:00+00:00,175.125
2026-04-07 16:13:00+00:00,175.175
2026-04-07 16:14:00+00:00,175.105
2026-04-07 16:15:00+00:00,175.275
2026-04-07 16:16:00+00:00,175.34
2026-04-07 16:17:00+00:00,175.18
2026-04-07 16:18:00+00:00,175.15
2026-04-07 16:19:00+00:00,175.17
2026-04-07 16:20:00+00:00,175.21
2026-04-07 16:21:00+00:00,175.255
2026-04-07 16:22:00+00:00,175.27
2026-04-07 16:23:00+00:00,175.4
2026-04-07 16:24:00+00:00,175.48
2026-04-07 16:25:00+00:00,175.4
2026-04-07 16:26:00+00:00,175.44
2026-04-07 16:27:00+00:00,175.55
2026-04-07 16:28:00+00:00,175.46
2026-04-07 16:29:00+00:00,175.44
2026-04-07 16:30:00+00:00,175.435
2026-04-07 16:31:00+00:00,175.6
2026-04-07 16:32:00+00:00,175.545
2026-04-07 16:33:00+00:00,175.595
2026-04-07 16:34:00+00:00,175.63
2026-04-07 16:35:00+00:00,175.58
2026-04-07 16:36:00+00:00,175.505
2026-04-07 16:37:00+00:00,175.465
2026-04-07 16:38:00+00:00,175.39
2026-04-07 16:39:00+00:00,175.385
2026-04-07 16:40:00+00:00,175.345
2026-04-07 16:41:00+00:00,175.52
2026-04-07 16:42:00+00:00,175.55
2026-04-07 16:43:00+00:00,175.49
2026-04-07 16:44:00+00:00,175.52
2026-04-07 16:45:00+00:00,175.705
2026-04-07 16:46:00+00:00,175.8
2026-04-07 16:47:00+00:00,175.86
2026-04-07 16:48:00+00:00,175.815
2026-04-07 16:49:00+00:00,175.8
2026-04-07 16:50:00+00:00,175.8
2026-04-07 16:51:00+00:00,175.835
2026-04-07 16:52:00+00:00,175.94
2026-04-07 16:53:00+00:00,175.87
2026-04-07 16:54:00+00:00,175.86
2026-04-07 16:55:00+00:00,175.82
2026-04-07 16:56:00+00:00,175.66
2026-04-07 16:57:00+00:00,175.675
2026-04-07 16:58:00+00:00,175.71
2026-04-07 16:59:00+00:00,175.52
2026-04-07 17:00:00+00:00,175.55
2026-04-07 17:01:00+00:00,175.47
2026-04-07 17:02:00+00:00,175.68
2026-04-07 17:03:00+00:00,175.81
2026-04-07 17:04:00+00:00,175.725
2026-04-07 17:05:00+00:00,175.72
2026-04-07 17:06:00+00:00,175.75
2026-04-07 17:07:00+00:00,175.66
2026-04-07 17:08:00+00:00,175.685
2026-04-07 17:09:00+00:00,175.59
2026-04-07 17:10:00+00:00,175.65
2026-04-07 17:11:00+00:00,175.64
2026-04-07 17:12:00+00:00,175.74
2026-04-07 17:13:00+00:00,175.56
2026-04-07 17:14:00+00:00,175.51
2026-04-07 17:15:00+00:00,175.52
2026-04-07 17:16:00+00:00,175.42
2026-04-07 17:17:00+00:00,175.47
2026-04-07 17:18:00+00:00,175.365
2026-04-07 17:19:00+00:00,175.44
2026-04-07 17:20:00+00:00,175.395
2026-04-07 17:21:00+00:00,175.4
2026-04-07 17:22:00+00:00,175.41
2026-04-07 17:23:00+00:00,175.455
2026-04-07 17:24:00+00:00,175.455
2026-04-07 17:25:00+00:00,175.475
2026-04-07 17:26:00+00:00,175.545
2026-04-07 17:27:00+00:00,175.565
2026-04-07 17:28:00+00:00,175.44
2026-04-07 17:29:00+00:00,175.37
2026-04-07 17:30:00+00:00,175.375
2026-04-07 17:31:00+00:00,175.505
2026-04-07 17:32:00+00:00,175.65
2026-04-07 17:33:00+00:00,175.655
2026-04-07 17:34:00+00:00,175.76
2026-04-07 17:35:00+00:00,175.95
2026-04-07 17:36:00+00:00,176.0
2026-04-07 17:37:00+00:00,176.0
2026-04-07 17:38:00+00:00,175.91
2026-04-07 17:39:00+00:00,175.9
2026-04-07 17:40:00+00:00,175.705
2026-04-07 17:41:00+00:00,175.69
2026-04-07 17:42:00+00:00,175.62
2026-04-07 17:43:00+00:00,175.54
2026-04-07 17:44:00+00:00,175.505
2026-04-07 17:45:00+00:00,175.49
2026-04-07 17:46:00+00:00,175.57
2026-04-07 17:47:00+00:00,175.65
2026-04-07 17:48:00+00:00,175.585
2026-04-07 17:49:00+00:00,175.74
2026-04-07 17:50:00+00:00,175.82
2026-04-07 17:51:00+00:00,175.86
2026-04-07 17:52:00+00:00,175.905
2026-04-07 17:53:00+00:00,176.04
2026-04-07 17:54:00+00:00,175.975
2026-04-07 17:55:00+00:00,175.905
2026-04-07 17:56:00+00:00,175.965
2026-04-07 17:57:00+00:00,175.845
2026-04-07 17:58:00+00:00,175.81
2026-04-07 17:59:00+00:00,175.775
2026-04-07 18:00:00+00:00,175.905
2026-04-07 18:01:00+00:00,175.905
2026-04-07 18:02:00+00:00,176.0
2026-04-07 18:03:00+00:00,175.93
2026-04-07 18:04:00+00:00,175.925
2026-04-07 18:05:00+00:00,175.86
2026-04-07 18:06:00+00:00,175.79
2026-04-07 18:07:00+00:00,175.72
2026-04-07 18:08:00+00:00,175.835
2026-04-07 18:09:00+00:00,175.765
2026-04-07 18:10:00+00:00,175.71
2026-04-07 18:11:00+00:00,175.685
2026-04-07 18:12:00+00:00,175.66
2026-04-07 18:13:00+00:00,175.88
2026-04-07 18:14:00+00:00,175.88
2026-04-07 18:15:00+00:00,175.84
2026-04-07 18:16:00+00:00,175.815
2026-04-07 18:17:00+00:00,175.83
2026-04-07 18:18:00+00:00,175.855
2026-04-07 18:19:00+00:00,175.9
2026-04-07 18:20:00+00:00,175.94
2026-04-07 18:21:00+00:00,175.9
2026-04-07 18:22:00+00:00,176.0
2026-04-07 18:23:00+00:00,175.83
2026-04-07 18:24:00+00:00,175.74
2026-04-07 18:25:00+00:00,175.785
2026-04-07 18:26:00+00:00,175.74
2026-04-07 18:27:00+00:00,175.75
2026-04-07 18:28:00+00:00,175.77
2026-04-07 18:29:00+00:00,175.695
2026-04-07 18:30:00+00:00,175.665
2026-04-07 18:31:00+00:00,175.57
2026-04-07 18:32:00+00:00,175.68
2026-04-07 18:33:00+00:00,175.715
2026-04-07 18:34:00+00:00,175.77
2026-04-07 18:35:00+00:00,175.73
2026-04-07 18:36:00+00:00,175.76
2026-04-07 18:37:00+00:00,175.635
2026-04-07 18:38:00+00:00,175.67
2026-04-07 18:39:00+00:00,175.68
2026-04-07 18:40:00+00:00,175.535
2026-04-07 18:41:00+00:00,175.45
2026-04-07 18:42:00+00:00,175.45
2026-04-07 18:43:00+00:00,175.49
2026-04-07 18:44:00+00:00,175.52
2026-04-07 18:45:00+00:00,175.52
2026-04-07 18:46:00+00:00,175.585
2026-04-07 18:47:00+00:00,175.49
2026-04-07 18:48:00+00:00,175.4
2026-04-07 18:49:00+00:00,175.45
2026-04-07 18:50:00+00:00,175.455
2026-04-07 18:51:00+00:00,175.44
2026-04-07 18:52:00+00:00,175.315
2026-04-07 18:53:00+00:00,175.295
2026-04-07 18:54:00+00:00,175.195
2026-04-07 18:55:00+00:00,174.995
2026-04-07 18:56:00+00:00,175.145
2026-04-07 18:57:00+00:00,175.21
2026-04-07 18:58:00+00:00,175.26
2026-04-07 18:59:00+00:00,175.25
2026-04-07 19:00:00+00:00,175.14
2026-04-07 19:01:00+00:00,175.225
2026-04-07 19:02:00+00:00,175.405
2026-04-07 19:03:00+00:00,175.45
2026-04-07 19:04:00+00:00,175.43
2026-04-07 19:05:00+00:00,175.395
2026-04-07 19:06:00+00:00,175.37
2026-04-07 19:07:00+00:00,175.28
2026-04-07 19:08:00+00:00,175.515
2026-04-07 19:09:00+00:00,175.54
2026-04-07 19:10:00+00:00,175.605
2026-04-07 19:11:00+00:00,175.62
2026-04-07 19:12:00+00:00,175.66
2026-04-07 19:13:00+00:00,175.595
2026-04-07 19:14:00+00:00,175.635
2026-04-07 19:15:00+00:00,175.755
2026-04-07 19:16:00+00:00,175.83
2026-04-07 19:17:00+00:00,175.855
2026-04-07 19:18:00+00:00,176.34
2026-04-07 19:19:00+00:00,176.58
2026-04-07 19:20:00+00:00,176.66
2026-04-07 19:21:00+00:00,176.445
2026-04-07 19:22:00+00:00,176.48
2026-04-07 19:23:00+00:00,176.195
2026-04-07 19:24:00+00:00,176.36
2026-04-07 19:25:00+00:00,176.37
2026-04-07 19:26:00+00:00,176.14
2026-04-07 19:27:00+00:00,176.28
2026-04-07 19:28:00+00:00,176.41
2026-04-07 19:29:00+00:00,176.32
2026-04-07 19:30:00+00:00,176.29
2026-04-07 19:31:00+00:00,176.21
2026-04-07 19:32:00+00:00,176.275
2026-04-07 19:33:00+00:00,176.33
2026-04-07 19:34:00+00:00,176.29
2026-04-07 19:35:00+00:00,176.13
2026-04-07 19:36:00+00:00,176.21
2026-04-07 19:37:00+00:00,176.29
2026-04-07 19:38:00+00:00,176.28
2026-04-07 19:39:00+00:00,176.28
2026-04-07 19:40:00+00:00,176.41
2026-04-07 19:41:00+00:00,176.57
2026-04-07 19:42:00+00:00,176.43
2026-04-07 19:43:00+00:00,176.47
2026-04-07 19:44:00+00:00,176.69
2026-04-07 19:45:00+00:00,177.32
2026-04-07 19:46:00+00:00,177.195
2026-04-07 19:47:00+00:00,177.09
2026-04-07 19:48:00+00:00,177.04
2026-04-07 19:49:00+00:00,176.92
2026-04-07 19:50:00+00:00,177.155
2026-04-07 19:51:00+00:00,177.375
2026-04-07 19:52:00+00:00,177.28
2026-04-07 19:53:00+00:00,177.245
2026-04-07 19:54:00+00:00,177.33
2026-04-07 19:55:00+00:00,177.61
2026-04-07 19:56:00+00:00,177.835
2026-04-07 19:57:00+00:00,177.765
2026-04-07 19:58:00+00:00,177.775
2026-04-07 19:59:00+00:00,178.11
2026-04-07 20:00:00+00:00,177.88
2026-04-07 20:04:00+00:00,178.25
2026-04-07 20:06:00+00:00,178.25
2026-04-07 20:18:00+00:00,178.12
2026-04-07 20:28:00+00:00,177.92
2026-04-08 12:06:00+00:00,184.46
2026-04-08 12:20:00+00:00,184.42
2026-04-08 12:21:00+00:00,184.41
2026-04-08 12:22:00+00:00,184.28
2026-04-08 12:23:00+00:00,184.37
2026-04-08 12:24:00+00:00,184.38
2026-04-08 12:39:00+00:00,184.46
2026-04-08 12:46:00+00:00,184.3
2026-04-08 12:57:00+00:00,184.49
2026-04-08 13:30:00+00:00,184.335
2026-04-08 13:31:00+00:00,183.665
2026-04-08 13:32:00+00:00,183.745
2026-04-08 13:33:00+00:00,183.72
2026-04-08 13:34:00+00:00,184.235
2026-04-08 13:35:00+00:00,184.39
2026-04-08 13:36:00+00:00,184.275
2026-04-08 13:37:00+00:00,183.66
2026-04-08 13:38:00+00:00,183.62
2026-04-08 13:39:00+00:00,183.2
2026-04-08 13:40:00+00:00,183.02
2026-04-08 13:41:00+00:00,182.945
2026-04-08 13:42:00+00:00,182.815
2026-04-08 13:43:00+00:00,183.095
2026-04-08 13:44:00+00:00,183.03
2026-04-08 13:45:00+00:00,183.41
2026-04-08 13:46:00+00:00,183.86
2026-04-08 13:47:00+00:00,183.945
2026-04-08 13:48:00+00:00,183.7
2026-04-08 13:49:00+00:00,183.89
2026-04-08 13:50:00+00:00,183.74
2026-04-08 13:51:00+00:00,183.205
2026-04-08 13:52:00+00:00,183.29
2026-04-08 13:53:00+00:00,183.29
2026-04-08 13:54:00+00:00,183.19
2026-04-08 13:55:00+00:00,183.25
2026-04-08 13:56:00+00:00,183.13
2026-04-08 13:57:00+00:00,182.82
2026-04-08 13:58:00+00:00,182.74
2026-04-08 13:59:00+00:00,182.62
2026-04-08 14:00:00+00:00,182.59
2026-04-08 14:01:00+00:00,182.54
2026-04-08 14:02:00+00:00,182.42
2026-04-08 14:03:00+00:00,182.16
2026-04-08 14:04:00+00:00,182.19
2026-04-08 14:05:00+00:00,182.175
2026-04-08 14:06:00+00:00,181.86
2026-04-08 14:07:00+00:00,181.665
2026-04-08 14:08:00+00:00,181.525
2026-04-08 14:09:00+00:00,181.55
2026-04-08 14:10:00+00:00,181.435
2026-04-08 14:11:00+00:00,181.45
2026-04-08 14:12:00+00:00,181.735
2026-04-08 14:13:00+00:00,181.84
2026-04-08 14:14:00+00:00,181.79
2026-04-08 14:15:00+00:00,181.455
2026-04-08 14:16:00+00:00,181.68
2026-04-08 14:17:00+00:00,181.59
2026-04-08 14:18:00+00:00,181.525
2026-04-08 14:19:00+00:00,181.53
2026-04-08 14:20:00+00:00,181.68
2026-04-08 14:21:00+00:00,181.79
2026-04-08 14:22:00+00:00,182.035
2026-04-08 14:23:00+00:00,182.115
2026-04-08 14:24:00+00:00,182.12
2026-04-08 14:25:00+00:00,182.055
2026-04-08 14:26:00+00:00,182.16
2026-04-08 14:27:00+00:00,182.22
2026-04-08 14:28:00+00:00,182.01
2026-04-08 14:29:00+00:00,181.775
2026-04-08 14:30:00+00:00,181.76
2026-04-08 14:31:00+00:00,181.75
2026-04-08 14:32:00+00:00,181.57
2026-04-08 14:33:00+00:00,181.555
2026-04-08 14:34:00+00:00,181.46
2026-04-08 14:35:00+00:00,181.29
2026-04-08 14:36:00+00:00,181.22
2026-04-08 14:37:00+00:00,181.415
2026-04-08 14:38:00+00:00,181.405
2026-04-08 14:39:00+00:00,181.32
2026-04-08 14:40:00+00:00,181.24
2026-04-08 14:41:00+00:00,181.26
2026-04-08 14:42:00+00:00,181.355
2026-04-08 14:43:00+00:00,181.155
2026-04-08 14:44:00+00:00,181.05
2026-04-08 14:45:00+00:00,181.025
2026-04-08 14:46:00+00:00,180.76
2026-04-08 14:47:00+00:00,180.81
2026-04-08 14:48:00+00:00,180.965
2026-04-08 14:49:00+00:00,180.975
2026-04-08 14:50:00+00:00,181.005
2026-04-08 14:51:00+00:00,180.96
2026-04-08 14:52:00+00:00,180.925
2026-04-08 14:53:00+00:00,180.975
2026-04-08 14:54:00+00:00,181.14
2026-04-08 14:55:00+00:00,180.575
2026-04-08 14:56:00+00:00,180.48
2026-04-08 14:57:00+00:00,180.63
2026-04-08 14:58:00+00:00,180.855
2026-04-08 14:59:00+00:00,180.885
2026-04-08 15:00:00+00:00,181.06
2026-04-08 15:01:00+00:00,181.305
2026-04-08 15:02:00+00:00,181.305
2026-04-08 15:03:00+00:00,181.52
2026-04-08 15:04:00+00:00,181.415
2026-04-08 15:05:00+00:00,181.285
2026-04-08 15:06:00+00:00,181.43
2026-04-08 15:07:00+00:00,181.44
2026-04-08 15:08:00+00:00,181.34
2026-04-08 15:09:00+00:00,181.03
2026-04-08 15:10:00+00:00,181.09
2026-04-08 15:11:00+00:00,181.19
2026-04-08 15:12:00+00:00,181.25
2026-04-08 15:13:00+00:00,181.275
2026-04-08 15:14:00+00:00,181.29
2026-04-08 15:15:00+00:00,181.17
2026-04-08 15:16:00+00:00,181.255
2026-04-08 15:17:00+00:00,181.05
2026-04-08 15:18:00+00:00,181.085
2026-04-08 15:19:00+00:00,181.375
2026-04-08 15:20:00+00:00,181.41
2026-04-08 15:21:00+00:00,181.32
2026-04-08 15:22:00+00:00,181.375
2026-04-08 15:23:00+00:00,181.455
2026-04-08 15:24:00+00:00,181.565
2026-04-08 15:25:00+00:00,181.66
2026-04-08 15:26:00+00:00,181.5
2026-04-08 15:27:00+00:00,181.49
2026-04-08 15:28:00+00:00,181.54
2026-04-08 15:29:00+00:00,181.32
2026-04-08 15:30:00+00:00,181.36
2026-04-08 15:31:00+00:00,181.27
2026-04-08 15:32:00+00:00,181.41
2026-04-08 15:33:00+00:00,181.36
2026-04-08 15:34:00+00:00,181.25
2026-04-08 15:35:00+00:00,181.19
2026-04-08 15:36:00+00:00,181.23
2026-04-08 15:37:00+00:00,181.35
2026-04-08 15:38:00+00:00,181.455
2026-04-08 15:39:00+00:00,181.38
2026-04-08 15:40:00+00:00,181.355
2026-04-08 15:41:00+00:00,181.37
2026-04-08 15:42:00+00:00,181.495
2026-04-08 15:43:00+00:00,181.615
2026-04-08 15:44:00+00:00,181.725
2026-04-08 15:45:00+00:00,181.735
2026-04-08 15:46:00+00:00,181.835
2026-04-08 15:47:00+00:00,181.8
2026-04-08 15:48:00+00:00,181.78
2026-04-08 15:49:00+00:00,181.795
2026-04-08 15:50:00+00:00,181.75
2026-04-08 15:51:00+00:00,181.79
2026-04-08 15:52:00+00:00,181.87
2026-04-08 15:53:00+00:00,181.725
2026-04-08 15:54:00+00:00,181.79
2026-04-08 15:55:00+00:00,181.865
2026-04-08 15:56:00+00:00,181.83
2026-04-08 15:57:00+00:00,181.77
2026-04-08 15:58:00+00:00,181.77
2026-04-08 15:59:00+00:00,181.67
2026-04-08 16:00:00+00:00,181.695
2026-04-08 16:01:00+00:00,181.76
2026-04-08 16:02:00+00:00,181.84
2026-04-08 16:03:00+00:00,182.005
2026-04-08 16:04:00+00:00,181.88
2026-04-08 16:05:00+00:00,181.935
2026-04-08 16:06:00+00:00,181.925
2026-04-08 16:07:00+00:00,181.925
2026-04-08 16:08:00+00:00,181.955
2026-04-08 16:09:00+00:00,181.9
2026-04-08 16:10:00+00:00,181.88
2026-04-08 16:11:00+00:00,181.895
2026-04-08 16:12:00+00:00,181.815
2026-04-08 16:13:00+00:00,181.82
2026-04-08 16:14:00+00:00,181.71
2026-04-08 16:15:00+00:00,181.65
2026-04-08 16:16:00+00:00,181.665
2026-04-08 16:17:00+00:00,181.55
2026-04-08 16:18:00+00:00,181.445
2026-04-08 16:19:00+00:00,181.435
2026-04-08 16:20:00+00:00,181.35
2026-04-08 16:21:00+00:00,181.39
2026-04-08 16:22:00+00:00,181.32
2026-04-08 16:23:00+00:00,181.36
2026-04-08 16:24:00+00:00,181.4
2026-04-08 16:25:00+00:00,181.495
2026-04-08 16:26:00+00:00,181.545
2026-04-08 16:27:00+00:00,181.625
2026-04-08 16:28:00+00:00,181.585
2026-04-08 16:29:00+00:00,181.45
2026-04-08 16:30:00+00:00,181.47
2026-04-08 16:31:00+00:00,181.415
2026-04-08 16:32:00+00:00,181.445
2026-04-08 16:33:00+00:00,181.475
2026-04-08 16:34:00+00:00,181.555
2026-04-08 16:35:00+00:00,181.55
2026-04-08 16:36:00+00:00,181.54
2026-04-08 16:37:00+00:00,181.535
2026-04-08 16:38:00+00:00,181.5
2026-04-08 16:39:00+00:00,181.54
2026-04-08 16:40:00+00:00,181.64
2026-04-08 16:41:00+00:00,181.72
2026-04-08 16:42:00+00:00,181.655
2026-04-08 16:43:00+00:00,181.47
2026-04-08 16:44:00+00:00,181.595
2026-04-08 16:45:00+00:00,181.65
2026-04-08 16:46:00+00:00,181.565
2026-04-08 16:47:00+00:00,181.575
2026-04-08 16:48:00+00:00,181.635
2026-04-08 16:49:00+00:00,181.7
2026-04-08 16:50:00+00:00,181.61
2026-04-08 16:51:00+00:00,181.665
2026-04-08 16:52:00+00:00,181.715
2026-04-08 16:53:00+00:00,181.55
2026-04-08 16:54:00+00:00,181.7
2026-04-08 16:55:00+00:00,181.69
2026-04-08 16:56:00+00:00,181.66
2026-04-08 16:57:00+00:00,181.69
2026-04-08 16:58:00+00:00,181.675
2026-04-08 16:59:00+00:00,181.6
2026-04-08 17:00:00+00:00,181.6
2026-04-08 17:01:00+00:00,181.675
2026-04-08 17:02:00+00:00,181.69
2026-04-08 17:03:00+00:00,181.63
2026-04-08 17:04:00+00:00,181.56
2026-04-08 17:05:00+00:00,181.48
2026-04-08 17:06:00+00:00,181.555
2026-04-08 17:07:00+00:00,181.675
2026-04-08 17:08:00+00:00,181.775
2026-04-08 17:09:00+00:00,181.72
2026-04-08 17:10:00+00:00,181.7
2026-04-08 17:11:00+00:00,181.67
2026-04-08 17:12:00+00:00,181.615
2026-04-08 17:13:00+00:00,181.635
2026-04-08 17:14:00+00:00,181.625
2026-04-08 17:15:00+00:00,181.59
2026-04-08 17:16:00+00:00,181.58
2026-04-08 17:17:00+00:00,181.585
2026-04-08 17:18:00+00:00,181.57
2026-04-08 17:19:00+00:00,181.59
2026-04-08 17:20:00+00:00,181.645
2026-04-08 17:21:00+00:00,181.755
2026-04-08 17:22:00+00:00,181.59
2026-04-08 17:23:00+00:00,181.56
2026-04-08 17:24:00+00:00,181.56
2026-04-08 17:25:00+00:00,181.65
2026-04-08 17:26:00+00:00,181.63
2026-04-08 17:27:00+00:00,181.44
2026-04-08 17:28:00+00:00,181.545
2026-04-08 17:29:00+00:00,181.435
2026-04-08 17:30:00+00:00,181.5
2026-04-08 17:31:00+00:00,181.56
2026-04-08 17:32:00+00:00,181.65
2026-04-08 17:33:00+00:00,181.44
2026-04-08 17:34:00+00:00,181.52
2026-04-08 17:35:00+00:00,181.45
2026-04-08 17:36:00+00:00,181.59
2026-04-08 17:37:00+00:00,181.42
2026-04-08 17:38:00+00:00,181.485
2026-04-08 17:39:00+00:00,181.525
2026-04-08 17:40:00+00:00,181.545
2026-04-08 17:41:00+00:00,181.58
2026-04-08 17:42:00+00:00,181.595
2026-04-08 17:43:00+00:00,181.65
2026-04-08 17:44:00+00:00,181.6
2026-04-08 17:45:00+00:00,181.6
2026-04-08 17:46:00+00:00,181.65
2026-04-08 17:47:00+00:00,181.68
2026-04-08 17:48:00+00:00,181.65
2026-04-08 17:49:00+00:00,181.615
2026-04-08 17:50:00+00:00,181.69
2026-04-08 17:51:00+00:00,181.75
2026-04-08 17:52:00+00:00,181.83
2026-04-08 17:53:00+00:00,181.735
2026-04-08 17:54:00+00:00,181.68
2026-04-08 17:55:00+00:00,181.685
2026-04-08 17:56:00+00:00,181.69
2026-04-08 17:57:00+00:00,181.735
2026-04-08 17:58:00+00:00,181.71
2026-04-08 17:59:00+00:00,181.74
2026-04-08 18:00:00+00:00,181.695
2026-04-08 18:01:00+00:00,181.87
2026-04-08 18:02:00+00:00,181.85
2026-04-08 18:03:00+00:00,181.91
2026-04-08 18:04:00+00:00,181.975
2026-04-08 18:05:00+00:00,182.02
2026-04-08 18:06:00+00:00,182.025
2026-04-08 18:07:00+00:00,182.02
2026-04-08 18:08:00+00:00,182.0
2026-04-08 18:09:00+00:00,182.05
2026-04-08 18:10:00+00:00,182.18
2026-04-08 18:11:00+00:00,182.13
2026-04-08 18:12:00+00:00,182.12
2026-04-08 18:13:00+00:00,182.06
2026-04-08 18:14:00+00:00,182.08
2026-04-08 18:15:00+00:00,182.11
2026-04-08 18:16:00+00:00,182.155
2026-04-08 18:17:00+00:00,182.065
2026-04-08 18:18:00+00:00,181.84
2026-04-08 18:19:00+00:00,181.76
2026-04-08 18:20:00+00:00,181.84
2026-04-08 18:21:00+00:00,182.0
2026-04-08 18:22:00+00:00,181.935
2026-04-08 18:23:00+00:00,181.98
2026-04-08 18:24:00+00:00,181.9
2026-04-08 18:25:00+00:00,181.84
2026-04-08 18:26:00+00:00,181.96
2026-04-08 18:27:00+00:00,181.86
2026-04-08 18:28:00+00:00,181.97
2026-04-08 18:29:00+00:00,181.7
2026-04-08 18:30:00+00:00,181.78
2026-04-08 18:31:00+00:00,181.845
2026-04-08 18:32:00+00:00,181.935
2026-04-08 18:33:00+00:00,181.85
2026-04-08 18:34:00+00:00,181.89
2026-04-08 18:35:00+00:00,182.0
2026-04-08 18:36:00+00:00,181.99
2026-04-08 18:37:00+00:00,181.97
2026-04-08 18:38:00+00:00,181.875
2026-04-08 18:39:00+00:00,181.8
2026-04-08 18:40:00+00:00,181.78
2026-04-08 18:41:00+00:00,181.71
2026-04-08 18:42:00+00:00,181.76
2026-04-08 18:43:00+00:00,181.695
2026-04-08 18:44:00+00:00,181.64
2026-04-08 18:45:00+00:00,181.655
2026-04-08 18:46:00+00:00,181.7
2026-04-08 18:47:00+00:00,181.79
2026-04-08 18:48:00+00:00,181.74
2026-04-08 18:49:00+00:00,181.78
2026-04-08 18:50:00+00:00,181.83
2026-04-08 18:51:00+00:00,181.79
2026-04-08 18:52:00+00:00,181.83
2026-04-08 18:53:00+00:00,181.77
2026-04-08 18:54:00+00:00,181.73
2026-04-08 18:55:00+00:00,181.7
2026-04-08 18:56:00+00:00,181.595
2026-04-08 18:57:00+00:00,181.44
2026-04-08 18:58:00+00:00,181.27
2026-04-08 18:59:00+00:00,181.165
2026-04-08 19:00:00+00:00,181.18
2026-04-08 19:01:00+00:00,181.375
2026-04-08 19:02:00+00:00,181.5
2026-04-08 19:03:00+00:00,181.5
2026-04-08 19:04:00+00:00,181.46
2026-04-08 19:05:00+00:00,181.54
2026-04-08 19:06:00+00:00,181.53
2026-04-08 19:07:00+00:00,181.6
2026-04-08 19:08:00+00:00,181.665
2026-04-08 19:09:00+00:00,181.685
2026-04-08 19:10:00+00:00,181.82
2026-04-08 19:11:00+00:00,181.855
2026-04-08 19:12:00+00:00,181.955
2026-04-08 19:13:00+00:00,181.95
2026-04-08 19:14:00+00:00,181.905
2026-04-08 19:15:00+00:00,181.895
2026-04-08 19:16:00+00:00,181.805
2026-04-08 19:17:00+00:00,181.75
2026-04-08 19:18:00+00:00,181.74
2026-04-08 19:19:00+00:00,181.74
2026-04-08 19:20:00+00:00,181.75
2026-04-08 19:21:00+00:00,181.725
2026-04-08 19:22:00+00:00,181.68
2026-04-08 19:23:00+00:00,181.675
2026-04-08 19:24:00+00:00,181.805
2026-04-08 19:25:00+00:00,181.835
2026-04-08 19:26:00+00:00,181.815
2026-04-08 19:27:00+00:00,181.795
2026-04-08 19:28:00+00:00,181.69
2026-04-08 19:29:00+00:00,181.705
2026-04-08 19:30:00+00:00,181.855
2026-04-08 19:31:00+00:00,181.915
2026-04-08 19:32:00+00:00,181.975
2026-04-08 19:33:00+00:00,181.87
2026-04-08 19:34:00+00:00,181.895
2026-04-08 19:35:00+00:00,181.89
2026-04-08 19:36:00+00:00,182.055
2026-04-08 19:37:00+00:00,182.025
2026-04-08 19:38:00+00:00,181.86
2026-04-08 19:39:00+00:00,181.89
2026-04-08 19:40:00+00:00,181.82
2026-04-08 19:41:00+00:00,181.75
2026-04-08 19:42:00+00:00,181.76
2026-04-08 19:43:00+00:00,181.76
2026-04-08 19:44:00+00:00,181.835
2026-04-08 19:45:00+00:00,182.035
2026-04-08 19:46:00+00:00,182.085
2026-04-08 19:47:00+00:00,182.13
2026-04-08 19:48:00+00:00,182.03
2026-04-08 19:49:00+00:00,182.085
2026-04-08 19:50:00+00:00,182.17
2026-04-08 19:51:00+00:00,182.045
2026-04-08 19:52:00+00:00,182.025
2026-04-08 19:53:00+00:00,182.075
2026-04-08 19:54:00+00:00,181.84
2026-04-08 19:55:00+00:00,181.735
2026-04-08 19:56:00+00:00,181.755
2026-04-08 19:57:00+00:00,181.79
2026-04-08 19:58:00+00:00,181.765
2026-04-08 19:59:00+00:00,182.12
2026-04-08 20:05:00+00:00,181.94
2026-04-08 20:06:00+00:00,181.91
2026-04-08 20:19:00+00:00,181.83
2026-04-09 13:30:00+00:00,181.49
2026-04-09 13:31:00+00:00,181.72
2026-04-09 13:32:00+00:00,181.17
2026-04-09 13:33:00+00:00,180.81
2026-04-09 13:34:00+00:00,180.8
2026-04-09 13:35:00+00:00,181.065
2026-04-09 13:36:00+00:00,181.46
2026-04-09 13:37:00+00:00,181.48
2026-04-09 13:38:00+00:00,181.54
2026-04-09 13:39:00+00:00,181.305
2026-04-09 13:40:00+00:00,181.09
2026-04-09 13:41:00+00:00,181.46
2026-04-09 13:42:00+00:00,181.67
2026-04-09 13:43:00+00:00,181.83
2026-04-09 13:44:00+00:00,181.87
2026-04-09 13:45:00+00:00,181.725
2026-04-09 13:46:00+00:00,181.855
2026-04-09 13:47:00+00:00,181.79
2026-04-09 13:48:00+00:00,181.6
2026-04-09 13:49:00+00:00,181.77
2026-04-09 13:50:00+00:00,181.73
2026-04-09 13:51:00+00:00,181.53
2026-04-09 13:52:00+00:00,181.56
2026-04-09 13:53:00+00:00,181.62
2026-04-09 13:54:00+00:00,181.53
2026-04-09 13:55:00+00:00,181.4
2026-04-09 13:56:00+00:00,181.28
2026-04-09 13:57:00+00:00,181.42
2026-04-09 13:58:00+00:00,181.19
2026-04-09 13:59:00+00:00,181.48
2026-04-09 14:00:00+00:00,181.37
2026-04-09 14:01:00+00:00,181.46
2026-04-09 14:02:00+00:00,181.48
2026-04-09 14:03:00+00:00,181.68
2026-04-09 14:04:00+00:00,181.94
2026-04-09 14:05:00+00:00,182.11
2026-04-09 14:06:00+00:00,181.985
2026-04-09 14:07:00+00:00,181.995
2026-04-09 14:08:00+00:00,182.075
2026-04-09 14:09:00+00:00,181.82
2026-04-09 14:10:00+00:00,181.675
2026-04-09 14:11:00+00:00,181.7
2026-04-09 14:12:00+00:00,182.02
2026-04-09 14:13:00+00:00,181.97
2026-04-09 14:14:00+00:00,181.93
2026-04-09 14:15:00+00:00,181.74
2026-04-09 14:16:00+00:00,181.64
2026-04-09 14:17:00+00:00,181.58
2026-04-09 14:18:00+00:00,181.39
2026-04-09 14:19:00+00:00,181.4
2026-04-09 14:20:00+00:00,181.455
2026-04-09 14:21:00+00:00,181.38
2026-04-09 14:22:00+00:00,181.525
2026-04-09 14:23:00+00:00,181.74
2026-04-09 14:24:00+00:00,181.7
2026-04-09 14:25:00+00:00,181.72
2026-04-09 14:26:00+00:00,181.58
2026-04-09 14:27:00+00:00,181.605
2026-04-09 14:28:00+00:00,181.585
2026-04-09 14:29:00+00:00,181.515
2026-04-09 14:30:00+00:00,181.51
2026-04-09 14:31:00+00:00,181.525
2026-04-09 14:32:00+00:00,181.57
2026-04-09 14:33:00+00:00,181.58
2026-04-09 14:34:00+00:00,181.62
2026-04-09 14:35:00+00:00,181.7
2026-04-09 14:36:00+00:00,181.505
2026-04-09 14:37:00+00:00,181.845
2026-04-09 14:38:00+00:00,181.67
2026-04-09 14:39:00+00:00,181.805
2026-04-09 14:40:00+00:00,181.84
2026-04-09 14:41:00+00:00,181.795
2026-04-09 14:42:00+00:00,181.82
2026-04-09 14:43:00+00:00,181.84
2026-04-09 14:44:00+00:00,181.94
2026-04-09 14:45:00+00:00,182.12
2026-04-09 14:46:00+00:00,182.195
2026-04-09 14:47:00+00:00,182.29
2026-04-09 14:48:00+00:00,182.45
2026-04-09 14:49:00+00:00,182.435
2026-04-09 14:50:00+00:00,182.555
2026-04-09 14:51:00+00:00,182.48
2026-04-09 14:52:00+00:00,182.495
2026-04-09 14:53:00+00:00,182.575
2026-04-09 14:54:00+00:00,182.59
2026-04-09 14:55:00+00:00,182.71
2026-04-09 14:56:00+00:00,182.55
2026-04-09 14:57:00+00:00,182.4
2026-04-09 14:58:00+00:00,182.495
2026-04-09 14:59:00+00:00,182.485
2026-04-09 15:00:00+00:00,182.425
2026-04-09 15:01:00+00:00,182.475
2026-04-09 15:02:00+00:00,182.51
2026-04-09 15:03:00+00:00,182.57
2026-04-09 15:04:00+00:00,182.55
2026-04-09 15:05:00+00:00,182.595
2026-04-09 15:06:00+00:00,182.645
2026-04-09 15:07:00+00:00,182.57
2026-04-09 15:08:00+00:00,182.54
2026-04-09 15:09:00+00:00,182.69
2026-04-09 15:10:00+00:00,182.835
2026-04-09 15:11:00+00:00,182.855
2026-04-09 15:12:00+00:00,183.075
2026-04-09 15:13:00+00:00,183.19
2026-04-09 15:14:00+00:00,183.28
2026-04-09 15:15:00+00:00,183.48
2026-04-09 15:16:00+00:00,183.34
2026-04-09 15:17:00+00:00,183.385
2026-04-09 15:18:00+00:00,183.41
2026-04-09 15:19:00+00:00,183.44
2026-04-09 15:20:00+00:00,183.22
2026-04-09 15:21:00+00:00,183.225
2026-04-09 15:22:00+00:00,183.23
2026-04-09 15:23:00+00:00,183.16
2026-04-09 15:24:00+00:00,183.16
2026-04-09 15:25:00+00:00,183.035
2026-04-09 15:26:00+00:00,182.95
2026-04-09 15:27:00+00:00,182.79
2026-04-09 15:28:00+00:00,182.82
2026-04-09 15:29:00+00:00,182.84
2026-04-09 15:30:00+00:00,182.855
2026-04-09 15:31:00+00:00,182.74
2026-04-09 15:32:00+00:00,183.17
2026-04-09 15:33:00+00:00,183.25
2026-04-09 15:34:00+00:00,183.165
2026-04-09 15:35:00+00:00,183.2
2026-04-09 15:36:00+00:00,183.19
2026-04-09 15:37:00+00:00,183.12
2026-04-09 15:38:00+00:00,182.915
2026-04-09 15:39:00+00:00,182.97
2026-04-09 15:40:00+00:00,183.09
2026-04-09 15:41:00+00:00,183.12
2026-04-09 15:42:00+00:00,183.08
2026-04-09 15:43:00+00:00,183.11
2026-04-09 15:44:00+00:00,182.87
2026-04-09 15:45:00+00:00,182.98
2026-04-09 15:46:00+00:00,183.06
2026-04-09 15:47:00+00:00,183.22
2026-04-09 15:48:00+00:00,183.44
2026-04-09 15:49:00+00:00,183.27
2026-04-09 15:50:00+00:00,183.235
2026-04-09 15:51:00+00:00,183.34
2026-04-09 15:52:00+00:00,183.375
2026-04-09 15:53:00+00:00,183.375
2026-04-09 15:54:00+00:00,183.41
2026-04-09 15:55:00+00:00,183.53
2026-04-09 15:56:00+00:00,183.525
2026-04-09 15:57:00+00:00,183.44
2026-04-09 15:58:00+00:00,183.45
2026-04-09 15:59:00+00:00,183.42
2026-04-09 16:00:00+00:00,183.485
2026-04-09 16:01:00+00:00,183.67
2026-04-09 16:02:00+00:00,183.845
2026-04-09 16:03:00+00:00,183.925
2026-04-09 16:04:00+00:00,183.77
2026-04-09 16:05:00+00:00,183.585
2026-04-09 16:06:00+00:00,183.48
2026-04-09 16:07:00+00:00,183.61
2026-04-09 16:08:00+00:00,183.665
2026-04-09 16:09:00+00:00,183.52
2026-04-09 16:10:00+00:00,183.565
2026-04-09 16:11:00+00:00,183.47
2026-04-09 16:12:00+00:00,183.55
2026-04-09 16:13:00+00:00,183.485
2026-04-09 16:14:00+00:00,183.405
2026-04-09 16:15:00+00:00,183.35
2026-04-09 16:16:00+00:00,183.445
2026-04-09 16:17:00+00:00,183.415
2026-04-09 16:18:00+00:00,183.35
2026-04-09 16:19:00+00:00,183.42
2026-04-09 16:20:00+00:00,183.34
2026-04-09 16:21:00+00:00,183.24
2026-04-09 16:22:00+00:00,183.32
2026-04-09 16:23:00+00:00,183.235
2026-04-09 16:24:00+00:00,183.255
2026-04-09 16:25:00+00:00,183.355
2026-04-09 16:26:00+00:00,183.445
2026-04-09 16:27:00+00:00,183.52
2026-04-09 16:28:00+00:00,183.58
2026-04-09 16:29:00+00:00,183.53
2026-04-09 16:30:00+00:00,183.51
2026-04-09 16:31:00+00:00,183.485
2026-04-09 16:32:00+00:00,183.4
2026-04-09 16:33:00+00:00,183.41
2026-04-09 16:34:00+00:00,183.465
2026-04-09 16:35:00+00:00,183.465
2026-04-09 16:36:00+00:00,183.505
2026-04-09 16:37:00+00:00,183.525
2026-04-09 16:38:00+00:00,183.455
2026-04-09 16:39:00+00:00,183.465
2026-04-09 16:40:00+00:00,183.33
2026-04-09 16:41:00+00:00,183.3
2026-04-09 16:42:00+00:00,183.445
2026-04-09 16:43:00+00:00,183.43
2026-04-09 16:44:00+00:00,183.44
2026-04-09 16:45:00+00:00,183.395
2026-04-09 16:46:00+00:00,183.355
2026-04-09 16:47:00+00:00,183.15
2026-04-09 16:48:00+00:00,183.175
2026-04-09 16:49:00+00:00,183.22
2026-04-09 16:50:00+00:00,183.395
2026-04-09 16:51:00+00:00,183.53
2026-04-09 16:52:00+00:00,183.59
2026-04-09 16:53:00+00:00,183.635
2026-04-09 16:54:00+00:00,183.605
2026-04-09 16:55:00+00:00,183.535
2026-04-09 16:56:00+00:00,183.48
2026-04-09 16:57:00+00:00,183.42
2026-04-09 16:58:00+00:00,183.49
2026-04-09 16:59:00+00:00,183.48
2026-04-09 17:00:00+00:00,183.43
2026-04-09 17:01:00+00:00,183.495
2026-04-09 17:02:00+00:00,183.43
2026-04-09 17:03:00+00:00,183.55
2026-04-09 17:04:00+00:00,183.6
2026-04-09 17:05:00+00:00,183.54
2026-04-09 17:06:00+00:00,183.615
2026-04-09 17:07:00+00:00,183.69
2026-04-09 17:08:00+00:00,183.79
2026-04-09 17:09:00+00:00,183.675
2026-04-09 17:10:00+00:00,183.67
2026-04-09 17:11:00+00:00,183.78
2026-04-09 17:12:00+00:00,183.785
2026-04-09 17:13:00+00:00,183.825
2026-04-09 17:14:00+00:00,183.75
2026-04-09 17:15:00+00:00,183.78
2026-04-09 17:16:00+00:00,183.74
2026-04-09 17:17:00+00:00,183.8
2026-04-09 17:18:00+00:00,183.805
2026-04-09 17:19:00+00:00,183.78
2026-04-09 17:20:00+00:00,183.785
2026-04-09 17:21:00+00:00,183.7
2026-04-09 17:22:00+00:00,183.695
2026-04-09 17:23:00+00:00,183.735
2026-04-09 17:24:00+00:00,183.68
2026-04-09 17:25:00+00:00,183.655
2026-04-09 17:26:00+00:00,183.53
2026-04-09 17:27:00+00:00,183.49
2026-04-09 17:28:00+00:00,183.58
2026-04-09 17:29:00+00:00,183.46
2026-04-09 17:30:00+00:00,183.27
2026-04-09 17:31:00+00:00,183.16
2026-04-09 17:32:00+00:00,183.27
2026-04-09 17:33:00+00:00,183.25
2026-04-09 17:34:00+00:00,183.3
2026-04-09 17:35:00+00:00,183.44
2026-04-09 17:36:00+00:00,183.4
2026-04-09 17:37:00+00:00,183.47
2026-04-09 17:38:00+00:00,183.65
2026-04-09 17:39:00+00:00,183.65
2026-04-09 17:40:00+00:00,183.71
2026-04-09 17:41:00+00:00,183.7
2026-04-09 17:42:00+00:00,183.66
2026-04-09 17:43:00+00:00,183.685
2026-04-09 17:44:00+00:00,183.605
2026-04-09 17:45:00+00:00,183.63
2026-04-09 17:46:00+00:00,183.52
2026-04-09 17:47:00+00:00,183.575
2026-04-09 17:48:00+00:00,183.6
2026-04-09 17:49:00+00:00,183.61
2026-04-09 17:50:00+00:00,183.495
2026-04-09 17:51:00+00:00,183.47
2026-04-09 17:52:00+00:00,183.48
2026-04-09 17:53:00+00:00,183.56
2026-04-09 17:54:00+00:00,183.485
2026-04-09 17:55:00+00:00,183.435
2026-04-09 17:56:00+00:00,183.435
2026-04-09 17:57:00+00:00,183.435
2026-04-09 17:58:00+00:00,183.58
2026-04-09 17:59:00+00:00,183.54
2026-04-09 18:00:00+00:00,183.605
2026-04-09 18:01:00+00:00,183.485
2026-04-09 18:02:00+00:00,183.28
2026-04-09 18:03:00+00:00,183.23
2026-04-09 18:04:00+00:00,183.11
2026-04-09 18:05:00+00:00,183.295
2026-04-09 18:06:00+00:00,183.395
2026-04-09 18:07:00+00:00,183.4
2026-04-09 18:08:00+00:00,183.315
2026-04-09 18:09:00+00:00,183.41
2026-04-09 18:10:00+00:00,183.41
2026-04-09 18:11:00+00:00,183.415
2026-04-09 18:12:00+00:00,183.33
2026-04-09 18:13:00+00:00,183.245
2026-04-09 18:14:00+00:00,183.27
2026-04-09 18:15:00+00:00,183.35
2026-04-09 18:16:00+00:00,183.32
2026-04-09 18:17:00+00:00,183.43
2026-04-09 18:18:00+00:00,183.35
2026-04-09 18:19:00+00:00,183.355
2026-04-09 18:20:00+00:00,183.28
2026-04-09 18:21:00+00:00,183.24
2026-04-09 18:22:00+00:00,183.225
2026-04-09 18:23:00+00:00,183.16
2026-04-09 18:24:00+00:00,183.14
2026-04-09 18:25:00+00:00,183.06
2026-04-09 18:26:00+00:00,183.05
2026-04-09 18:27:00+00:00,183.035
2026-04-09 18:28:00+00:00,183.13
2026-04-09 18:29:00+00:00,183.11
2026-04-09 18:30:00+00:00,183.01
2026-04-09 18:31:00+00:00,183.11
2026-04-09 18:32:00+00:00,183.12
2026-04-09 18:33:00+00:00,183.0
2026-04-09 18:34:00+00:00,183.0
2026-04-09 18:35:00+00:00,183.09
2026-04-09 18:36:00+00:00,183.05
2026-04-09 18:37:00+00:00,183.225
2026-04-09 18:38:00+00:00,183.31
2026-04-09 18:39:00+00:00,183.45
2026-04-09 18:40:00+00:00,183.405
2026-04-09 18:41:00+00:00,183.465
2026-04-09 18:42:00+00:00,183.55
2026-04-09 18:43:00+00:00,183.42
2026-04-09 18:44:00+00:00,183.39
2026-04-09 18:45:00+00:00,183.46
2026-04-09 18:46:00+00:00,183.45
2026-04-09 18:47:00+00:00,183.51
2026-04-09 18:48:00+00:00,183.495
2026-04-09 18:49:00+00:00,183.475
2026-04-09 18:50:00+00:00,183.39
2026-04-09 18:51:00+00:00,183.28
2026-04-09 18:52:00+00:00,183.3
2026-04-09 18:53:00+00:00,183.38
2026-04-09 18:54:00+00:00,183.44
2026-04-09 18:55:00+00:00,183.5
2026-04-09 18:56:00+00:00,183.53
2026-04-09 18:57:00+00:00,183.505
2026-04-09 18:58:00+00:00,183.57
2026-04-09 18:59:00+00:00,183.51
2026-04-09 19:00:00+00:00,183.525
2026-04-09 19:01:00+00:00,183.675
2026-04-09 19:02:00+00:00,183.78
2026-04-09 19:03:00+00:00,183.735
2026-04-09 19:04:00+00:00,183.76
2026-04-09 19:05:00+00:00,183.715
2026-04-09 19:06:00+00:00,183.67
2026-04-09 19:07:00+00:00,183.74
2026-04-09 19:08:00+00:00,183.77
2026-04-09 19:09:00+00:00,183.755
2026-04-09 19:10:00+00:00,183.775
2026-04-09 19:11:00+00:00,183.74
2026-04-09 19:12:00+00:00,183.82
2026-04-09 19:13:00+00:00,183.775
2026-04-09 19:14:00+00:00,183.715
2026-04-09 19:15:00+00:00,183.725
2026-04-09 19:16:00+00:00,183.69
2026-04-09 19:17:00+00:00,183.605
2026-04-09 19:18:00+00:00,183.52
2026-04-09 19:19:00+00:00,183.65
2026-04-09 19:20:00+00:00,183.63
2026-04-09 19:21:00+00:00,183.58
2026-04-09 19:22:00+00:00,183.565
2026-04-09 19:23:00+00:00,183.545
2026-04-09 19:24:00+00:00,183.545
2026-04-09 19:25:00+00:00,183.7
2026-04-09 19:26:00+00:00,183.745
2026-04-09 19:27:00+00:00,183.69
2026-04-09 19:28:00+00:00,183.7
2026-04-09 19:29:00+00:00,183.625
2026-04-09 19:30:00+00:00,183.7
2026-04-09 19:31:00+00:00,183.775
2026-04-09 19:32:00+00:00,183.79
2026-04-09 19:33:00+00:00,183.83
2026-04-09 19:34:00+00:00,183.775
2026-04-09 19:35:00+00:00,183.795
2026-04-09 19:36:00+00:00,183.745
2026-04-09 19:37:00+00:00,183.78
2026-04-09 19:38:00+00:00,183.805
2026-04-09 19:39:00+00:00,183.755
2026-04-09 19:40:00+00:00,183.7
2026-04-09 19:41:00+00:00,183.655
2026-04-09 19:42:00+00:00,183.76
2026-04-09 19:43:00+00:00,183.755
2026-04-09 19:44:00+00:00,183.735
2026-04-09 19:45:00+00:00,183.705
2026-04-09 19:46:00+00:00,183.73
2026-04-09 19:47:00+00:00,183.78
2026-04-09 19:48:00+00:00,183.74
2026-04-09 19:49:00+00:00,183.625
2026-04-09 19:50:00+00:00,183.905
2026-04-09 19:51:00+00:00,183.91
2026-04-09 19:52:00+00:00,184.01
2026-04-09 19:53:00+00:00,183.96
2026-04-09 19:54:00+00:00,183.93
2026-04-09 19:55:00+00:00,183.875
2026-04-09 19:56:00+00:00,183.9
2026-04-09 19:57:00+00:00,183.89
2026-04-09 19:58:00+00:00,183.89
2026-04-09 19:59:00+00:00,183.88
2026-04-09 20:03:00+00:00,183.71
2026-04-09 20:06:00+00:00,183.61
2026-04-09 20:07:00+00:00,183.59
2026-04-09 20:11:00+00:00,183.74
2026-04-10 12:15:00+00:00,183.56
2026-04-10 12:30:00+00:00,184.16
2026-04-10 13:30:00+00:00,184.88
2026-04-10 13:31:00+00:00,185.09
2026-04-10 13:32:00+00:00,185.7
2026-04-10 13:33:00+00:00,186.42
2026-04-10 13:34:00+00:00,185.7
2026-04-10 13:35:00+00:00,185.51
2026-04-10 13:36:00+00:00,185.49
2026-04-10 13:37:00+00:00,186.165
2026-04-10 13:38:00+00:00,185.695
2026-04-10 13:39:00+00:00,185.3
2026-04-10 13:40:00+00:00,185.44
2026-04-10 13:41:00+00:00,186.045
2026-04-10 13:42:00+00:00,185.865
2026-04-10 13:43:00+00:00,185.765
2026-04-10 13:44:00+00:00,185.84
2026-04-10 13:45:00+00:00,186.22
2026-04-10 13:46:00+00:00,186.42
2026-04-10 13:47:00+00:00,187.01
2026-04-10 13:48:00+00:00,187.08
2026-04-10 13:49:00+00:00,186.94
2026-04-10 13:50:00+00:00,186.89
2026-04-10 13:51:00+00:00,187.305
2026-04-10 13:52:00+00:00,187.505
2026-04-10 13:53:00+00:00,187.53
2026-04-10 13:54:00+00:00,187.865
2026-04-10 13:55:00+00:00,187.66
2026-04-10 13:56:00+00:00,187.535
2026-04-10 13:57:00+00:00,187.68
2026-04-10 13:58:00+00:00,187.37
2026-04-10 13:59:00+00:00,187.12
2026-04-10 14:00:00+00:00,186.67
2026-04-10 14:01:00+00:00,186.41
2026-04-10 14:02:00+00:00,186.43
2026-04-10 14:03:00+00:00,186.56
2026-04-10 14:04:00+00:00,186.48
2026-04-10 14:05:00+00:00,186.685
2026-04-10 14:06:00+00:00,186.55
2026-04-10 14:07:00+00:00,186.595
2026-04-10 14:08:00+00:00,186.71
2026-04-10 14:09:00+00:00,186.615
2026-04-10 14:10:00+00:00,186.43
2026-04-10 14:11:00+00:00,186.45
2026-04-10 14:12:00+00:00,186.81
2026-04-10 14:13:00+00:00,187.0
2026-04-10 14:14:00+00:00,187.25
2026-04-10 14:15:00+00:00,187.16
2026-04-10 14:16:00+00:00,187.195
2026-04-10 14:17:00+00:00,187.31
2026-04-10 14:18:00+00:00,187.32
2026-04-10 14:19:00+00:00,187.345
2026-04-10 14:20:00+00:00,187.46
2026-04-10 14:21:00+00:00,187.42
2026-04-10 14:22:00+00:00,187.53
2026-04-10 14:23:00+00:00,187.45
2026-04-10 14:24:00+00:00,187.545
2026-04-10 14:25:00+00:00,187.615
2026-04-10 14:26:00+00:00,187.7
2026-04-10 14:27:00+00:00,187.59
2026-04-10 14:28:00+00:00,187.6
2026-04-10 14:29:00+00:00,187.83
2026-04-10 14:30:00+00:00,187.99
2026-04-10 14:31:00+00:00,188.04
2026-04-10 14:32:00+00:00,188.215
2026-04-10 14:33:00+00:00,188.41
2026-04-10 14:34:00+00:00,188.31
2026-04-10 14:35:00+00:00,188.195
2026-04-10 14:36:00+00:00,188.135
2026-04-10 14:37:00+00:00,188.21
2026-04-10 14:38:00+00:00,188.65
2026-04-10 14:39:00+00:00,188.565
2026-04-10 14:40:00+00:00,188.51
2026-04-10 14:41:00+00:00,188.56
2026-04-10 14:42:00+00:00,188.05
2026-04-10 14:43:00+00:00,188.26
2026-04-10 14:44:00+00:00,188.09
2026-04-10 14:45:00+00:00,188.195
2026-04-10 14:46:00+00:00,188.35
2026-04-10 14:47:00+00:00,188.41
2026-04-10 14:48:00+00:00,188.35
2026-04-10 14:49:00+00:00,188.21
2026-04-10 14:50:00+00:00,188.35
2026-04-10 14:51:00+00:00,188.5
2026-04-10 14:52:00+00:00,188.68
2026-04-10 14:53:00+00:00,188.5
2026-04-10 14:54:00+00:00,188.405
2026-04-10 14:55:00+00:00,188.45
2026-04-10 14:56:00+00:00,188.55
2026-04-10 14:57:00+00:00,188.635
2026-04-10 14:58:00+00:00,188.88
2026-04-10 14:59:00+00:00,188.88
2026-04-10 15:00:00+00:00,188.72
2026-04-10 15:01:00+00:00,188.77
2026-04-10 15:02:00+00:00,188.9
2026-04-10 15:03:00+00:00,188.81
2026-04-10 15:04:00+00:00,188.68
2026-04-10 15:05:00+00:00,188.72
2026-04-10 15:06:00+00:00,188.785
2026-04-10 15:07:00+00:00,188.935
2026-04-10 15:08:00+00:00,189.01
2026-04-10 15:09:00+00:00,189.1
2026-04-10 15:10:00+00:00,188.85
2026-04-10 15:11:00+00:00,188.75
2026-04-10 15:12:00+00:00,188.96
2026-04-10 15:13:00+00:00,188.93
2026-04-10 15:14:00+00:00,189.09
2026-04-10 15:15:00+00:00,189.3
2026-04-10 15:16:00+00:00,189.345
2026-04-10 15:17:00+00:00,189.49
2026-04-10 15:18:00+00:00,189.52
2026-04-10 15:19:00+00:00,189.395
2026-04-10 15:20:00+00:00,189.58
2026-04-10 15:21:00+00:00,189.61
2026-04-10 15:22:00+00:00,189.82
2026-04-10 15:23:00+00:00,189.985
2026-04-10 15:24:00+00:00,189.88
2026-04-10 15:25:00+00:00,189.895
2026-04-10 15:26:00+00:00,189.65
2026-04-10 15:27:00+00:00,189.65
2026-04-10 15:28:00+00:00,189.795
2026-04-10 15:29:00+00:00,189.51
2026-04-10 15:30:00+00:00,189.455
2026-04-10 15:31:00+00:00,189.22
2026-04-10 15:32:00+00:00,189.21
2026-04-10 15:33:00+00:00,189.195
2026-04-10 15:34:00+00:00,189.16
2026-04-10 15:35:00+00:00,189.02
2026-04-10 15:36:00+00:00,188.96
2026-04-10 15:37:00+00:00,188.86
2026-04-10 15:38:00+00:00,188.775
2026-04-10 15:39:00+00:00,188.61
2026-04-10 15:40:00+00:00,188.71
2026-04-10 15:41:00+00:00,188.78
2026-04-10 15:42:00+00:00,188.66
2026-04-10 15:43:00+00:00,188.78
2026-04-10 15:44:00+00:00,188.855
2026-04-10 15:45:00+00:00,188.9
2026-04-10 15:46:00+00:00,188.95
2026-04-10 15:47:00+00:00,188.98
2026-04-10 15:48:00+00:00,188.71
2026-04-10 15:49:00+00:00,188.755
2026-04-10 15:50:00+00:00,188.595
2026-04-10 15:51:00+00:00,188.565
2026-04-10 15:52:00+00:00,188.62
2026-04-10 15:53:00+00:00,188.51
2026-04-10 15:54:00+00:00,188.435
2026-04-10 15:55:00+00:00,188.305
2026-04-10 15:56:00+00:00,188.265
2026-04-10 15:57:00+00:00,188.22
2026-04-10 15:58:00+00:00,188.285
2026-04-10 15:59:00+00:00,188.44
2026-04-10 16:00:00+00:00,188.28
2026-04-10 16:01:00+00:00,188.135
2026-04-10 16:02:00+00:00,188.3
2026-04-10 16:03:00+00:00,188.4
2026-04-10 16:04:00+00:00,188.255
2026-04-10 16:05:00+00:00,188.375
2026-04-10 16:06:00+00:00,188.34
2026-04-10 16:07:00+00:00,188.26
2026-04-10 16:08:00+00:00,188.4
2026-04-10 16:09:00+00:00,188.345
2026-04-10 16:10:00+00:00,188.46
2026-04-10 16:11:00+00:00,188.615
2026-04-10 16:12:00+00:00,188.575
2026-04-10 16:13:00+00:00,188.725
2026-04-10 16:14:00+00:00,188.63
2026-04-10 16:15:00+00:00,188.59
2026-04-10 16:16:00+00:00,188.64
2026-04-10 16:17:00+00:00,188.465
2026-04-10 16:18:00+00:00,188.45
2026-04-10 16:19:00+00:00,188.535
2026-04-10 16:20:00+00:00,188.33
2026-04-10 16:21:00+00:00,188.36
2026-04-10 16:22:00+00:00,188.53
2026-04-10 16:23:00+00:00,188.66
2026-04-10 16:24:00+00:00,188.735
2026-04-10 16:25:00+00:00,188.62
2026-04-10 16:26:00+00:00,188.595
2026-04-10 16:27:00+00:00,188.505
2026-04-10 16:28:00+00:00,188.57
2026-04-10 16:29:00+00:00,188.46
2026-04-10 16:30:00+00:00,188.505
2026-04-10 16:31:00+00:00,188.46
2026-04-10 16:32:00+00:00,188.31
2026-04-10 16:33:00+00:00,188.28
2026-04-10 16:34:00+00:00,188.29
2026-04-10 16:35:00+00:00,188.325
2026-04-10 16:36:00+00:00,188.23
2026-04-10 16:37:00+00:00,188.385
2026-04-10 16:38:00+00:00,188.205
2026-04-10 16:39:00+00:00,188.215
2026-04-10 16:40:00+00:00,188.155
2026-04-10 16:41:00+00:00,188.055
2026-04-10 16:42:00+00:00,188.06
2026-04-10 16:43:00+00:00,188.05
2026-04-10 16:44:00+00:00,188.155
2026-04-10 16:45:00+00:00,188.26
2026-04-10 16:46:00+00:00,188.285
2026-04-10 16:47:00+00:00,188.275
2026-04-10 16:48:00+00:00,188.375
2026-04-10 16:49:00+00:00,188.45
2026-04-10 16:50:00+00:00,188.5
2026-04-10 16:51:00+00:00,188.255
2026-04-10 16:52:00+00:00,188.18
2026-04-10 16:53:00+00:00,188.34
2026-04-10 16:54:00+00:00,188.485
2026-04-10 16:55:00+00:00,188.525
2026-04-10 16:56:00+00:00,188.475
2026-04-10 16:57:00+00:00,188.41
2026-04-10 16:58:00+00:00,188.355
2026-04-10 16:59:00+00:00,188.515
2026-04-10 17:00:00+00:00,188.415
2026-04-10 17:01:00+00:00,188.475
2026-04-10 17:02:00+00:00,188.51
2026-04-10 17:03:00+00:00,188.52
2026-04-10 17:04:00+00:00,188.47
2026-04-10 17:05:00+00:00,188.475
2026-04-10 17:06:00+00:00,188.49
2026-04-10 17:07:00+00:00,188.47
2026-04-10 17:08:00+00:00,188.535
2026-04-10 17:09:00+00:00,188.535
2026-04-10 17:10:00+00:00,188.37
2026-04-10 17:11:00+00:00,188.32
2026-04-10 17:12:00+00:00,188.475
2026-04-10 17:13:00+00:00,188.445
2026-04-10 17:14:00+00:00,188.43
2026-04-10 17:15:00+00:00,188.405
2026-04-10 17:16:00+00:00,188.37
2026-04-10 17:17:00+00:00,188.295
2026-04-10 17:18:00+00:00,188.39
2026-04-10 17:19:00+00:00,188.4
2026-04-10 17:20:00+00:00,188.29
2026-04-10 17:21:00+00:00,188.29
2026-04-10 17:22:00+00:00,188.165
2026-04-10 17:23:00+00:00,188.295
2026-04-10 17:24:00+00:00,188.24
2026-04-10 17:25:00+00:00,188.215
2026-04-10 17:26:00+00:00,188.39
2026-04-10 17:27:00+00:00,188.3
2026-04-10 17:28:00+00:00,188.235
2026-04-10 17:29:00+00:00,188.12
2026-04-10 17:30:00+00:00,188.04
2026-04-10 17:31:00+00:00,188.05
2026-04-10 17:32:00+00:00,188.24
2026-04-10 17:33:00+00:00,188.17
2026-04-10 17:34:00+00:00,188.27
2026-04-10 17:35:00+00:00,188.28
2026-04-10 17:36:00+00:00,188.24
2026-04-10 17:37:00+00:00,188.11
2026-04-10 17:38:00+00:00,188.19
2026-04-10 17:39:00+00:00,188.235
2026-04-10 17:40:00+00:00,188.26
2026-04-10 17:41:00+00:00,188.35
2026-04-10 17:42:00+00:00,188.37
2026-04-10 17:43:00+00:00,188.49
2026-04-10 17:44:00+00:00,188.505
2026-04-10 17:45:00+00:00,188.525
2026-04-10 17:46:00+00:00,188.44
2026-04-10 17:47:00+00:00,188.475
2026-04-10 17:48:00+00:00,188.475
2026-04-10 17:49:00+00:00,188.465
2026-04-10 17:50:00+00:00,188.565
2026-04-10 17:51:00+00:00,188.5
2026-04-10 17:52:00+00:00,188.545
2026-04-10 17:53:00+00:00,188.645
2026-04-10 17:54:00+00:00,188.7
2026-04-10 17:55:00+00:00,188.64
2026-04-10 17:56:00+00:00,188.62
2026-04-10 17:57:00+00:00,188.595
2026-04-10 17:58:00+00:00,188.62
2026-04-10 17:59:00+00:00,188.66
2026-04-10 18:00:00+00:00,188.7
2026-04-10 18:01:00+00:00,188.69
2026-04-10 18:02:00+00:00,188.585
2026-04-10 18:03:00+00:00,188.55
2026-04-10 18:04:00+00:00,188.41
2026-04-10 18:05:00+00:00,188.435
2026-04-10 18:06:00+00:00,188.375
2026-04-10 18:07:00+00:00,188.305
2026-04-10 18:08:00+00:00,188.4
2026-04-10 18:09:00+00:00,188.435
2026-04-10 18:10:00+00:00,188.415
2026-04-10 18:11:00+00:00,188.595
2026-04-10 18:12:00+00:00,188.63
2026-04-10 18:13:00+00:00,188.515
2026-04-10 18:14:00+00:00,188.6
2026-04-10 18:15:00+00:00,188.64
2026-04-10 18:16:00+00:00,188.57
2026-04-10 18:17:00+00:00,188.645
2026-04-10 18:18:00+00:00,188.65
2026-04-10 18:19:00+00:00,188.705
2026-04-10 18:20:00+00:00,188.8
2026-04-10 18:21:00+00:00,188.795
2026-04-10 18:22:00+00:00,188.845
2026-04-10 18:23:00+00:00,188.94
2026-04-10 18:24:00+00:00,188.84
2026-04-10 18:25:00+00:00,188.83
2026-04-10 18:26:00+00:00,188.75
2026-04-10 18:27:00+00:00,188.63
2026-04-10 18:28:00+00:00,188.65
2026-04-10 18:29:00+00:00,188.585
2026-04-10 18:30:00+00:00,188.53
2026-04-10 18:31:00+00:00,188.435
2026-04-10 18:32:00+00:00,188.405
2026-04-10 18:33:00+00:00,188.435
2026-04-10 18:34:00+00:00,188.49
2026-04-10 18:35:00+00:00,188.46
2026-04-10 18:36:00+00:00,188.52
2026-04-10 18:37:00+00:00,188.585
2026-04-10 18:38:00+00:00,188.645
2026-04-10 18:39:00+00:00,188.635
2026-04-10 18:40:00+00:00,188.72
2026-04-10 18:41:00+00:00,188.63
2026-04-10 18:42:00+00:00,188.6
2026-04-10 18:43:00+00:00,188.64
2026-04-10 18:44:00+00:00,188.635
2026-04-10 18:45:00+00:00,188.655
2026-04-10 18:46:00+00:00,188.74
2026-04-10 18:47:00+00:00,188.73
2026-04-10 18:48:00+00:00,188.765
2026-04-10 18:49:00+00:00,188.765
2026-04-10 18:50:00+00:00,188.85
2026-04-10 18:51:00+00:00,188.795
2026-04-10 18:52:00+00:00,188.875
2026-04-10 18:53:00+00:00,188.85
2026-04-10 18:54:00+00:00,188.82
2026-04-10 18:55:00+00:00,188.835
2026-04-10 18:56:00+00:00,188.84
2026-04-10 18:57:00+00:00,188.905
2026-04-10 18:58:00+00:00,188.77
2026-04-10 18:59:00+00:00,188.785
2026-04-10 19:00:00+00:00,188.825
2026-04-10 19:01:00+00:00,188.87
2026-04-10 19:02:00+00:00,189.0
2026-04-10 19:03:00+00:00,189.005
2026-04-10 19:04:00+00:00,189.13
2026-04-10 19:05:00+00:00,189.225
2026-04-10 19:06:00+00:00,189.305
2026-04-10 19:07:00+00:00,189.19
2026-04-10 19:08:00+00:00,189.24
2026-04-10 19:09:00+00:00,189.225
2026-04-10 19:10:00+00:00,189.3
2026-04-10 19:11:00+00:00,189.425
2026-04-10 19:12:00+00:00,189.49
2026-04-10 19:13:00+00:00,189.47
2026-04-10 19:14:00+00:00,189.425
2026-04-10 19:15:00+00:00,189.19
2026-04-10 19:16:00+00:00,189.275
2026-04-10 19:17:00+00:00,189.255
2026-04-10 19:18:00+00:00,189.385
2026-04-10 19:19:00+00:00,189.53
2026-04-10 19:20:00+00:00,189.46
2026-04-10 19:21:00+00:00,189.465
2026-04-10 19:22:00+00:00,189.545
2026-04-10 19:23:00+00:00,189.57
2026-04-10 19:24:00+00:00,189.465
2026-04-10 19:25:00+00:00,189.445
2026-04-10 19:26:00+00:00,189.36
2026-04-10 19:27:00+00:00,189.5
2026-04-10 19:28:00+00:00,189.41
2026-04-10 19:29:00+00:00,189.365
2026-04-10 19:30:00+00:00,189.14
2026-04-10 19:31:00+00:00,189.18
2026-04-10 19:32:00+00:00,189.125
2026-04-10 19:33:00+00:00,189.175
2026-04-10 19:34:00+00:00,189.125
2026-04-10 19:35:00+00:00,189.0
2026-04-10 19:36:00+00:00,189.1
2026-04-10 19:37:00+00:00,189.185
2026-04-10 19:38:00+00:00,189.14
2026-04-10 19:39:00+00:00,189.03
2026-04-10 19:40:00+00:00,188.925
2026-04-10 19:41:00+00:00,188.855
2026-04-10 19:42:00+00:00,188.725
2026-04-10 19:43:00+00:00,188.87
2026-04-10 19:44:00+00:00,188.905
2026-04-10 19:45:00+00:00,188.95
2026-04-10 19:46:00+00:00,188.75
2026-04-10 19:47:00+00:00,188.685
2026-04-10 19:48:00+00:00,188.64
2026-04-10 19:49:00+00:00,188.61
2026-04-10 19:50:00+00:00,188.54
2026-04-10 19:51:00+00:00,188.525
2026-04-10 19:52:00+00:00,188.44
2026-04-10 19:53:00+00:00,188.435
2026-04-10 19:54:00+00:00,188.34
2026-04-10 19:55:00+00:00,188.285
2026-04-10 19:56:00+00:00,188.345
2026-04-10 19:57:00+00:00,188.62
2026-04-10 19:58:00+00:00,188.67
2026-04-10 19:59:00+00:00,188.61
2026-04-10 20:01:00+00:00,188.58
2026-04-10 20:04:00+00:00,188.47
2026-04-10 20:53:00+00:00,188.64
2026-04-13 12:37:00+00:00,185.66
2026-04-13 13:30:00+00:00,185.885
2026-04-13 13:31:00+00:00,186.01
2026-04-13 13:32:00+00:00,186.23
2026-04-13 13:33:00+00:00,186.425
2026-04-13 13:34:00+00:00,186.42
2026-04-13 13:35:00+00:00,186.41
2026-04-13 13:36:00+00:00,186.235
2026-04-13 13:37:00+00:00,186.28
2026-04-13 13:38:00+00:00,186.32
2026-04-13 13:39:00+00:00,186.29
2026-04-13 13:40:00+00:00,186.49
2026-04-13 13:41:00+00:00,186.61
2026-04-13 13:42:00+00:00,186.45
2026-04-13 13:43:00+00:00,186.43
2026-04-13 13:44:00+00:00,186.24
2026-04-13 13:45:00+00:00,186.025
2026-04-13 13:46:00+00:00,186.11
2026-04-13 13:47:00+00:00,186.27
2026-04-13 13:48:00+00:00,186.76
2026-04-13 13:49:00+00:00,186.94
2026-04-13 13:50:00+00:00,186.98
2026-04-13 13:51:00+00:00,186.99
2026-04-13 13:52:00+00:00,187.18
2026-04-13 13:53:00+00:00,186.99
2026-04-13 13:54:00+00:00,187.58
2026-04-13 13:55:00+00:00,187.58
2026-04-13 13:56:00+00:00,187.82
2026-04-13 13:57:00+00:00,187.73
2026-04-13 13:58:00+00:00,187.81
2026-04-13 13:59:00+00:00,188.04
2026-04-13 14:00:00+00:00,188.23
2026-04-13 14:01:00+00:00,188.08
2026-04-13 14:02:00+00:00,188.1
2026-04-13 14:03:00+00:00,188.09
2026-04-13 14:04:00+00:00,188.175
2026-04-13 14:05:00+00:00,188.15
2026-04-13 14:06:00+00:00,188.205
2026-04-13 14:07:00+00:00,187.91
2026-04-13 14:08:00+00:00,187.81
2026-04-13 14:09:00+00:00,188.04
2026-04-13 14:10:00+00:00,187.935
2026-04-13 14:11:00+00:00,187.935
2026-04-13 14:12:00+00:00,187.8
2026-04-13 14:13:00+00:00,187.86
2026-04-13 14:14:00+00:00,187.86
2026-04-13 14:15:00+00:00,187.665
2026-04-13 14:16:00+00:00,187.67
2026-04-13 14:17:00+00:00,187.65
2026-04-13 14:18:00+00:00,187.905
2026-04-13 14:19:00+00:00,188.07
2026-04-13 14:20:00+00:00,188.07
2026-04-13 14:21:00+00:00,188.255
2026-04-13 14:22:00+00:00,188.16
2026-04-13 14:23:00+00:00,188.06
2026-04-13 14:24:00+00:00,188.22
2026-04-13 14:25:00+00:00,188.35
2026-04-13 14:26:00+00:00,188.33
2026-04-13 14:27:00+00:00,188.28
2026-04-13 14:28:00+00:00,188.25
2026-04-13 14:29:00+00:00,188.42
2026-04-13 14:30:00+00:00,188.19
2026-04-13 14:31:00+00:00,188.305
2026-04-13 14:32:00+00:00,188.32
2026-04-13 14:33:00+00:00,188.38
2026-04-13 14:34:00+00:00,188.495
2026-04-13 14:35:00+00:00,188.395
2026-04-13 14:36:00+00:00,188.26
2026-04-13 14:37:00+00:00,188.52
2026-04-13 14:38:00+00:00,188.57
2026-04-13 14:39:00+00:00,188.59
2026-04-13 14:40:00+00:00,188.57
2026-04-13 14:41:00+00:00,188.36
2026-04-13 14:42:00+00:00,188.6
2026-04-13 14:43:00+00:00,188.575
2026-04-13 14:44:00+00:00,188.86
2026-04-13 14:45:00+00:00,189.03
2026-04-13 14:46:00+00:00,189.03
2026-04-13 14:47:00+00:00,188.965
2026-04-13 14:48:00+00:00,188.885
2026-04-13 14:49:00+00:00,189.07
2026-04-13 14:50:00+00:00,189.06
2026-04-13 14:51:00+00:00,189.2
2026-04-13 14:52:00+00:00,189.32
2026-04-13 14:53:00+00:00,189.3
2026-04-13 14:54:00+00:00,189.32
2026-04-13 14:55:00+00:00,189.17
2026-04-13 14:56:00+00:00,189.27
2026-04-13 14:57:00+00:00,189.44
2026-04-13 14:58:00+00:00,189.615
2026-04-13 14:59:00+00:00,189.36
2026-04-13 15:00:00+00:00,189.07
2026-04-13 15:01:00+00:00,189.12
2026-04-13 15:02:00+00:00,189.135
2026-04-13 15:03:00+00:00,189.1
2026-04-13 15:04:00+00:00,189.0
2026-04-13 15:05:00+00:00,188.985
2026-04-13 15:06:00+00:00,188.995
2026-04-13 15:07:00+00:00,189.2
2026-04-13 15:08:00+00:00,189.205
2026-04-13 15:09:00+00:00,189.43
2026-04-13 15:10:00+00:00,189.4
2026-04-13 15:11:00+00:00,189.515
2026-04-13 15:12:00+00:00,189.66
2026-04-13 15:13:00+00:00,189.48
2026-04-13 15:14:00+00:00,189.45
2026-04-13 15:15:00+00:00,189.45
2026-04-13 15:16:00+00:00,189.44
2026-04-13 15:17:00+00:00,189.495
2026-04-13 15:18:00+00:00,189.37
2026-04-13 15:19:00+00:00,189.335
2026-04-13 15:20:00+00:00,189.45
2026-04-13 15:21:00+00:00,189.545
2026-04-13 15:22:00+00:00,189.51
2026-04-13 15:23:00+00:00,189.275
2026-04-13 15:24:00+00:00,189.19
2026-04-13 15:25:00+00:00,189.195
2026-04-13 15:26:00+00:00,189.13
2026-04-13 15:27:00+00:00,189.04
2026-04-13 15:28:00+00:00,188.95
2026-04-13 15:29:00+00:00,188.615
2026-04-13 15:30:00+00:00,188.595
2026-04-13 15:31:00+00:00,188.43
2026-04-13 15:32:00+00:00,188.485
2026-04-13 15:33:00+00:00,188.56
2026-04-13 15:34:00+00:00,188.5
2026-04-13 15:35:00+00:00,188.49
2026-04-13 15:36:00+00:00,188.59
2026-04-13 15:37:00+00:00,188.66
2026-04-13 15:38:00+00:00,188.76
2026-04-13 15:39:00+00:00,188.72
2026-04-13 15:40:00+00:00,188.655
2026-04-13 15:41:00+00:00,188.62
2026-04-13 15:42:00+00:00,188.51
2026-04-13 15:43:00+00:00,188.365
2026-04-13 15:44:00+00:00,188.35
2026-04-13 15:45:00+00:00,188.34
2026-04-13 15:46:00+00:00,188.45
2026-04-13 15:47:00+00:00,188.45
2026-04-13 15:48:00+00:00,188.4
2026-04-13 15:49:00+00:00,188.435
2026-04-13 15:50:00+00:00,188.465
2026-04-13 15:51:00+00:00,188.5
2026-04-13 15:52:00+00:00,188.385
2026-04-13 15:53:00+00:00,188.32
2026-04-13 15:54:00+00:00,188.2
2026-04-13 15:55:00+00:00,188.275
2026-04-13 15:56:00+00:00,188.21
2026-04-13 15:57:00+00:00,188.01
2026-04-13 15:58:00+00:00,188.22
2026-04-13 15:59:00+00:00,188.25
2026-04-13 16:00:00+00:00,188.25
2026-04-13 16:01:00+00:00,188.1
2026-04-13 16:02:00+00:00,188.02
2026-04-13 16:03:00+00:00,188.03
2026-04-13 16:04:00+00:00,188.085
2026-04-13 16:05:00+00:00,187.95
2026-04-13 16:06:00+00:00,188.22
2026-04-13 16:07:00+00:00,188.17
2026-04-13 16:08:00+00:00,188.24
2026-04-13 16:09:00+00:00,188.26
2026-04-13 16:10:00+00:00,188.24
2026-04-13 16:11:00+00:00,188.35
2026-04-13 16:12:00+00:00,188.23
2026-04-13 16:13:00+00:00,188.105
2026-04-13 16:14:00+00:00,188.19
2026-04-13 16:15:00+00:00,187.95
2026-04-13 16:16:00+00:00,188.005
2026-04-13 16:17:00+00:00,188.08
2026-04-13 16:18:00+00:00,188.2
2026-04-13 16:19:00+00:00,188.2
2026-04-13 16:20:00+00:00,188.19
2026-04-13 16:21:00+00:00,188.25
2026-04-13 16:22:00+00:00,188.31
2026-04-13 16:23:00+00:00,188.33
2026-04-13 16:24:00+00:00,188.39
2026-04-13 16:25:00+00:00,188.32
2026-04-13 16:26:00+00:00,188.24
2026-04-13 16:27:00+00:00,188.31
2026-04-13 16:28:00+00:00,188.37
2026-04-13 16:29:00+00:00,188.43
2026-04-13 16:30:00+00:00,188.25
2026-04-13 16:31:00+00:00,188.25
2026-04-13 16:32:00+00:00,188.01
2026-04-13 16:33:00+00:00,188.1
2026-04-13 16:34:00+00:00,188.18
2026-04-13 16:35:00+00:00,188.31
2026-04-13 16:36:00+00:00,188.21
2026-04-13 16:37:00+00:00,188.19
2026-04-13 16:38:00+00:00,188.18
2026-04-13 16:39:00+00:00,188.19
2026-04-13 16:40:00+00:00,188.275
2026-04-13 16:41:00+00:00,188.02
2026-04-13 16:42:00+00:00,187.935
2026-04-13 16:43:00+00:00,188.21
2026-04-13 16:44:00+00:00,188.215
2026-04-13 16:45:00+00:00,188.2
2026-04-13 16:46:00+00:00,188.175
2026-04-13 16:47:00+00:00,188.38
2026-04-13 16:48:00+00:00,188.29
2026-04-13 16:49:00+00:00,188.205
2026-04-13 16:50:00+00:00,188.385
2026-04-13 16:51:00+00:00,188.33
2026-04-13 16:52:00+00:00,188.21
2026-04-13 16:53:00+00:00,188.085
2026-04-13 16:54:00+00:00,188.22
2026-04-13 16:55:00+00:00,188.14
2026-04-13 16:56:00+00:00,188.185
2026-04-13 16:57:00+00:00,188.185
2026-04-13 16:58:00+00:00,188.32
2026-04-13 16:59:00+00:00,188.345
2026-04-13 17:00:00+00:00,188.39
2026-04-13 17:01:00+00:00,188.555
2026-04-13 17:02:00+00:00,188.59
2026-04-13 17:03:00+00:00,188.45
2026-04-13 17:04:00+00:00,188.43
2026-04-13 17:05:00+00:00,188.46
2026-04-13 17:06:00+00:00,188.3
2026-04-13 17:07:00+00:00,188.315
2026-04-13 17:08:00+00:00,188.23
2026-04-13 17:09:00+00:00,188.2
2026-04-13 17:10:00+00:00,188.27
2026-04-13 17:11:00+00:00,188.25
2026-04-13 17:12:00+00:00,188.32
2026-04-13 17:13:00+00:00,188.275
2026-04-13 17:14:00+00:00,188.31
2026-04-13 17:15:00+00:00,188.255
2026-04-13 17:16:00+00:00,188.32
2026-04-13 17:17:00+00:00,188.295
2026-04-13 17:18:00+00:00,188.41
2026-04-13 17:19:00+00:00,188.36
2026-04-13 17:20:00+00:00,188.305
2026-04-13 17:21:00+00:00,188.38
2026-04-13 17:22:00+00:00,188.325
2026-04-13 17:23:00+00:00,188.325
2026-04-13 17:24:00+00:00,188.245
2026-04-13 17:25:00+00:00,188.265
2026-04-13 17:26:00+00:00,188.315
2026-04-13 17:27:00+00:00,188.31
2026-04-13 17:28:00+00:00,188.265
2026-04-13 17:29:00+00:00,188.19
2026-04-13 17:30:00+00:00,188.27
2026-04-13 17:31:00+00:00,188.25
2026-04-13 17:32:00+00:00,188.18
2026-04-13 17:33:00+00:00,188.08
2026-04-13 17:34:00+00:00,188.065
2026-04-13 17:35:00+00:00,188.04
2026-04-13 17:36:00+00:00,188.045
2026-04-13 17:37:00+00:00,188.145
2026-04-13 17:38:00+00:00,188.19
2026-04-13 17:39:00+00:00,188.16
2026-04-13 17:40:00+00:00,188.175
2026-04-13 17:41:00+00:00,188.365
2026-04-13 17:42:00+00:00,188.36
2026-04-13 17:43:00+00:00,188.3
2026-04-13 17:44:00+00:00,188.25
2026-04-13 17:45:00+00:00,188.14
2026-04-13 17:46:00+00:00,188.16
2026-04-13 17:47:00+00:00,188.165
2026-04-13 17:48:00+00:00,188.255
2026-04-13 17:49:00+00:00,188.175
2026-04-13 17:50:00+00:00,188.06
2026-04-13 17:51:00+00:00,188.11
2026-04-13 17:52:00+00:00,188.09
2026-04-13 17:53:00+00:00,188.18
2026-04-13 17:54:00+00:00,188.185
2026-04-13 17:55:00+00:00,188.265
2026-04-13 17:56:00+00:00,188.235
2026-04-13 17:57:00+00:00,188.245
2026-04-13 17:58:00+00:00,188.17
2026-04-13 17:59:00+00:00,188.095
2026-04-13 18:00:00+00:00,188.17
2026-04-13 18:01:00+00:00,188.125
2026-04-13 18:02:00+00:00,188.17
2026-04-13 18:03:00+00:00,188.23
2026-04-13 18:04:00+00:00,188.205
2026-04-13 18:05:00+00:00,188.21
2026-04-13 18:06:00+00:00,188.18
2026-04-13 18:07:00+00:00,188.185
2026-04-13 18:08:00+00:00,188.17
2026-04-13 18:09:00+00:00,188.22
2026-04-13 18:10:00+00:00,188.19
2026-04-13 18:11:00+00:00,188.17
2026-04-13 18:12:00+00:00,188.16
2026-04-13 18:13:00+00:00,188.12
2026-04-13 18:14:00+00:00,188.095
2026-04-13 18:15:00+00:00,188.05
2026-04-13 18:16:00+00:00,188.1
2026-04-13 18:17:00+00:00,188.075
2026-04-13 18:18:00+00:00,188.045
2026-04-13 18:19:00+00:00,188.11
2026-04-13 18:20:00+00:00,188.105
2026-04-13 18:21:00+00:00,188.125
2026-04-13 18:22:00+00:00,188.11
2026-04-13 18:23:00+00:00,188.085
2026-04-13 18:24:00+00:00,188.045
2026-04-13 18:25:00+00:00,188.07
2026-04-13 18:26:00+00:00,188.07
2026-04-13 18:27:00+00:00,188.03
2026-04-13 18:28:00+00:00,188.14
2026-04-13 18:29:00+00:00,188.015
2026-04-13 18:30:00+00:00,188.045
2026-04-13 18:31:00+00:00,188.08
2026-04-13 18:32:00+00:00,188.055
2026-04-13 18:33:00+00:00,188.055
2026-04-13 18:34:00+00:00,188.1
2026-04-13 18:35:00+00:00,188.1
2026-04-13 18:36:00+00:00,188.15
2026-04-13 18:37:00+00:00,188.195
2026-04-13 18:38:00+00:00,188.165
2026-04-13 18:39:00+00:00,188.185
2026-04-13 18:40:00+00:00,188.16
2026-04-13 18:41:00+00:00,188.17
2026-04-13 18:42:00+00:00,188.19
2026-04-13 18:43:00+00:00,188.26
2026-04-13 18:44:00+00:00,188.195
2026-04-13 18:45:00+00:00,188.365
2026-04-13 18:46:00+00:00,188.335
2026-04-13 18:47:00+00:00,188.295
2026-04-13 18:48:00+00:00,188.28
2026-04-13 18:49:00+00:00,188.315
2026-04-13 18:50:00+00:00,188.315
2026-04-13 18:51:00+00:00,188.345
2026-04-13 18:52:00+00:00,188.44
2026-04-13 18:53:00+00:00,188.475
2026-04-13 18:54:00+00:00,188.58
2026-04-13 18:55:00+00:00,188.69
2026-04-13 18:56:00+00:00,188.645
2026-04-13 18:57:00+00:00,188.575
2026-04-13 18:58:00+00:00,188.55
2026-04-13 18:59:00+00:00,188.545
2026-04-13 19:00:00+00:00,188.58
2026-04-13 19:01:00+00:00,188.645
2026-04-13 19:02:00+00:00,188.62
2026-04-13 19:03:00+00:00,188.685
2026-04-13 19:04:00+00:00,188.67
2026-04-13 19:05:00+00:00,188.62
2026-04-13 19:06:00+00:00,188.6
2026-04-13 19:07:00+00:00,188.645
2026-04-13 19:08:00+00:00,188.655
2026-04-13 19:09:00+00:00,188.655
2026-04-13 19:10:00+00:00,188.63
2026-04-13 19:11:00+00:00,188.57
2026-04-13 19:12:00+00:00,188.56
2026-04-13 19:13:00+00:00,188.545
2026-04-13 19:14:00+00:00,188.615
2026-04-13 19:15:00+00:00,188.605
2026-04-13 19:16:00+00:00,188.76
2026-04-13 19:17:00+00:00,188.79
2026-04-13 19:18:00+00:00,188.86
2026-04-13 19:19:00+00:00,188.85
2026-04-13 19:20:00+00:00,188.78
2026-04-13 19:21:00+00:00,188.73
2026-04-13 19:22:00+00:00,188.77
2026-04-13 19:23:00+00:00,188.775
2026-04-13 19:24:00+00:00,188.735
2026-04-13 19:25:00+00:00,188.75
2026-04-13 19:26:00+00:00,188.72
2026-04-13 19:27:00+00:00,188.72
2026-04-13 19:28:00+00:00,188.705
2026-04-13 19:29:00+00:00,188.705
2026-04-13 19:30:00+00:00,188.655
2026-04-13 19:31:00+00:00,188.81
2026-04-13 19:32:00+00:00,188.905
2026-04-13 19:33:00+00:00,188.96
2026-04-13 19:34:00+00:00,188.85
2026-04-13 19:35:00+00:00,188.83
2026-04-13 19:36:00+00:00,188.865
2026-04-13 19:37:00+00:00,188.745
2026-04-13 19:38:00+00:00,188.675
2026-04-13 19:39:00+00:00,188.6
2026-04-13 19:40:00+00:00,188.59
2026-04-13 19:41:00+00:00,188.605
2026-04-13 19:42:00+00:00,188.63
2026-04-13 19:43:00+00:00,188.6
2026-04-13 19:44:00+00:00,188.68
2026-04-13 19:45:00+00:00,188.67
2026-04-13 19:46:00+00:00,188.675
2026-04-13 19:47:00+00:00,188.67
2026-04-13 19:48:00+00:00,188.705
2026-04-13 19:49:00+00:00,188.815
2026-04-13 19:50:00+00:00,189.31
2026-04-13 19:51:00+00:00,189.425
2026-04-13 19:52:00+00:00,189.355
2026-04-13 19:53:00+00:00,189.355
2026-04-13 19:54:00+00:00,189.39
2026-04-13 19:55:00+00:00,189.25
2026-04-13 19:56:00+00:00,189.315
2026-04-13 19:57:00+00:00,189.305
2026-04-13 19:58:00+00:00,189.18
2026-04-13 19:59:00+00:00,189.24
2026-04-13 20:05:00+00:00,189.33
2026-04-13 20:06:00+00:00,189.49
2026-04-14 12:47:00+00:00,190.44
2026-04-14 13:30:00+00:00,192.35
2026-04-14 13:31:00+00:00,192.665
2026-04-14 13:32:00+00:00,193.18
2026-04-14 13:33:00+00:00,192.38
2026-04-14 13:34:00+00:00,192.21
2026-04-14 13:35:00+00:00,191.95
2026-04-14 13:36:00+00:00,191.585
2026-04-14 13:37:00+00:00,191.6
2026-04-14 13:38:00+00:00,191.38
2026-04-14 13:39:00+00:00,190.83
2026-04-14 13:40:00+00:00,191.325
2026-04-14 13:41:00+00:00,191.47
2026-04-14 13:42:00+00:00,191.67
2026-04-14 13:43:00+00:00,192.005
2026-04-14 13:44:00+00:00,192.28
2026-04-14 13:45:00+00:00,192.74
2026-04-14 13:46:00+00:00,192.58
2026-04-14 13:47:00+00:00,192.45
2026-04-14 13:48:00+00:00,192.52
2026-04-14 13:49:00+00:00,192.8
2026-04-14 13:50:00+00:00,192.9
2026-04-14 13:51:00+00:00,193.05
2026-04-14 13:52:00+00:00,193.05
2026-04-14 13:53:00+00:00,192.89
2026-04-14 13:54:00+00:00,192.82
2026-04-14 13:55:00+00:00,192.63
2026-04-14 13:56:00+00:00,192.79
2026-04-14 13:57:00+00:00,192.46
2026-04-14 13:58:00+00:00,192.37
2026-04-14 13:59:00+00:00,192.245
2026-04-14 14:00:00+00:00,191.855
2026-04-14 14:01:00+00:00,192.14
2026-04-14 14:02:00+00:00,191.705
2026-04-14 14:03:00+00:00,191.585
2026-04-14 14:04:00+00:00,191.59
2026-04-14 14:05:00+00:00,191.88
2026-04-14 14:06:00+00:00,191.835
2026-04-14 14:07:00+00:00,191.9
2026-04-14 14:08:00+00:00,191.79
2026-04-14 14:09:00+00:00,191.975
2026-04-14 14:10:00+00:00,191.985
2026-04-14 14:11:00+00:00,192.11
2026-04-14 14:12:00+00:00,191.975
2026-04-14 14:13:00+00:00,192.24
2026-04-14 14:14:00+00:00,192.44
2026-04-14 14:15:00+00:00,192.4
2026-04-14 14:16:00+00:00,192.51
2026-04-14 14:17:00+00:00,192.48
2026-04-14 14:18:00+00:00,192.405
2026-04-14 14:19:00+00:00,192.305
2026-04-14 14:20:00+00:00,192.455
2026-04-14 14:21:00+00:00,192.535
2026-04-14 14:22:00+00:00,192.57
2026-04-14 14:23:00+00:00,192.55
2026-04-14 14:24:00+00:00,192.695
2026-04-14 14:25:00+00:00,192.565
2026-04-14 14:26:00+00:00,192.67
2026-04-14 14:27:00+00:00,192.75
2026-04-14 14:28:00+00:00,192.98
2026-04-14 14:29:00+00:00,192.895
2026-04-14 14:30:00+00:00,192.865
2026-04-14 14:31:00+00:00,192.755
2026-04-14 14:32:00+00:00,192.735
2026-04-14 14:33:00+00:00,192.75
2026-04-14 14:34:00+00:00,192.83
2026-04-14 14:35:00+00:00,193.1
2026-04-14 14:36:00+00:00,193.105
2026-04-14 14:37:00+00:00,193.38
2026-04-14 14:38:00+00:00,193.185
2026-04-14 14:39:00+00:00,193.13
2026-04-14 14:40:00+00:00,192.975
2026-04-14 14:41:00+00:00,193.18
2026-04-14 14:42:00+00:00,193.195
2026-04-14 14:43:00+00:00,193.245
2026-04-14 14:44:00+00:00,193.105
2026-04-14 14:45:00+00:00,193.085
2026-04-14 14:46:00+00:00,193.115
2026-04-14 14:47:00+00:00,193.2
2026-04-14 14:48:00+00:00,193.19
2026-04-14 14:49:00+00:00,193.295
2026-04-14 14:50:00+00:00,193.2
2026-04-14 14:51:00+00:00,193.17
2026-04-14 14:52:00+00:00,193.35
2026-04-14 14:53:00+00:00,193.37
2026-04-14 14:54:00+00:00,193.335
2026-04-14 14:55:00+00:00,193.31
2026-04-14 14:56:00+00:00,193.29
2026-04-14 14:57:00+00:00,193.28
2026-04-14 14:58:00+00:00,193.29
2026-04-14 14:59:00+00:00,193.32
2026-04-14 15:00:00+00:00,193.16
2026-04-14 15:01:00+00:00,193.23
2026-04-14 15:02:00+00:00,193.155
2026-04-14 15:03:00+00:00,193.1
2026-04-14 15:04:00+00:00,192.995
2026-04-14 15:05:00+00:00,192.83
2026-04-14 15:06:00+00:00,192.74
2026-04-14 15:07:00+00:00,192.83
2026-04-14 15:08:00+00:00,192.87
2026-04-14 15:09:00+00:00,192.71
2026-04-14 15:10:00+00:00,192.86
2026-04-14 15:11:00+00:00,193.035
2026-04-14 15:12:00+00:00,193.19
2026-04-14 15:13:00+00:00,193.18
2026-04-14 15:14:00+00:00,193.105
2026-04-14 15:15:00+00:00,193.15
2026-04-14 15:16:00+00:00,193.22
2026-04-14 15:17:00+00:00,193.03
2026-04-14 15:18:00+00:00,193.015
2026-04-14 15:19:00+00:00,193.155
2026-04-14 15:20:00+00:00,193.35
2026-04-14 15:21:00+00:00,193.375
2026-04-14 15:22:00+00:00,193.55
2026-04-14 15:23:00+00:00,193.57
2026-04-14 15:24:00+00:00,193.56
2026-04-14 15:25:00+00:00,193.535
2026-04-14 15:26:00+00:00,193.715
2026-04-14 15:27:00+00:00,193.59
2026-04-14 15:28:00+00:00,193.55
2026-04-14 15:29:00+00:00,193.435
2026-04-14 15:30:00+00:00,193.48
2026-04-14 15:31:00+00:00,193.445
2026-04-14 15:32:00+00:00,193.395
2026-04-14 15:33:00+00:00,193.33
2026-04-14 15:34:00+00:00,193.37
2026-04-14 15:35:00+00:00,193.425
2026-04-14 15:36:00+00:00,193.455
2026-04-14 15:37:00+00:00,193.54
2026-04-14 15:38:00+00:00,193.685
2026-04-14 15:39:00+00:00,193.805
2026-04-14 15:40:00+00:00,193.84
2026-04-14 15:41:00+00:00,193.82
2026-04-14 15:42:00+00:00,193.87
2026-04-14 15:43:00+00:00,194.055
2026-04-14 15:44:00+00:00,193.9
2026-04-14 15:45:00+00:00,193.88
2026-04-14 15:46:00+00:00,194.195
2026-04-14 15:47:00+00:00,194.11
2026-04-14 15:48:00+00:00,194.21
2026-04-14 15:49:00+00:00,194.155
2026-04-14 15:50:00+00:00,194.305
2026-04-14 15:51:00+00:00,194.3
2026-04-14 15:52:00+00:00,194.25
2026-04-14 15:53:00+00:00,194.25
2026-04-14 15:54:00+00:00,194.29
2026-04-14 15:55:00+00:00,194.23
2026-04-14 15:56:00+00:00,194.22
2026-04-14 15:57:00+00:00,194.165
2026-04-14 15:58:00+00:00,194.115
2026-04-14 15:59:00+00:00,194.02
2026-04-14 16:00:00+00:00,194.08
2026-04-14 16:01:00+00:00,194.08
2026-04-14 16:02:00+00:00,194.21
2026-04-14 16:03:00+00:00,194.23
2026-04-14 16:04:00+00:00,194.2
2026-04-14 16:05:00+00:00,194.235
2026-04-14 16:06:00+00:00,194.23
2026-04-14 16:07:00+00:00,194.48
2026-04-14 16:08:00+00:00,194.505
2026-04-14 16:09:00+00:00,194.57
2026-04-14 16:10:00+00:00,194.525
2026-04-14 16:11:00+00:00,194.515
2026-04-14 16:12:00+00:00,194.505
2026-04-14 16:13:00+00:00,194.515
2026-04-14 16:14:00+00:00,194.53
2026-04-14 16:15:00+00:00,194.575
2026-04-14 16:16:00+00:00,194.56
2026-04-14 16:17:00+00:00,194.65
2026-04-14 16:18:00+00:00,194.72
2026-04-14 16:19:00+00:00,194.705
2026-04-14 16:20:00+00:00,194.79
2026-04-14 16:21:00+00:00,194.77
2026-04-14 16:22:00+00:00,194.805
2026-04-14 16:23:00+00:00,194.82
2026-04-14 16:24:00+00:00,194.805
2026-04-14 16:25:00+00:00,194.805
2026-04-14 16:26:00+00:00,194.835
2026-04-14 16:27:00+00:00,194.9
2026-04-14 16:28:00+00:00,194.895
2026-04-14 16:29:00+00:00,194.795
2026-04-14 16:30:00+00:00,194.86
2026-04-14 16:31:00+00:00,194.74
2026-04-14 16:32:00+00:00,194.69
2026-04-14 16:33:00+00:00,194.675
2026-04-14 16:34:00+00:00,194.57
2026-04-14 16:35:00+00:00,194.58
2026-04-14 16:36:00+00:00,194.59
2026-04-14 16:37:00+00:00,194.75
2026-04-14 16:38:00+00:00,194.755
2026-04-14 16:39:00+00:00,194.795
2026-04-14 16:40:00+00:00,194.73
2026-04-14 16:41:00+00:00,194.715
2026-04-14 16:42:00+00:00,194.72
2026-04-14 16:43:00+00:00,194.73
2026-04-14 16:44:00+00:00,194.69
2026-04-14 16:45:00+00:00,194.62
2026-04-14 16:46:00+00:00,194.595
2026-04-14 16:47:00+00:00,194.645
2026-04-14 16:48:00+00:00,194.59
2026-04-14 16:49:00+00:00,194.795
2026-04-14 16:50:00+00:00,194.7
2026-04-14 16:51:00+00:00,194.685
2026-04-14 16:52:00+00:00,194.64
2026-04-14 16:53:00+00:00,194.61
2026-04-14 16:54:00+00:00,194.625
2026-04-14 16:55:00+00:00,194.585
2026-04-14 16:56:00+00:00,194.54
2026-04-14 16:57:00+00:00,194.55
2026-04-14 16:58:00+00:00,194.53
2026-04-14 16:59:00+00:00,194.56
2026-04-14 17:00:00+00:00,194.575
2026-04-14 17:01:00+00:00,194.575
2026-04-14 17:02:00+00:00,194.57
2026-04-14 17:03:00+00:00,194.525
2026-04-14 17:04:00+00:00,194.52
2026-04-14 17:05:00+00:00,194.605
2026-04-14 17:06:00+00:00,194.57
2026-04-14 17:07:00+00:00,194.385
2026-04-14 17:08:00+00:00,194.355
2026-04-14 17:09:00+00:00,194.385
2026-04-14 17:10:00+00:00,194.435
2026-04-14 17:11:00+00:00,194.52
2026-04-14 17:12:00+00:00,194.48
2026-04-14 17:13:00+00:00,194.505
2026-04-14 17:14:00+00:00,194.62
2026-04-14 17:15:00+00:00,194.62
2026-04-14 17:16:00+00:00,194.68
2026-04-14 17:17:00+00:00,194.655
2026-04-14 17:18:00+00:00,194.7
2026-04-14 17:19:00+00:00,194.785
2026-04-14 17:20:00+00:00,194.81
2026-04-14 17:21:00+00:00,194.855
2026-04-14 17:22:00+00:00,194.895
2026-04-14 17:23:00+00:00,194.965
2026-04-14 17:24:00+00:00,194.91
2026-04-14 17:25:00+00:00,194.85
2026-04-14 17:26:00+00:00,194.82
2026-04-14 17:27:00+00:00,194.805
2026-04-14 17:28:00+00:00,194.765
2026-04-14 17:29:00+00:00,194.715
2026-04-14 17:30:00+00:00,194.775
2026-04-14 17:31:00+00:00,194.71
2026-04-14 17:32:00+00:00,194.72
2026-04-14 17:33:00+00:00,194.73
2026-04-14 17:34:00+00:00,194.745
2026-04-14 17:35:00+00:00,194.77
2026-04-14 17:36:00+00:00,194.68
2026-04-14 17:37:00+00:00,194.775
2026-04-14 17:38:00+00:00,194.785
2026-04-14 17:39:00+00:00,194.845
2026-04-14 17:40:00+00:00,194.815
2026-04-14 17:41:00+00:00,194.8
2026-04-14 17:42:00+00:00,194.825
2026-04-14 17:43:00+00:00,194.795
2026-04-14 17:44:00+00:00,194.8
2026-04-14 17:45:00+00:00,194.77
2026-04-14 17:46:00+00:00,194.805
2026-04-14 17:47:00+00:00,194.735
2026-04-14 17:48:00+00:00,194.785
2026-04-14 17:49:00+00:00,194.745
2026-04-14 17:50:00+00:00,194.79
2026-04-14 17:51:00+00:00,194.81
2026-04-14 17:52:00+00:00,194.81
2026-04-14 17:53:00+00:00,194.75
2026-04-14 17:54:00+00:00,194.805
2026-04-14 17:55:00+00:00,194.81
2026-04-14 17:56:00+00:00,194.785
2026-04-14 17:57:00+00:00,194.75
2026-04-14 17:58:00+00:00,194.755
2026-04-14 17:59:00+00:00,194.785
2026-04-14 18:00:00+00:00,194.85
2026-04-14 18:01:00+00:00,194.835
2026-04-14 18:02:00+00:00,194.825
2026-04-14 18:03:00+00:00,194.785
2026-04-14 18:04:00+00:00,194.76
2026-04-14 18:05:00+00:00,194.81
2026-04-14 18:06:00+00:00,194.775
2026-04-14 18:07:00+00:00,194.8
2026-04-14 18:08:00+00:00,194.85
2026-04-14 18:09:00+00:00,194.845
2026-04-14 18:10:00+00:00,194.815
2026-04-14 18:11:00+00:00,194.805
2026-04-14 18:12:00+00:00,194.855
2026-04-14 18:13:00+00:00,194.875
2026-04-14 18:14:00+00:00,194.865
2026-04-14 18:15:00+00:00,194.785
2026-04-14 18:16:00+00:00,194.72
2026-04-14 18:17:00+00:00,194.705
2026-04-14 18:18:00+00:00,194.665
2026-04-14 18:19:00+00:00,194.6
2026-04-14 18:20:00+00:00,194.61
2026-04-14 18:21:00+00:00,194.51
2026-04-14 18:22:00+00:00,194.595
2026-04-14 18:23:00+00:00,194.495
2026-04-14 18:24:00+00:00,194.46
2026-04-14 18:25:00+00:00,194.54
2026-04-14 18:26:00+00:00,194.61
2026-04-14 18:27:00+00:00,194.665
2026-04-14 18:28:00+00:00,194.625
2026-04-14 18:29:00+00:00,194.58
2026-04-14 18:30:00+00:00,194.625
2026-04-14 18:31:00+00:00,194.645
2026-04-14 18:32:00+00:00,194.715
2026-04-14 18:33:00+00:00,194.69
2026-04-14 18:34:00+00:00,194.7
2026-04-14 18:35:00+00:00,194.705
2026-04-14 18:36:00+00:00,194.73
2026-04-14 18:37:00+00:00,194.84
2026-04-14 18:38:00+00:00,194.83
2026-04-14 18:39:00+00:00,194.85
2026-04-14 18:40:00+00:00,194.94
2026-04-14 18:41:00+00:00,194.885
2026-04-14 18:42:00+00:00,194.77
2026-04-14 18:43:00+00:00,194.755
2026-04-14 18:44:00+00:00,194.7
2026-04-14 18:45:00+00:00,194.75
2026-04-14 18:46:00+00:00,194.72
2026-04-14 18:47:00+00:00,194.7
2026-04-14 18:48:00+00:00,194.695
2026-04-14 18:49:00+00:00,194.74
2026-04-14 18:50:00+00:00,194.745
2026-04-14 18:51:00+00:00,194.775
2026-04-14 18:52:00+00:00,194.82
2026-04-14 18:53:00+00:00,194.82
2026-04-14 18:54:00+00:00,194.785
2026-04-14 18:55:00+00:00,194.78
2026-04-14 18:56:00+00:00,194.8
2026-04-14 18:57:00+00:00,194.86
2026-04-14 18:58:00+00:00,194.865
2026-04-14 18:59:00+00:00,194.94
2026-04-14 19:00:00+00:00,194.985
2026-04-14 19:01:00+00:00,194.985
2026-04-14 19:02:00+00:00,194.985
2026-04-14 19:03:00+00:00,195.325
2026-04-14 19:04:00+00:00,195.545
2026-04-14 19:05:00+00:00,195.65
2026-04-14 19:06:00+00:00,195.63
2026-04-14 19:07:00+00:00,195.72
2026-04-14 19:08:00+00:00,195.87
2026-04-14 19:09:00+00:00,195.87
2026-04-14 19:10:00+00:00,195.92
2026-04-14 19:11:00+00:00,196.08
2026-04-14 19:12:00+00:00,196.16
2026-04-14 19:13:00+00:00,196.0
2026-04-14 19:14:00+00:00,196.105
2026-04-14 19:15:00+00:00,196.125
2026-04-14 19:16:00+00:00,196.305
2026-04-14 19:17:00+00:00,196.19
2026-04-14 19:18:00+00:00,196.175
2026-04-14 19:19:00+00:00,196.145
2026-04-14 19:20:00+00:00,196.155
2026-04-14 19:21:00+00:00,196.255
2026-04-14 19:22:00+00:00,196.23
2026-04-14 19:23:00+00:00,196.16
2026-04-14 19:24:00+00:00,196.205
2026-04-14 19:25:00+00:00,196.235
2026-04-14 19:26:00+00:00,196.26
2026-04-14 19:27:00+00:00,196.21
2026-04-14 19:28:00+00:00,196.21
2026-04-14 19:29:00+00:00,196.22
2026-04-14 19:30:00+00:00,196.165
2026-04-14 19:31:00+00:00,196.255
2026-04-14 19:32:00+00:00,196.24
2026-04-14 19:33:00+00:00,196.25
2026-04-14 19:34:00+00:00,196.075
2026-04-14 19:35:00+00:00,195.945
2026-04-14 19:36:00+00:00,196.03
2026-04-14 19:37:00+00:00,196.095
2026-04-14 19:38:00+00:00,196.185
2026-04-14 19:39:00+00:00,196.26
2026-04-14 19:40:00+00:00,196.2
2026-04-14 19:41:00+00:00,196.07
2026-04-14 19:42:00+00:00,196.01
2026-04-14 19:43:00+00:00,196.01
2026-04-14 19:44:00+00:00,195.935
2026-04-14 19:45:00+00:00,195.945
2026-04-14 19:46:00+00:00,195.935
2026-04-14 19:47:00+00:00,195.855
2026-04-14 19:48:00+00:00,195.82
2026-04-14 19:49:00+00:00,195.94
2026-04-14 19:50:00+00:00,195.725
2026-04-14 19:51:00+00:00,195.655
2026-04-14 19:52:00+00:00,195.62
2026-04-14 19:53:00+00:00,195.775
2026-04-14 19:54:00+00:00,195.945
2026-04-14 19:55:00+00:00,196.155
2026-04-14 19:56:00+00:00,196.325
2026-04-14 19:57:00+00:00,196.39
2026-04-14 19:58:00+00:00,196.415
2026-04-14 19:59:00+00:00,196.5
2026-04-14 20:00:00+00:00,196.5
2026-04-14 20:01:00+00:00,196.42
2026-04-14 20:02:00+00:00,196.66
2026-04-14 20:03:00+00:00,196.65
2026-04-14 20:22:00+00:00,196.58
2026-04-14 20:24:00+00:00,196.45
2026-04-14 20:26:00+00:00,196.49
2026-04-15 12:00:00+00:00,195.99
2026-04-15 12:36:00+00:00,195.71
2026-04-15 12:45:00+00:00,195.56
2026-04-15 12:47:00+00:00,195.59
2026-04-15 12:58:00+00:00,195.62
2026-04-15 13:17:00+00:00,195.62
2026-04-15 13:18:00+00:00,195.77
2026-04-15 13:22:00+00:00,195.76
2026-04-15 13:30:00+00:00,196.37
2026-04-15 13:31:00+00:00,197.43
2026-04-15 13:32:00+00:00,197.98
2026-04-15 13:33:00+00:00,198.06
2026-04-15 13:34:00+00:00,198.03
2026-04-15 13:35:00+00:00,198.02
2026-04-15 13:36:00+00:00,197.81
2026-04-15 13:37:00+00:00,197.96
2026-04-15 13:38:00+00:00,197.66
2026-04-15 13:39:00+00:00,197.87
2026-04-15 13:40:00+00:00,197.94
2026-04-15 13:41:00+00:00,197.81
2026-04-15 13:42:00+00:00,197.56
2026-04-15 13:43:00+00:00,197.23
2026-04-15 13:44:00+00:00,196.89
2026-04-15 13:45:00+00:00,197.57
2026-04-15 13:46:00+00:00,197.51
2026-04-15 13:47:00+00:00,197.86
2026-04-15 13:48:00+00:00,197.865
2026-04-15 13:49:00+00:00,198.105
2026-04-15 13:50:00+00:00,198.07
2026-04-15 13:51:00+00:00,198.15
2026-04-15 13:52:00+00:00,198.34
2026-04-15 13:53:00+00:00,198.255
2026-04-15 13:54:00+00:00,197.87
2026-04-15 13:55:00+00:00,197.99
2026-04-15 13:56:00+00:00,197.95
2026-04-15 13:57:00+00:00,198.14
2026-04-15 13:58:00+00:00,198.36
2026-04-15 13:59:00+00:00,198.53
2026-04-15 14:00:00+00:00,198.29
2026-04-15 14:01:00+00:00,198.49
2026-04-15 14:02:00+00:00,198.59
2026-04-15 14:03:00+00:00,198.725
2026-04-15 14:04:00+00:00,198.605
2026-04-15 14:05:00+00:00,198.535
2026-04-15 14:06:00+00:00,198.47
2026-04-15 14:07:00+00:00,198.54
2026-04-15 14:08:00+00:00,198.595
2026-04-15 14:09:00+00:00,198.71
2026-04-15 14:10:00+00:00,198.67
2026-04-15 14:11:00+00:00,198.645
2026-04-15 14:12:00+00:00,198.65
2026-04-15 14:13:00+00:00,198.845
2026-04-15 14:14:00+00:00,198.9
2026-04-15 14:15:00+00:00,199.04
2026-04-15 14:16:00+00:00,198.9
2026-04-15 14:17:00+00:00,199.06
2026-04-15 14:18:00+00:00,198.97
2026-04-15 14:19:00+00:00,198.61
2026-04-15 14:20:00+00:00,198.725
2026-04-15 14:21:00+00:00,198.89
2026-04-15 14:22:00+00:00,199.05
2026-04-15 14:23:00+00:00,199.11
2026-04-15 14:24:00+00:00,199.24
2026-04-15 14:25:00+00:00,199.16
2026-04-15 14:26:00+00:00,199.43
2026-04-15 14:27:00+00:00,199.515
2026-04-15 14:28:00+00:00,199.39
2026-04-15 14:29:00+00:00,199.2
2026-04-15 14:30:00+00:00,199.41
2026-04-15 14:31:00+00:00,199.52
2026-04-15 14:32:00+00:00,199.65
2026-04-15 14:33:00+00:00,199.63
2026-04-15 14:34:00+00:00,199.59
2026-04-15 14:35:00+00:00,199.82
2026-04-15 14:36:00+00:00,199.73
2026-04-15 14:37:00+00:00,199.85
2026-04-15 14:38:00+00:00,199.41
2026-04-15 14:39:00+00:00,199.185
2026-04-15 14:40:00+00:00,199.365
2026-04-15 14:41:00+00:00,199.35
2026-04-15 14:42:00+00:00,199.18
2026-04-15 14:43:00+00:00,199.22
2026-04-15 14:44:00+00:00,199.23
2026-04-15 14:45:00+00:00,199.3
2026-04-15 14:46:00+00:00,199.16
2026-04-15 14:47:00+00:00,199.09
2026-04-15 14:48:00+00:00,199.18
2026-04-15 14:49:00+00:00,199.385
2026-04-15 14:50:00+00:00,199.44
2026-04-15 14:51:00+00:00,199.39
2026-04-15 14:52:00+00:00,199.435
2026-04-15 14:53:00+00:00,199.42
2026-04-15 14:54:00+00:00,199.405
2026-04-15 14:55:00+00:00,199.44
2026-04-15 14:56:00+00:00,199.57
2026-04-15 14:57:00+00:00,199.52
2026-04-15 14:58:00+00:00,199.625
2026-04-15 14:59:00+00:00,199.34
2026-04-15 15:00:00+00:00,199.39
2026-04-15 15:01:00+00:00,199.54
2026-04-15 15:02:00+00:00,199.75
2026-04-15 15:03:00+00:00,199.68
2026-04-15 15:04:00+00:00,199.62
2026-04-15 15:05:00+00:00,199.58
2026-04-15 15:06:00+00:00,199.51
2026-04-15 15:07:00+00:00,199.44
2026-04-15 15:08:00+00:00,199.525
2026-04-15 15:09:00+00:00,199.5
2026-04-15 15:10:00+00:00,199.47
2026-04-15 15:11:00+00:00,199.62
2026-04-15 15:12:00+00:00,199.78
2026-04-15 15:13:00+00:00,199.75
2026-04-15 15:14:00+00:00,199.71
2026-04-15 15:15:00+00:00,199.7
2026-04-15 15:16:00+00:00,199.69
2026-04-15 15:17:00+00:00,199.68
2026-04-15 15:18:00+00:00,199.68
2026-04-15 15:19:00+00:00,199.685
2026-04-15 15:20:00+00:00,199.69
2026-04-15 15:21:00+00:00,199.76
2026-04-15 15:22:00+00:00,199.815
2026-04-15 15:23:00+00:00,199.71
2026-04-15 15:24:00+00:00,199.77
2026-04-15 15:25:00+00:00,199.76
2026-04-15 15:26:00+00:00,199.73
2026-04-15 15:27:00+00:00,199.84
2026-04-15 15:28:00+00:00,199.905
2026-04-15 15:29:00+00:00,199.81
2026-04-15 15:30:00+00:00,199.68
2026-04-15 15:31:00+00:00,199.68
2026-04-15 15:32:00+00:00,199.53
2026-04-15 15:33:00+00:00,199.515
2026-04-15 15:34:00+00:00,199.56
2026-04-15 15:35:00+00:00,199.55
2026-04-15 15:36:00+00:00,199.53
2026-04-15 15:37:00+00:00,199.49
2026-04-15 15:38:00+00:00,199.59
2026-04-15 15:39:00+00:00,199.52
2026-04-15 15:40:00+00:00,199.63
2026-04-15 15:41:00+00:00,199.81
2026-04-15 15:42:00+00:00,199.94
2026-04-15 15:43:00+00:00,199.925
2026-04-15 15:44:00+00:00,199.865
2026-04-15 15:45:00+00:00,199.99
2026-04-15 15:46:00+00:00,199.98
2026-04-15 15:47:00+00:00,199.93
2026-04-15 15:48:00+00:00,200.29
2026-04-15 15:49:00+00:00,199.91
2026-04-15 15:50:00+00:00,199.7
2026-04-15 15:51:00+00:00,199.59
2026-04-15 15:52:00+00:00,199.93
2026-04-15 15:53:00+00:00,199.8
2026-04-15 15:54:00+00:00,199.76
2026-04-15 15:55:00+00:00,199.76
2026-04-15 15:56:00+00:00,199.59
2026-04-15 15:57:00+00:00,199.55
2026-04-15 15:58:00+00:00,199.69
2026-04-15 15:59:00+00:00,199.685
2026-04-15 16:00:00+00:00,199.49
2026-04-15 16:01:00+00:00,199.38
2026-04-15 16:02:00+00:00,199.46
2026-04-15 16:03:00+00:00,199.57
2026-04-15 16:04:00+00:00,199.4
2026-04-15 16:05:00+00:00,199.45
2026-04-15 16:06:00+00:00,199.4
2026-04-15 16:07:00+00:00,199.575
2026-04-15 16:08:00+00:00,199.675
2026-04-15 16:09:00+00:00,199.69
2026-04-15 16:10:00+00:00,199.53
2026-04-15 16:11:00+00:00,199.66
2026-04-15 16:12:00+00:00,199.64
2026-04-15 16:13:00+00:00,199.64
2026-04-15 16:14:00+00:00,199.53
2026-04-15 16:15:00+00:00,199.365
2026-04-15 16:16:00+00:00,199.185
2026-04-15 16:17:00+00:00,199.27
2026-04-15 16:18:00+00:00,199.435
2026-04-15 16:19:00+00:00,199.48
2026-04-15 16:20:00+00:00,199.63
2026-04-15 16:21:00+00:00,199.655
2026-04-15 16:22:00+00:00,199.585
2026-04-15 16:23:00+00:00,199.69
2026-04-15 16:24:00+00:00,199.58
2026-04-15 16:25:00+00:00,199.4
2026-04-15 16:26:00+00:00,199.535
2026-04-15 16:27:00+00:00,199.495
2026-04-15 16:28:00+00:00,199.39
2026-04-15 16:29:00+00:00,199.12
2026-04-15 16:30:00+00:00,198.75
2026-04-15 16:31:00+00:00,198.755
2026-04-15 16:32:00+00:00,198.52
2026-04-15 16:33:00+00:00,198.46
2026-04-15 16:34:00+00:00,198.48
2026-04-15 16:35:00+00:00,198.67
2026-04-15 16:36:00+00:00,198.57
2026-04-15 16:37:00+00:00,198.47
2026-04-15 16:38:00+00:00,198.5
2026-04-15 16:39:00+00:00,198.28
2026-04-15 16:40:00+00:00,198.01
2026-04-15 16:41:00+00:00,197.65
2026-04-15 16:42:00+00:00,197.87
2026-04-15 16:43:00+00:00,197.785
2026-04-15 16:44:00+00:00,197.76
2026-04-15 16:45:00+00:00,197.64
2026-04-15 16:46:00+00:00,197.33
2026-04-15 16:47:00+00:00,197.325
2026-04-15 16:48:00+00:00,197.41
2026-04-15 16:49:00+00:00,197.47
2026-04-15 16:50:00+00:00,197.64
2026-04-15 16:51:00+00:00,197.29
2026-04-15 16:52:00+00:00,196.82
2026-04-15 16:53:00+00:00,196.88
2026-04-15 16:54:00+00:00,196.67
2026-04-15 16:55:00+00:00,196.48
2026-04-15 16:56:00+00:00,196.32
2026-04-15 16:57:00+00:00,196.735
2026-04-15 16:58:00+00:00,197.02
2026-04-15 16:59:00+00:00,197.07
2026-04-15 17:00:00+00:00,197.18
2026-04-15 17:01:00+00:00,197.04
2026-04-15 17:02:00+00:00,196.98
2026-04-15 17:03:00+00:00,197.02
2026-04-15 17:04:00+00:00,197.1
2026-04-15 17:05:00+00:00,197.29
2026-04-15 17:06:00+00:00,197.41
2026-04-15 17:07:00+00:00,197.515
2026-04-15 17:08:00+00:00,197.39
2026-04-15 17:09:00+00:00,197.31
2026-04-15 17:10:00+00:00,197.225
2026-04-15 17:11:00+00:00,197.225
2026-04-15 17:12:00+00:00,197.16
2026-04-15 17:13:00+00:00,197.235
2026-04-15 17:14:00+00:00,197.295
2026-04-15 17:15:00+00:00,197.42
2026-04-15 17:16:00+00:00,197.35
2026-04-15 17:17:00+00:00,197.32
2026-04-15 17:18:00+00:00,197.24
2026-04-15 17:19:00+00:00,197.225
2026-04-15 17:20:00+00:00,197.13
2026-04-15 17:21:00+00:00,197.135
2026-04-15 17:22:00+00:00,197.065
2026-04-15 17:23:00+00:00,197.075
2026-04-15 17:24:00+00:00,197.19
2026-04-15 17:25:00+00:00,197.205
2026-04-15 17:26:00+00:00,197.22
2026-04-15 17:27:00+00:00,197.11
2026-04-15 17:28:00+00:00,197.08
2026-04-15 17:29:00+00:00,197.0
2026-04-15 17:30:00+00:00,197.2
2026-04-15 17:31:00+00:00,197.25
2026-04-15 17:32:00+00:00,197.33
2026-04-15 17:33:00+00:00,197.4
2026-04-15 17:34:00+00:00,197.495
2026-04-15 17:35:00+00:00,197.525
2026-04-15 17:36:00+00:00,197.69
2026-04-15 17:37:00+00:00,197.54
2026-04-15 17:38:00+00:00,197.51
2026-04-15 17:39:00+00:00,197.435
2026-04-15 17:40:00+00:00,197.22
2026-04-15 17:41:00+00:00,197.16
2026-04-15 17:42:00+00:00,197.09
2026-04-15 17:43:00+00:00,196.99
2026-04-15 17:44:00+00:00,196.8
2026-04-15 17:45:00+00:00,196.92
2026-04-15 17:46:00+00:00,196.86
2026-04-15 17:47:00+00:00,196.87
2026-04-15 17:48:00+00:00,196.895
2026-04-15 17:49:00+00:00,196.93
2026-04-15 17:50:00+00:00,196.855
2026-04-15 17:51:00+00:00,196.85
2026-04-15 17:52:00+00:00,196.88
2026-04-15 17:53:00+00:00,196.905
2026-04-15 17:54:00+00:00,196.615
2026-04-15 17:55:00+00:00,196.51
2026-04-15 17:56:00+00:00,196.655
2026-04-15 17:57:00+00:00,196.54
2026-04-15 17:58:00+00:00,196.33
2026-04-15 17:59:00+00:00,196.23
2026-04-15 18:00:00+00:00,195.9
2026-04-15 18:01:00+00:00,196.11
2026-04-15 18:02:00+00:00,196.44
2026-04-15 18:03:00+00:00,196.57
2026-04-15 18:04:00+00:00,196.36
2026-04-15 18:05:00+00:00,196.21
2026-04-15 18:06:00+00:00,196.65
2026-04-15 18:07:00+00:00,196.305
2026-04-15 18:08:00+00:00,196.5
2026-04-15 18:09:00+00:00,196.53
2026-04-15 18:10:00+00:00,196.42
2026-04-15 18:11:00+00:00,196.58
2026-04-15 18:12:00+00:00,196.785
2026-04-15 18:13:00+00:00,196.91
2026-04-15 18:14:00+00:00,196.85
2026-04-15 18:15:00+00:00,196.84
2026-04-15 18:16:00+00:00,197.0
2026-04-15 18:17:00+00:00,196.885
2026-04-15 18:18:00+00:00,196.61
2026-04-15 18:19:00+00:00,196.795
2026-04-15 18:20:00+00:00,196.73
2026-04-15 18:21:00+00:00,196.805
2026-04-15 18:22:00+00:00,196.89
2026-04-15 18:23:00+00:00,196.89
2026-04-15 18:24:00+00:00,196.9
2026-04-15 18:25:00+00:00,196.8
2026-04-15 18:26:00+00:00,196.9
2026-04-15 18:27:00+00:00,197.055
2026-04-15 18:28:00+00:00,197.04
2026-04-15 18:29:00+00:00,196.95
2026-04-15 18:30:00+00:00,197.01
2026-04-15 18:31:00+00:00,197.07
2026-04-15 18:32:00+00:00,197.01
2026-04-15 18:33:00+00:00,197.15
2026-04-15 18:34:00+00:00,197.3
2026-04-15 18:35:00+00:00,197.39
2026-04-15 18:36:00+00:00,197.46
2026-04-15 18:37:00+00:00,197.47
2026-04-15 18:38:00+00:00,197.36
2026-04-15 18:39:00+00:00,197.34
2026-04-15 18:40:00+00:00,197.26
2026-04-15 18:41:00+00:00,197.23
2026-04-15 18:42:00+00:00,197.22
2026-04-15 18:43:00+00:00,197.315
2026-04-15 18:44:00+00:00,197.31
2026-04-15 18:45:00+00:00,197.315
2026-04-15 18:46:00+00:00,197.24
2026-04-15 18:47:00+00:00,197.29
2026-04-15 18:48:00+00:00,197.3
2026-04-15 18:49:00+00:00,197.37
2026-04-15 18:50:00+00:00,197.35
2026-04-15 18:51:00+00:00,197.47
2026-04-15 18:52:00+00:00,197.37
2026-04-15 18:53:00+00:00,197.25
2026-04-15 18:54:00+00:00,197.43
2026-04-15 18:55:00+00:00,197.4
2026-04-15 18:56:00+00:00,197.405
2026-04-15 18:57:00+00:00,197.41
2026-04-15 18:58:00+00:00,197.335
2026-04-15 18:59:00+00:00,197.315
2026-04-15 19:00:00+00:00,197.29
2026-04-15 19:01:00+00:00,197.17
2026-04-15 19:02:00+00:00,197.21
2026-04-15 19:03:00+00:00,197.315
2026-04-15 19:04:00+00:00,197.37
2026-04-15 19:05:00+00:00,197.42
2026-04-15 19:06:00+00:00,197.565
2026-04-15 19:07:00+00:00,197.685
2026-04-15 19:08:00+00:00,197.61
2026-04-15 19:09:00+00:00,197.64
2026-04-15 19:10:00+00:00,197.72
2026-04-15 19:11:00+00:00,197.72
2026-04-15 19:12:00+00:00,197.7
2026-04-15 19:13:00+00:00,197.71
2026-04-15 19:14:00+00:00,197.58
2026-04-15 19:15:00+00:00,197.61
2026-04-15 19:16:00+00:00,197.8
2026-04-15 19:17:00+00:00,197.84
2026-04-15 19:18:00+00:00,197.89
2026-04-15 19:19:00+00:00,197.85
2026-04-15 19:20:00+00:00,197.845
2026-04-15 19:21:00+00:00,197.805
2026-04-15 19:22:00+00:00,197.945
2026-04-15 19:23:00+00:00,198.05
2026-04-15 19:24:00+00:00,198.045
2026-04-15 19:25:00+00:00,198.11
2026-04-15 19:26:00+00:00,198.09
2026-04-15 19:27:00+00:00,198.2
2026-04-15 19:28:00+00:00,198.215
2026-04-15 19:29:00+00:00,198.23
2026-04-15 19:30:00+00:00,198.27
2026-04-15 19:31:00+00:00,198.07
2026-04-15 19:32:00+00:00,198.19
2026-04-15 19:33:00+00:00,198.21
2026-04-15 19:34:00+00:00,198.27
2026-04-15 19:35:00+00:00,198.34
2026-04-15 19:36:00+00:00,198.405
2026-04-15 19:37:00+00:00,198.445
2026-04-15 19:38:00+00:00,198.42
2026-04-15 19:39:00+00:00,198.43
2026-04-15 19:40:00+00:00,198.215
2026-04-15 19:41:00+00:00,198.24
2026-04-15 19:42:00+00:00,198.205
2026-04-15 19:43:00+00:00,198.28
2026-04-15 19:44:00+00:00,198.23
2026-04-15 19:45:00+00:00,198.07
2026-04-15 19:46:00+00:00,198.28
2026-04-15 19:47:00+00:00,198.34
2026-04-15 19:48:00+00:00,198.36
2026-04-15 19:49:00+00:00,198.21
2026-04-15 19:50:00+00:00,198.57
2026-04-15 19:51:00+00:00,198.565
2026-04-15 19:52:00+00:00,198.69
2026-04-15 19:53:00+00:00,198.73
2026-04-15 19:54:00+00:00,198.735
2026-04-15 19:55:00+00:00,199.04
2026-04-15 19:56:00+00:00,199.095
2026-04-15 19:57:00+00:00,199.015
2026-04-15 19:58:00+00:00,199.09
2026-04-15 19:59:00+00:00,198.85
2026-04-15 20:02:00+00:00,198.47
2026-04-15 20:03:00+00:00,198.51
2026-04-15 20:04:00+00:00,198.29
2026-04-15 20:06:00+00:00,198.4
2026-04-15 20:09:00+00:00,198.46
2026-04-16 12:00:00+00:00,197.81
2026-04-16 12:03:00+00:00,198.17
2026-04-16 12:08:00+00:00,197.84
2026-04-16 12:13:00+00:00,197.77
2026-04-16 12:22:00+00:00,197.94
2026-04-16 12:25:00+00:00,197.78
2026-04-16 12:37:00+00:00,197.72
2026-04-16 12:39:00+00:00,197.6
2026-04-16 12:40:00+00:00,197.58
2026-04-16 12:46:00+00:00,197.54
2026-04-16 12:47:00+00:00,197.44
2026-04-16 12:51:00+00:00,197.55
2026-04-16 12:55:00+00:00,197.52
2026-04-16 13:10:00+00:00,197.75
2026-04-16 13:16:00+00:00,197.75
2026-04-16 13:17:00+00:00,197.69
2026-04-16 13:18:00+00:00,197.66
2026-04-16 13:22:00+00:00,197.69
2026-04-16 13:23:00+00:00,197.51
2026-04-16 13:25:00+00:00,197.7
2026-04-16 13:30:00+00:00,196.425
2026-04-16 13:31:00+00:00,196.28
2026-04-16 13:32:00+00:00,196.525
2026-04-16 13:33:00+00:00,196.94
2026-04-16 13:34:00+00:00,197.33
2026-04-16 13:35:00+00:00,196.83
2026-04-16 13:36:00+00:00,196.83
2026-04-16 13:37:00+00:00,197.21
2026-04-16 13:38:00+00:00,197.345
2026-04-16 13:39:00+00:00,196.915
2026-04-16 13:40:00+00:00,197.415
2026-04-16 13:41:00+00:00,196.74
2026-04-16 13:42:00+00:00,196.575
2026-04-16 13:43:00+00:00,196.75
2026-04-16 13:44:00+00:00,197.13
2026-04-16 13:45:00+00:00,197.24
2026-04-16 13:46:00+00:00,197.04
2026-04-16 13:47:00+00:00,197.16
2026-04-16 13:48:00+00:00,197.13
2026-04-16 13:49:00+00:00,197.265
2026-04-16 13:50:00+00:00,197.1
2026-04-16 13:51:00+00:00,196.6
2026-04-16 13:52:00+00:00,196.49
2026-04-16 13:53:00+00:00,196.325
2026-04-16 13:54:00+00:00,196.05
2026-04-16 13:55:00+00:00,196.41
2026-04-16 13:56:00+00:00,196.73
2026-04-16 13:57:00+00:00,196.59
2026-04-16 13:58:00+00:00,196.73
2026-04-16 13:59:00+00:00,196.71
2026-04-16 14:00:00+00:00,196.665
2026-04-16 14:01:00+00:00,196.59
2026-04-16 14:02:00+00:00,196.88
2026-04-16 14:03:00+00:00,197.2
2026-04-16 14:04:00+00:00,197.355
2026-04-16 14:05:00+00:00,197.38
2026-04-16 14:06:00+00:00,197.5
2026-04-16 14:07:00+00:00,197.63
2026-04-16 14:08:00+00:00,197.46
2026-04-16 14:09:00+00:00,197.45
2026-04-16 14:10:00+00:00,197.42
2026-04-16 14:11:00+00:00,197.35
2026-04-16 14:12:00+00:00,197.49
2026-04-16 14:13:00+00:00,197.53
2026-04-16 14:14:00+00:00,197.38
2026-04-16 14:15:00+00:00,197.34
2026-04-16 14:16:00+00:00,197.23
2026-04-16 14:17:00+00:00,196.995
2026-04-16 14:18:00+00:00,197.25
2026-04-16 14:19:00+00:00,197.335
2026-04-16 14:20:00+00:00,197.375
2026-04-16 14:21:00+00:00,197.55
2026-04-16 14:22:00+00:00,197.34
2026-04-16 14:23:00+00:00,197.18
2026-04-16 14:24:00+00:00,197.39
2026-04-16 14:25:00+00:00,197.33
2026-04-16 14:26:00+00:00,197.5
2026-04-16 14:27:00+00:00,197.56
2026-04-16 14:28:00+00:00,197.68
2026-04-16 14:29:00+00:00,197.38
2026-04-16 14:30:00+00:00,197.51
2026-04-16 14:31:00+00:00,197.49
2026-04-16 14:32:00+00:00,197.505
2026-04-16 14:33:00+00:00,197.58
2026-04-16 14:34:00+00:00,197.715
2026-04-16 14:35:00+00:00,197.67
2026-04-16 14:36:00+00:00,197.74
2026-04-16 14:37:00+00:00,197.795
2026-04-16 14:38:00+00:00,197.84
2026-04-16 14:39:00+00:00,197.84
2026-04-16 14:40:00+00:00,197.79
2026-04-16 14:41:00+00:00,197.64
2026-04-16 14:42:00+00:00,197.59
2026-04-16 14:43:00+00:00,197.755
2026-04-16 14:44:00+00:00,197.84
2026-04-16 14:45:00+00:00,198.015
2026-04-16 14:46:00+00:00,198.01
2026-04-16 14:47:00+00:00,198.24
2026-04-16 14:48:00+00:00,198.3
2026-04-16 14:49:00+00:00,198.345
2026-04-16 14:50:00+00:00,198.21
2026-04-16 14:51:00+00:00,198.34
2026-04-16 14:52:00+00:00,198.17
2026-04-16 14:53:00+00:00,198.29
2026-04-16 14:54:00+00:00,198.52
2026-04-16 14:55:00+00:00,198.41
2026-04-16 14:56:00+00:00,198.42
2026-04-16 14:57:00+00:00,198.61
2026-04-16 14:58:00+00:00,198.695
2026-04-16 14:59:00+00:00,198.675
2026-04-16 15:00:00+00:00,199.06
2026-04-16 15:01:00+00:00,198.92
2026-04-16 15:02:00+00:00,198.96
2026-04-16 15:03:00+00:00,199.21
2026-04-16 15:04:00+00:00,199.29
2026-04-16 15:05:00+00:00,199.275
2026-04-16 15:06:00+00:00,199.245
2026-04-16 15:07:00+00:00,199.37
2026-04-16 15:08:00+00:00,199.52
2026-04-16 15:09:00+00:00,199.595
2026-04-16 15:10:00+00:00,199.755
2026-04-16 15:11:00+00:00,199.705
2026-04-16 15:12:00+00:00,199.45
2026-04-16 15:13:00+00:00,199.28
2026-04-16 15:14:00+00:00,199.335
2026-04-16 15:15:00+00:00,199.48
2026-04-16 15:16:00+00:00,199.395
2026-04-16 15:17:00+00:00,199.395
2026-04-16 15:18:00+00:00,199.36
2026-04-16 15:19:00+00:00,199.18
2026-04-16 15:20:00+00:00,199.38
2026-04-16 15:21:00+00:00,199.51
2026-04-16 15:22:00+00:00,199.58
2026-04-16 15:23:00+00:00,199.495
2026-04-16 15:24:00+00:00,199.56
2026-04-16 15:25:00+00:00,199.55
2026-04-16 15:26:00+00:00,199.6
2026-04-16 15:27:00+00:00,199.535
2026-04-16 15:28:00+00:00,199.48
2026-04-16 15:29:00+00:00,199.02
2026-04-16 15:30:00+00:00,199.17
2026-04-16 15:31:00+00:00,199.15
2026-04-16 15:32:00+00:00,199.01
2026-04-16 15:33:00+00:00,199.15
2026-04-16 15:34:00+00:00,199.225
2026-04-16 15:35:00+00:00,199.235
2026-04-16 15:36:00+00:00,199.41
2026-04-16 15:37:00+00:00,199.545
2026-04-16 15:38:00+00:00,199.52
2026-04-16 15:39:00+00:00,199.34
2026-04-16 15:40:00+00:00,199.2
2026-04-16 15:41:00+00:00,199.14
2026-04-16 15:42:00+00:00,198.97
2026-04-16 15:43:00+00:00,199.07
2026-04-16 15:44:00+00:00,199.11
2026-04-16 15:45:00+00:00,199.07
2026-04-16 15:46:00+00:00,198.86
2026-04-16 15:47:00+00:00,198.785
2026-04-16 15:48:00+00:00,198.58
2026-04-16 15:49:00+00:00,198.5
2026-04-16 15:50:00+00:00,198.6
2026-04-16 15:51:00+00:00,198.82
2026-04-16 15:52:00+00:00,198.815
2026-04-16 15:53:00+00:00,198.685
2026-04-16 15:54:00+00:00,198.66
2026-04-16 15:55:00+00:00,198.89
2026-04-16 15:56:00+00:00,198.98
2026-04-16 15:57:00+00:00,198.985
2026-04-16 15:58:00+00:00,198.995
2026-04-16 15:59:00+00:00,198.99
2026-04-16 16:00:00+00:00,199.07
2026-04-16 16:01:00+00:00,198.895
2026-04-16 16:02:00+00:00,198.72
2026-04-16 16:03:00+00:00,198.815
2026-04-16 16:04:00+00:00,198.76
2026-04-16 16:05:00+00:00,198.67
2026-04-16 16:06:00+00:00,198.72
2026-04-16 16:07:00+00:00,198.83
2026-04-16 16:08:00+00:00,198.885
2026-04-16 16:09:00+00:00,198.83
2026-04-16 16:10:00+00:00,198.88
2026-04-16 16:11:00+00:00,198.88
2026-04-16 16:12:00+00:00,198.82
2026-04-16 16:13:00+00:00,198.895
2026-04-16 16:14:00+00:00,198.96
2026-04-16 16:15:00+00:00,199.085
2026-04-16 16:16:00+00:00,199.045
2026-04-16 16:17:00+00:00,199.165
2026-04-16 16:18:00+00:00,199.17
2026-04-16 16:19:00+00:00,199.18
2026-04-16 16:20:00+00:00,199.05
2026-04-16 16:21:00+00:00,198.86
2026-04-16 16:22:00+00:00,198.885
2026-04-16 16:23:00+00:00,198.74
2026-04-16 16:24:00+00:00,198.775
2026-04-16 16:25:00+00:00,198.84
2026-04-16 16:26:00+00:00,198.86
2026-04-16 16:27:00+00:00,198.87
2026-04-16 16:28:00+00:00,198.86
2026-04-16 16:29:00+00:00,198.605
2026-04-16 16:30:00+00:00,198.57
2026-04-16 16:31:00+00:00,198.34
2026-04-16 16:32:00+00:00,198.33
2026-04-16 16:33:00+00:00,197.86
2026-04-16 16:34:00+00:00,198.18
2026-04-16 16:35:00+00:00,197.98
2026-04-16 16:36:00+00:00,198.28
2026-04-16 16:37:00+00:00,198.22
2026-04-16 16:38:00+00:00,198.545
2026-04-16 16:39:00+00:00,198.64
2026-04-16 16:40:00+00:00,198.695
2026-04-16 16:41:00+00:00,198.5
2026-04-16 16:42:00+00:00,198.46
2026-04-16 16:43:00+00:00,198.375
2026-04-16 16:44:00+00:00,198.55
2026-04-16 16:45:00+00:00,198.545
2026-04-16 16:46:00+00:00,198.72
2026-04-16 16:47:00+00:00,198.795
2026-04-16 16:48:00+00:00,198.73
2026-04-16 16:49:00+00:00,198.645
2026-04-16 16:50:00+00:00,198.725
2026-04-16 16:51:00+00:00,198.745
2026-04-16 16:52:00+00:00,198.545
2026-04-16 16:53:00+00:00,198.51
2026-04-16 16:54:00+00:00,198.44
2026-04-16 16:55:00+00:00,198.51
2026-04-16 16:56:00+00:00,198.575
2026-04-16 16:57:00+00:00,198.56
2026-04-16 16:58:00+00:00,198.505
2026-04-16 16:59:00+00:00,198.33
2026-04-16 17:00:00+00:00,198.45
2026-04-16 17:01:00+00:00,198.39
2026-04-16 17:02:00+00:00,198.315
2026-04-16 17:03:00+00:00,198.35
2026-04-16 17:04:00+00:00,198.32
2026-04-16 17:05:00+00:00,198.015
2026-04-16 17:06:00+00:00,197.965
2026-04-16 17:07:00+00:00,198.105
2026-04-16 17:08:00+00:00,198.11
2026-04-16 17:09:00+00:00,198.21
2026-04-16 17:10:00+00:00,198.35
2026-04-16 17:11:00+00:00,198.295
2026-04-16 17:12:00+00:00,198.17
2026-04-16 17:13:00+00:00,198.075
2026-04-16 17:14:00+00:00,197.905
2026-04-16 17:15:00+00:00,197.81
2026-04-16 17:16:00+00:00,198.0
2026-04-16 17:17:00+00:00,198.14
2026-04-16 17:18:00+00:00,198.06
2026-04-16 17:19:00+00:00,198.115
2026-04-16 17:20:00+00:00,198.155
2026-04-16 17:21:00+00:00,198.155
2026-04-16 17:22:00+00:00,198.055
2026-04-16 17:23:00+00:00,198.2
2026-04-16 17:24:00+00:00,198.415
2026-04-16 17:25:00+00:00,198.48
2026-04-16 17:26:00+00:00,198.495
2026-04-16 17:27:00+00:00,198.485
2026-04-16 17:28:00+00:00,198.43
2026-04-16 17:29:00+00:00,198.405
2026-04-16 17:30:00+00:00,198.31
2026-04-16 17:31:00+00:00,198.48
2026-04-16 17:32:00+00:00,198.44
2026-04-16 17:33:00+00:00,198.425
2026-04-16 17:34:00+00:00,198.29
2026-04-16 17:35:00+00:00,198.165
2026-04-16 17:36:00+00:00,198.205
2026-04-16 17:37:00+00:00,198.18
2026-04-16 17:38:00+00:00,198.245
2026-04-16 17:39:00+00:00,198.335
2026-04-16 17:40:00+00:00,198.495
2026-04-16 17:41:00+00:00,198.495
2026-04-16 17:42:00+00:00,198.58
2026-04-16 17:43:00+00:00,198.645
2026-04-16 17:44:00+00:00,198.69
2026-04-16 17:45:00+00:00,198.58
2026-04-16 17:46:00+00:00,198.65
2026-04-16 17:47:00+00:00,198.675
2026-04-16 17:48:00+00:00,198.67
2026-04-16 17:49:00+00:00,198.685
2026-04-16 17:50:00+00:00,198.625
2026-04-16 17:51:00+00:00,198.545
2026-04-16 17:52:00+00:00,198.595
2026-04-16 17:53:00+00:00,198.64
2026-04-16 17:54:00+00:00,198.505
2026-04-16 17:55:00+00:00,198.285
2026-04-16 17:56:00+00:00,198.255
2026-04-16 17:57:00+00:00,198.2
2026-04-16 17:58:00+00:00,198.025
2026-04-16 17:59:00+00:00,198.205
2026-04-16 18:00:00+00:00,198.23
2026-04-16 18:01:00+00:00,198.26
2026-04-16 18:02:00+00:00,198.26
2026-04-16 18:03:00+00:00,198.19
2026-04-16 18:04:00+00:00,198.1
2026-04-16 18:05:00+00:00,198.07
2026-04-16 18:06:00+00:00,198.13
2026-04-16 18:07:00+00:00,197.96
2026-04-16 18:08:00+00:00,197.8
2026-04-16 18:09:00+00:00,197.58
2026-04-16 18:10:00+00:00,197.63
2026-04-16 18:11:00+00:00,197.85
2026-04-16 18:12:00+00:00,197.885
2026-04-16 18:13:00+00:00,197.9
2026-04-16 18:14:00+00:00,197.945
2026-04-16 18:15:00+00:00,197.965
2026-04-16 18:16:00+00:00,197.86
2026-04-16 18:17:00+00:00,197.83
2026-04-16 18:18:00+00:00,197.85
2026-04-16 18:19:00+00:00,197.965
2026-04-16 18:20:00+00:00,198.03
2026-04-16 18:21:00+00:00,197.945
2026-04-16 18:22:00+00:00,197.78
2026-04-16 18:23:00+00:00,197.66
2026-04-16 18:24:00+00:00,197.665
2026-04-16 18:25:00+00:00,197.7
2026-04-16 18:26:00+00:00,197.555
2026-04-16 18:27:00+00:00,197.45
2026-04-16 18:28:00+00:00,197.455
2026-04-16 18:29:00+00:00,197.495
2026-04-16 18:30:00+00:00,197.7
2026-04-16 18:31:00+00:00,197.75
2026-04-16 18:32:00+00:00,197.82
2026-04-16 18:33:00+00:00,197.8
2026-04-16 18:34:00+00:00,197.81
2026-04-16 18:35:00+00:00,197.895
2026-04-16 18:36:00+00:00,197.95
2026-04-16 18:37:00+00:00,198.0
2026-04-16 18:38:00+00:00,198.02
2026-04-16 18:39:00+00:00,198.06
2026-04-16 18:40:00+00:00,198.13
2026-04-16 18:41:00+00:00,198.22
2026-04-16 18:42:00+00:00,198.095
2026-04-16 18:43:00+00:00,198.12
2026-04-16 18:44:00+00:00,198.195
2026-04-16 18:45:00+00:00,198.27
2026-04-16 18:46:00+00:00,198.36
2026-04-16 18:47:00+00:00,198.315
2026-04-16 18:48:00+00:00,198.22
2026-04-16 18:49:00+00:00,198.2
2026-04-16 18:50:00+00:00,198.17
2026-04-16 18:51:00+00:00,198.175
2026-04-16 18:52:00+00:00,198.285
2026-04-16 18:53:00+00:00,198.34
2026-04-16 18:54:00+00:00,198.255
2026-04-16 18:55:00+00:00,198.205
2026-04-16 18:56:00+00:00,198.235
2026-04-16 18:57:00+00:00,198.125
2026-04-16 18:58:00+00:00,198.095
2026-04-16 18:59:00+00:00,198.115
2026-04-16 19:00:00+00:00,198.155
2026-04-16 19:01:00+00:00,198.265
2026-04-16 19:02:00+00:00,198.22
2026-04-16 19:03:00+00:00,198.275
2026-04-16 19:04:00+00:00,198.3
2026-04-16 19:05:00+00:00,198.31
2026-04-16 19:06:00+00:00,198.23
2026-04-16 19:07:00+00:00,198.18
2026-04-16 19:08:00+00:00,198.22
2026-04-16 19:09:00+00:00,198.1
2026-04-16 19:10:00+00:00,198.13
2026-04-16 19:11:00+00:00,198.07
2026-04-16 19:12:00+00:00,198.125
2026-04-16 19:13:00+00:00,198.155
2026-04-16 19:14:00+00:00,198.22
2026-04-16 19:15:00+00:00,198.265
2026-04-16 19:16:00+00:00,198.25
2026-04-16 19:17:00+00:00,198.25
2026-04-16 19:18:00+00:00,198.275
2026-04-16 19:19:00+00:00,198.25
2026-04-16 19:20:00+00:00,198.315
2026-04-16 19:21:00+00:00,198.335
2026-04-16 19:22:00+00:00,198.295
2026-04-16 19:23:00+00:00,198.06
2026-04-16 19:24:00+00:00,198.175
2026-04-16 19:25:00+00:00,198.21
2026-04-16 19:26:00+00:00,198.195
2026-04-16 19:27:00+00:00,198.245
2026-04-16 19:28:00+00:00,198.28
2026-04-16 19:29:00+00:00,198.12
2026-04-16 19:30:00+00:00,198.215
2026-04-16 19:31:00+00:00,198.44
2026-04-16 19:32:00+00:00,198.335
2026-04-16 19:33:00+00:00,198.31
2026-04-16 19:34:00+00:00,198.305
2026-04-16 19:35:00+00:00,198.595
2026-04-16 19:36:00+00:00,198.49
2026-04-16 19:37:00+00:00,198.505
2026-04-16 19:38:00+00:00,198.485
2026-04-16 19:39:00+00:00,198.495
2026-04-16 19:40:00+00:00,198.425
2026-04-16 19:41:00+00:00,198.51
2026-04-16 19:42:00+00:00,198.5
2026-04-16 19:43:00+00:00,198.5
2026-04-16 19:44:00+00:00,198.285
2026-04-16 19:45:00+00:00,198.39
2026-04-16 19:46:00+00:00,198.275
2026-04-16 19:47:00+00:00,198.265
2026-04-16 19:48:00+00:00,198.335
2026-04-16 19:49:00+00:00,198.375
2026-04-16 19:50:00+00:00,198.445
2026-04-16 19:51:00+00:00,198.31
2026-04-16 19:52:00+00:00,198.325
2026-04-16 19:53:00+00:00,198.205
2026-04-16 19:54:00+00:00,198.2
2026-04-16 19:55:00+00:00,198.185
2026-04-16 19:56:00+00:00,198.29
2026-04-16 19:57:00+00:00,198.44
2026-04-16 19:58:00+00:00,198.43
2026-04-16 19:59:00+00:00,198.26
2026-04-17 12:34:00+00:00,199.43
2026-04-17 12:46:00+00:00,199.31
2026-04-17 12:50:00+00:00,199.88
2026-04-17 12:59:00+00:00,200.66
2026-04-17 13:04:00+00:00,200.81
2026-04-17 13:08:00+00:00,201.32
2026-04-17 13:11:00+00:00,201.23
2026-04-17 13:17:00+00:00,201.16
2026-04-17 13:24:00+00:00,200.83
2026-04-17 13:30:00+00:00,199.84
2026-04-17 13:31:00+00:00,199.99
2026-04-17 13:32:00+00:00,200.0
2026-04-17 13:33:00+00:00,199.38
2026-04-17 13:34:00+00:00,199.83
2026-04-17 13:35:00+00:00,199.965
2026-04-17 13:36:00+00:00,199.815
2026-04-17 13:37:00+00:00,200.345
2026-04-17 13:38:00+00:00,200.27
2026-04-17 13:39:00+00:00,200.585
2026-04-17 13:40:00+00:00,200.255
2026-04-17 13:41:00+00:00,200.28
2026-04-17 13:42:00+00:00,200.15
2026-04-17 13:43:00+00:00,200.21
2026-04-17 13:44:00+00:00,200.455
2026-04-17 13:45:00+00:00,200.75
2026-04-17 13:46:00+00:00,200.87
2026-04-17 13:47:00+00:00,200.47
2026-04-17 13:48:00+00:00,200.75
2026-04-17 13:49:00+00:00,200.98
2026-04-17 13:50:00+00:00,200.995
2026-04-17 13:51:00+00:00,201.21
2026-04-17 13:52:00+00:00,201.26
2026-04-17 13:53:00+00:00,201.29
2026-04-17 13:54:00+00:00,201.2
2026-04-17 13:55:00+00:00,200.89
2026-04-17 13:56:00+00:00,200.51
2026-04-17 13:57:00+00:00,200.79
2026-04-17 13:58:00+00:00,200.855
2026-04-17 13:59:00+00:00,201.15
2026-04-17 14:00:00+00:00,201.34
2026-04-17 14:01:00+00:00,201.315
2026-04-17 14:02:00+00:00,201.27
2026-04-17 14:03:00+00:00,201.085
2026-04-17 14:04:00+00:00,201.26
2026-04-17 14:05:00+00:00,201.245
2026-04-17 14:06:00+00:00,201.38
2026-04-17 14:07:00+00:00,201.325
2026-04-17 14:08:00+00:00,201.14
2026-04-17 14:09:00+00:00,201.035
2026-04-17 14:10:00+00:00,201.14
2026-04-17 14:11:00+00:00,201.335
2026-04-17 14:12:00+00:00,201.38
2026-04-17 14:13:00+00:00,201.54
2026-04-17 14:14:00+00:00,201.47
2026-04-17 14:15:00+00:00,201.335
2026-04-17 14:16:00+00:00,201.31
2026-04-17 14:17:00+00:00,201.285
2026-04-17 14:18:00+00:00,201.215
2026-04-17 14:19:00+00:00,201.05
2026-04-17 14:20:00+00:00,200.75
2026-04-17 14:21:00+00:00,200.685
2026-04-17 14:22:00+00:00,200.56
2026-04-17 14:23:00+00:00,200.19
2026-04-17 14:24:00+00:00,200.21
2026-04-17 14:25:00+00:00,199.965
2026-04-17 14:26:00+00:00,199.89
2026-04-17 14:27:00+00:00,199.97
2026-04-17 14:28:00+00:00,200.24
2026-04-17 14:29:00+00:00,200.33
2026-04-17 14:30:00+00:00,200.56
2026-04-17 14:31:00+00:00,200.58
2026-04-17 14:32:00+00:00,200.455
2026-04-17 14:33:00+00:00,200.645
2026-04-17 14:34:00+00:00,200.63
2026-04-17 14:35:00+00:00,200.365
2026-04-17 14:36:00+00:00,200.44
2026-04-17 14:37:00+00:00,200.42
2026-04-17 14:38:00+00:00,200.535
2026-04-17 14:39:00+00:00,200.71
2026-04-17 14:40:00+00:00,200.73
2026-04-17 14:41:00+00:00,200.84
2026-04-17 14:42:00+00:00,200.765
2026-04-17 14:43:00+00:00,200.59
2026-04-17 14:44:00+00:00,200.64
2026-04-17 14:45:00+00:00,200.655
2026-04-17 14:46:00+00:00,200.59
2026-04-17 14:47:00+00:00,200.635
2026-04-17 14:48:00+00:00,200.72
2026-04-17 14:49:00+00:00,200.805
2026-04-17 14:50:00+00:00,200.59
2026-04-17 14:51:00+00:00,200.59
2026-04-17 14:52:00+00:00,200.51
2026-04-17 14:53:00+00:00,200.49
2026-04-17 14:54:00+00:00,200.335
2026-04-17 14:55:00+00:00,200.05
2026-04-17 14:56:00+00:00,200.52
2026-04-17 14:57:00+00:00,200.56
2026-04-17 14:58:00+00:00,200.43
2026-04-17 14:59:00+00:00,200.3
2026-04-17 15:00:00+00:00,200.27
2026-04-17 15:01:00+00:00,200.35
2026-04-17 15:02:00+00:00,200.56
2026-04-17 15:03:00+00:00,200.4
2026-04-17 15:04:00+00:00,200.5
2026-04-17 15:05:00+00:00,200.745
2026-04-17 15:06:00+00:00,200.87
2026-04-17 15:07:00+00:00,200.755
2026-04-17 15:08:00+00:00,200.815
2026-04-17 15:09:00+00:00,200.875
2026-04-17 15:10:00+00:00,200.89
2026-04-17 15:11:00+00:00,200.7
2026-04-17 15:12:00+00:00,200.69
2026-04-17 15:13:00+00:00,200.69
2026-04-17 15:14:00+00:00,200.685
2026-04-17 15:15:00+00:00,200.76
2026-04-17 15:16:00+00:00,200.79
2026-04-17 15:17:00+00:00,200.72
2026-04-17 15:18:00+00:00,200.55
2026-04-17 15:19:00+00:00,200.52
2026-04-17 15:20:00+00:00,200.47
2026-04-17 15:21:00+00:00,200.63
2026-04-17 15:22:00+00:00,200.67
2026-04-17 15:23:00+00:00,200.72
2026-04-17 15:24:00+00:00,200.65
2026-04-17 15:25:00+00:00,200.675
2026-04-17 15:26:00+00:00,200.705
2026-04-17 15:27:00+00:00,200.695
2026-04-17 15:28:00+00:00,200.75
2026-04-17 15:29:00+00:00,200.63
2026-04-17 15:30:00+00:00,200.715
2026-04-17 15:31:00+00:00,200.8
2026-04-17 15:32:00+00:00,200.695
2026-04-17 15:33:00+00:00,200.825
2026-04-17 15:34:00+00:00,200.86
2026-04-17 15:35:00+00:00,200.92
2026-04-17 15:36:00+00:00,201.01
2026-04-17 15:37:00+00:00,200.86
2026-04-17 15:38:00+00:00,201.065
2026-04-17 15:39:00+00:00,201.2
2026-04-17 15:40:00+00:00,201.1
2026-04-17 15:41:00+00:00,201.02
2026-04-17 15:42:00+00:00,200.98
2026-04-17 15:43:00+00:00,200.94
2026-04-17 15:44:00+00:00,200.91
2026-04-17 15:45:00+00:00,201.18
2026-04-17 15:46:00+00:00,201.05
2026-04-17 15:47:00+00:00,201.01
2026-04-17 15:48:00+00:00,201.19
2026-04-17 15:49:00+00:00,201.21
2026-04-17 15:50:00+00:00,201.31
2026-04-17 15:51:00+00:00,201.31
2026-04-17 15:52:00+00:00,201.09
2026-04-17 15:53:00+00:00,201.09
2026-04-17 15:54:00+00:00,201.025
2026-04-17 15:55:00+00:00,200.96
2026-04-17 15:56:00+00:00,200.92
2026-04-17 15:57:00+00:00,200.92
2026-04-17 15:58:00+00:00,200.705
2026-04-17 15:59:00+00:00,200.405
2026-04-17 16:00:00+00:00,200.31
2026-04-17 16:01:00+00:00,200.55
2026-04-17 16:02:00+00:00,200.65
2026-04-17 16:03:00+00:00,200.665
2026-04-17 16:04:00+00:00,200.645
2026-04-17 16:05:00+00:00,200.69
2026-04-17 16:06:00+00:00,200.785
2026-04-17 16:07:00+00:00,200.83
2026-04-17 16:08:00+00:00,200.915
2026-04-17 16:09:00+00:00,200.885
2026-04-17 16:10:00+00:00,200.9
2026-04-17 16:11:00+00:00,201.015
2026-04-17 16:12:00+00:00,200.96
2026-04-17 16:13:00+00:00,200.86
2026-04-17 16:14:00+00:00,200.91
2026-04-17 16:15:00+00:00,200.95
2026-04-17 16:16:00+00:00,200.745
2026-04-17 16:17:00+00:00,200.69
2026-04-17 16:18:00+00:00,200.69
2026-04-17 16:19:00+00:00,200.6
2026-04-17 16:20:00+00:00,200.64
2026-04-17 16:21:00+00:00,200.64
2026-04-17 16:22:00+00:00,200.68
2026-04-17 16:23:00+00:00,200.66
2026-04-17 16:24:00+00:00,200.695
2026-04-17 16:25:00+00:00,200.795
2026-04-17 16:26:00+00:00,200.76
2026-04-17 16:27:00+00:00,200.7
2026-04-17 16:28:00+00:00,200.72
2026-04-17 16:29:00+00:00,200.7
2026-04-17 16:30:00+00:00,200.67
2026-04-17 16:31:00+00:00,200.67
2026-04-17 16:32:00+00:00,200.59
2026-04-17 16:33:00+00:00,200.445
2026-04-17 16:34:00+00:00,200.455
2026-04-17 16:35:00+00:00,200.525
2026-04-17 16:36:00+00:00,200.64
2026-04-17 16:37:00+00:00,200.645
2026-04-17 16:38:00+00:00,200.62
2026-04-17 16:39:00+00:00,200.625
2026-04-17 16:40:00+00:00,200.535
2026-04-17 16:41:00+00:00,200.56
2026-04-17 16:42:00+00:00,200.55
2026-04-17 16:43:00+00:00,200.53
2026-04-17 16:44:00+00:00,200.58
2026-04-17 16:45:00+00:00,200.68
2026-04-17 16:46:00+00:00,200.785
2026-04-17 16:47:00+00:00,200.745
2026-04-17 16:48:00+00:00,200.84
2026-04-17 16:49:00+00:00,200.74
2026-04-17 16:50:00+00:00,200.74
2026-04-17 16:51:00+00:00,200.755
2026-04-17 16:52:00+00:00,200.745
2026-04-17 16:53:00+00:00,200.74
2026-04-17 16:54:00+00:00,200.705
2026-04-17 16:55:00+00:00,200.695
2026-04-17 16:56:00+00:00,200.675
2026-04-17 16:57:00+00:00,200.695
2026-04-17 16:58:00+00:00,200.745
2026-04-17 16:59:00+00:00,200.735
2026-04-17 17:00:00+00:00,200.83
2026-04-17 17:01:00+00:00,200.665
2026-04-17 17:02:00+00:00,200.67
2026-04-17 17:03:00+00:00,200.64
2026-04-17 17:04:00+00:00,200.685
2026-04-17 17:05:00+00:00,200.64
2026-04-17 17:06:00+00:00,200.5
2026-04-17 17:07:00+00:00,200.49
2026-04-17 17:08:00+00:00,200.21
2026-04-17 17:09:00+00:00,200.38
2026-04-17 17:10:00+00:00,200.36
2026-04-17 17:11:00+00:00,200.175
2026-04-17 17:12:00+00:00,200.18
2026-04-17 17:13:00+00:00,200.255
2026-04-17 17:14:00+00:00,200.31
2026-04-17 17:15:00+00:00,200.34
2026-04-17 17:16:00+00:00,200.43
2026-04-17 17:17:00+00:00,200.265
2026-04-17 17:18:00+00:00,200.275
2026-04-17 17:19:00+00:00,200.14
2026-04-17 17:20:00+00:00,199.925
2026-04-17 17:21:00+00:00,199.94
2026-04-17 17:22:00+00:00,200.07
2026-04-17 17:23:00+00:00,200.21
2026-04-17 17:24:00+00:00,199.725
2026-04-17 17:25:00+00:00,199.775
2026-04-17 17:26:00+00:00,199.77
2026-04-17 17:27:00+00:00,199.895
2026-04-17 17:28:00+00:00,199.8
2026-04-17 17:29:00+00:00,199.89
2026-04-17 17:30:00+00:00,200.04
2026-04-17 17:31:00+00:00,199.995
2026-04-17 17:32:00+00:00,199.99
2026-04-17 17:33:00+00:00,199.99
2026-04-17 17:34:00+00:00,200.015
2026-04-17 17:35:00+00:00,199.925
2026-04-17 17:36:00+00:00,199.94
2026-04-17 17:37:00+00:00,200.22
2026-04-17 17:38:00+00:00,200.22
2026-04-17 17:39:00+00:00,200.165
2026-04-17 17:40:00+00:00,200.245
2026-04-17 17:41:00+00:00,200.24
2026-04-17 17:42:00+00:00,200.31
2026-04-17 17:43:00+00:00,200.27
2026-04-17 17:44:00+00:00,200.3
2026-04-17 17:45:00+00:00,200.41
2026-04-17 17:46:00+00:00,200.5
2026-04-17 17:47:00+00:00,200.59
2026-04-17 17:48:00+00:00,200.505
2026-04-17 17:49:00+00:00,200.44
2026-04-17 17:50:00+00:00,200.53
2026-04-17 17:51:00+00:00,200.43
2026-04-17 17:52:00+00:00,200.425
2026-04-17 17:53:00+00:00,200.38
2026-04-17 17:54:00+00:00,200.38
2026-04-17 17:55:00+00:00,200.425
2026-04-17 17:56:00+00:00,200.51
2026-04-17 17:57:00+00:00,200.43
2026-04-17 17:58:00+00:00,200.36
2026-04-17 17:59:00+00:00,200.315
2026-04-17 18:00:00+00:00,200.395
2026-04-17 18:01:00+00:00,200.53
2026-04-17 18:02:00+00:00,200.48
2026-04-17 18:03:00+00:00,200.405
2026-04-17 18:04:00+00:00,200.385
2026-04-17 18:05:00+00:00,200.465
2026-04-17 18:06:00+00:00,200.515
2026-04-17 18:07:00+00:00,200.46
2026-04-17 18:08:00+00:00,200.4
2026-04-17 18:09:00+00:00,200.37
2026-04-17 18:10:00+00:00,200.42
2026-04-17 18:11:00+00:00,200.445
2026-04-17 18:12:00+00:00,200.535
2026-04-17 18:13:00+00:00,200.415
2026-04-17 18:14:00+00:00,200.48
2026-04-17 18:15:00+00:00,200.51
2026-04-17 18:16:00+00:00,200.555
2026-04-17 18:17:00+00:00,200.73
2026-04-17 18:18:00+00:00,200.74
2026-04-17 18:19:00+00:00,200.605
2026-04-17 18:20:00+00:00,200.56
2026-04-17 18:21:00+00:00,200.44
2026-04-17 18:22:00+00:00,200.46
2026-04-17 18:23:00+00:00,200.63
2026-04-17 18:24:00+00:00,200.68
2026-04-17 18:25:00+00:00,200.85
2026-04-17 18:26:00+00:00,200.85
2026-04-17 18:27:00+00:00,200.78
2026-04-17 18:28:00+00:00,200.71
2026-04-17 18:29:00+00:00,200.64
2026-04-17 18:30:00+00:00,200.69
2026-04-17 18:31:00+00:00,200.65
2026-04-17 18:32:00+00:00,200.665
2026-04-17 18:33:00+00:00,200.795
2026-04-17 18:34:00+00:00,200.79
2026-04-17 18:35:00+00:00,200.8
2026-04-17 18:36:00+00:00,200.83
2026-04-17 18:37:00+00:00,200.845
2026-04-17 18:38:00+00:00,200.88
2026-04-17 18:39:00+00:00,200.85
2026-04-17 18:40:00+00:00,200.84
2026-04-17 18:41:00+00:00,200.86
2026-04-17 18:42:00+00:00,200.82
2026-04-17 18:43:00+00:00,200.855
2026-04-17 18:44:00+00:00,200.96
2026-04-17 18:45:00+00:00,200.91
2026-04-17 18:46:00+00:00,200.88
2026-04-17 18:47:00+00:00,200.825
2026-04-17 18:48:00+00:00,200.865
2026-04-17 18:49:00+00:00,200.82
2026-04-17 18:50:00+00:00,200.78
2026-04-17 18:51:00+00:00,200.735
2026-04-17 18:52:00+00:00,200.735
2026-04-17 18:53:00+00:00,200.78
2026-04-17 18:54:00+00:00,200.73
2026-04-17 18:55:00+00:00,200.82
2026-04-17 18:56:00+00:00,200.935
2026-04-17 18:57:00+00:00,200.93
2026-04-17 18:58:00+00:00,200.86
2026-04-17 18:59:00+00:00,200.86
2026-04-17 19:00:00+00:00,200.83
2026-04-17 19:01:00+00:00,200.91
2026-04-17 19:02:00+00:00,200.945
2026-04-17 19:03:00+00:00,200.86
2026-04-17 19:04:00+00:00,200.93
2026-04-17 19:05:00+00:00,200.77
2026-04-17 19:06:00+00:00,200.845
2026-04-17 19:07:00+00:00,200.84
2026-04-17 19:08:00+00:00,200.855
2026-04-17 19:09:00+00:00,200.83
2026-04-17 19:10:00+00:00,200.775
2026-04-17 19:11:00+00:00,200.8
2026-04-17 19:12:00+00:00,200.81
2026-04-17 19:13:00+00:00,200.86
2026-04-17 19:14:00+00:00,200.9
2026-04-17 19:15:00+00:00,201.14
2026-04-17 19:16:00+00:00,201.195
2026-04-17 19:17:00+00:00,201.115
2026-04-17 19:18:00+00:00,201.32
2026-04-17 19:19:00+00:00,201.24
2026-04-17 19:20:00+00:00,201.35
2026-04-17 19:21:00+00:00,201.37
2026-04-17 19:22:00+00:00,201.37
2026-04-17 19:23:00+00:00,201.34
2026-04-17 19:24:00+00:00,201.365
2026-04-17 19:25:00+00:00,201.435
2026-04-17 19:26:00+00:00,201.465
2026-04-17 19:27:00+00:00,201.4
2026-04-17 19:28:00+00:00,201.39
2026-04-17 19:29:00+00:00,201.265
2026-04-17 19:30:00+00:00,201.375
2026-04-17 19:31:00+00:00,201.29
2026-04-17 19:32:00+00:00,201.33
2026-04-17 19:33:00+00:00,201.3
2026-04-17 19:34:00+00:00,201.29
2026-04-17 19:35:00+00:00,201.25
2026-04-17 19:36:00+00:00,201.17
2026-04-17 19:37:00+00:00,201.22
2026-04-17 19:38:00+00:00,201.34
2026-04-17 19:39:00+00:00,201.31
2026-04-17 19:40:00+00:00,201.39
2026-04-17 19:41:00+00:00,201.265
2026-04-17 19:42:00+00:00,201.435
2026-04-17 19:43:00+00:00,201.4
2026-04-17 19:44:00+00:00,201.38
2026-04-17 19:45:00+00:00,201.33
2026-04-17 19:46:00+00:00,201.4
2026-04-17 19:47:00+00:00,201.375
2026-04-17 19:48:00+00:00,201.435
2026-04-17 19:49:00+00:00,201.45
2026-04-17 19:50:00+00:00,201.375
2026-04-17 19:51:00+00:00,201.45
2026-04-17 19:52:00+00:00,201.415
2026-04-17 19:53:00+00:00,201.42
2026-04-17 19:54:00+00:00,201.47
2026-04-17 19:55:00+00:00,201.48
2026-04-17 19:56:00+00:00,201.55
2026-04-17 19:57:00+00:00,201.59
2026-04-17 19:58:00+00:00,201.66
2026-04-17 19:59:00+00:00,201.67
2026-04-17 20:05:00+00:00,201.56
2026-04-17 20:06:00+00:00,201.5
2026-04-20 12:28:00+00:00,199.88
2026-04-20 12:59:00+00:00,200.3
2026-04-20 13:04:00+00:00,200.27
2026-04-20 13:06:00+00:00,200.33
2026-04-20 13:09:00+00:00,200.29
2026-04-20 13:28:00+00:00,200.07
2026-04-20 13:30:00+00:00,198.72
2026-04-20 13:31:00+00:00,199.145
2026-04-20 13:32:00+00:00,198.97
2026-04-20 13:33:00+00:00,199.7
2026-04-20 13:34:00+00:00,200.33
2026-04-20 13:35:00+00:00,200.0
2026-04-20 13:36:00+00:00,199.98
2026-04-20 13:37:00+00:00,200.07
2026-04-20 13:38:00+00:00,199.57
2026-04-20 13:39:00+00:00,199.555
2026-04-20 13:40:00+00:00,199.6
2026-04-20 13:41:00+00:00,199.825
2026-04-20 13:42:00+00:00,199.74
2026-04-20 13:43:00+00:00,199.785
2026-04-20 13:44:00+00:00,199.82
2026-04-20 13:45:00+00:00,199.8
2026-04-20 13:46:00+00:00,199.84
2026-04-20 13:47:00+00:00,199.765
2026-04-20 13:48:00+00:00,199.72
2026-04-20 13:49:00+00:00,199.595
2026-04-20 13:50:00+00:00,199.45
2026-04-20 13:51:00+00:00,199.66
2026-04-20 13:52:00+00:00,200.0
2026-04-20 13:53:00+00:00,199.95
2026-04-20 13:54:00+00:00,200.0
2026-04-20 13:55:00+00:00,200.055
2026-04-20 13:56:00+00:00,200.37
2026-04-20 13:57:00+00:00,200.35
2026-04-20 13:58:00+00:00,200.23
2026-04-20 13:59:00+00:00,200.235
2026-04-20 14:00:00+00:00,200.245
2026-04-20 14:01:00+00:00,200.07
2026-04-20 14:02:00+00:00,199.9
2026-04-20 14:03:00+00:00,199.615
2026-04-20 14:04:00+00:00,199.605
2026-04-20 14:05:00+00:00,199.87
2026-04-20 14:06:00+00:00,199.925
2026-04-20 14:07:00+00:00,199.87
2026-04-20 14:08:00+00:00,199.69
2026-04-20 14:09:00+00:00,199.83
2026-04-20 14:10:00+00:00,199.85
2026-04-20 14:11:00+00:00,199.55
2026-04-20 14:12:00+00:00,199.495
2026-04-20 14:13:00+00:00,199.68
2026-04-20 14:14:00+00:00,199.535
2026-04-20 14:15:00+00:00,199.33
2026-04-20 14:16:00+00:00,199.22
2026-04-20 14:17:00+00:00,199.0
2026-04-20 14:18:00+00:00,198.94
2026-04-20 14:19:00+00:00,199.09
2026-04-20 14:20:00+00:00,199.115
2026-04-20 14:21:00+00:00,199.29
2026-04-20 14:22:00+00:00,199.27
2026-04-20 14:23:00+00:00,199.325
2026-04-20 14:24:00+00:00,199.425
2026-04-20 14:25:00+00:00,199.31
2026-04-20 14:26:00+00:00,199.47
2026-04-20 14:27:00+00:00,199.305
2026-04-20 14:28:00+00:00,199.31
2026-04-20 14:29:00+00:00,199.145
2026-04-20 14:30:00+00:00,199.05
2026-04-20 14:31:00+00:00,199.06
2026-04-20 14:32:00+00:00,199.09
2026-04-20 14:33:00+00:00,199.115
2026-04-20 14:34:00+00:00,199.1
2026-04-20 14:35:00+00:00,199.105
2026-04-20 14:36:00+00:00,199.1
2026-04-20 14:37:00+00:00,199.245
2026-04-20 14:38:00+00:00,199.29
2026-04-20 14:39:00+00:00,199.325
2026-04-20 14:40:00+00:00,199.175
2026-04-20 14:41:00+00:00,198.945
2026-04-20 14:42:00+00:00,198.985
2026-04-20 14:43:00+00:00,199.03
2026-04-20 14:44:00+00:00,199.065
2026-04-20 14:45:00+00:00,199.04
2026-04-20 14:46:00+00:00,199.1
2026-04-20 14:47:00+00:00,199.055
2026-04-20 14:48:00+00:00,199.09
2026-04-20 14:49:00+00:00,199.375
2026-04-20 14:50:00+00:00,199.145
2026-04-20 14:51:00+00:00,198.85
2026-04-20 14:52:00+00:00,198.87
2026-04-20 14:53:00+00:00,198.84
2026-04-20 14:54:00+00:00,199.0
2026-04-20 14:55:00+00:00,198.93
2026-04-20 14:56:00+00:00,198.69
2026-04-20 14:57:00+00:00,198.84
2026-04-20 14:58:00+00:00,198.595
2026-04-20 14:59:00+00:00,198.55
2026-04-20 15:00:00+00:00,198.665
2026-04-20 15:01:00+00:00,198.555
2026-04-20 15:02:00+00:00,198.59
2026-04-20 15:03:00+00:00,198.485
2026-04-20 15:04:00+00:00,198.37
2026-04-20 15:05:00+00:00,198.19
2026-04-20 15:06:00+00:00,197.98
2026-04-20 15:07:00+00:00,197.935
2026-04-20 15:08:00+00:00,198.27
2026-04-20 15:09:00+00:00,198.37
2026-04-20 15:10:00+00:00,198.57
2026-04-20 15:11:00+00:00,198.62
2026-04-20 15:12:00+00:00,198.51
2026-04-20 15:13:00+00:00,198.35
2026-04-20 15:14:00+00:00,198.43
2026-04-20 15:15:00+00:00,198.42
2026-04-20 15:16:00+00:00,198.46
2026-04-20 15:17:00+00:00,198.5
2026-04-20 15:18:00+00:00,198.565
2026-04-20 15:19:00+00:00,198.6
2026-04-20 15:20:00+00:00,198.545
2026-04-20 15:21:00+00:00,198.74
2026-04-20 15:22:00+00:00,198.885
2026-04-20 15:23:00+00:00,198.84
2026-04-20 15:24:00+00:00,199.01
2026-04-20 15:25:00+00:00,198.99
2026-04-20 15:26:00+00:00,199.13
2026-04-20 15:27:00+00:00,199.155
2026-04-20 15:28:00+00:00,199.095
2026-04-20 15:29:00+00:00,199.31
2026-04-20 15:30:00+00:00,199.1
2026-04-20 15:31:00+00:00,198.98
2026-04-20 15:32:00+00:00,198.89
2026-04-20 15:33:00+00:00,198.96
2026-04-20 15:34:00+00:00,198.815
2026-04-20 15:35:00+00:00,199.1
2026-04-20 15:36:00+00:00,198.93
2026-04-20 15:37:00+00:00,198.975
2026-04-20 15:38:00+00:00,198.99
2026-04-20 15:39:00+00:00,199.1
2026-04-20 15:40:00+00:00,199.255
2026-04-20 15:41:00+00:00,199.16
2026-04-20 15:42:00+00:00,199.02
2026-04-20 15:43:00+00:00,198.935
2026-04-20 15:44:00+00:00,198.755
2026-04-20 15:45:00+00:00,198.765
2026-04-20 15:46:00+00:00,198.825
2026-04-20 15:47:00+00:00,198.845
2026-04-20 15:48:00+00:00,198.865
2026-04-20 15:49:00+00:00,198.59
2026-04-20 15:50:00+00:00,198.505
2026-04-20 15:51:00+00:00,198.45
2026-04-20 15:52:00+00:00,198.525
2026-04-20 15:53:00+00:00,198.64
2026-04-20 15:54:00+00:00,198.625
2026-04-20 15:55:00+00:00,198.675
2026-04-20 15:56:00+00:00,198.715
2026-04-20 15:57:00+00:00,198.695
2026-04-20 15:58:00+00:00,198.64
2026-04-20 15:59:00+00:00,198.665
2026-04-20 16:00:00+00:00,198.695
2026-04-20 16:01:00+00:00,198.8
2026-04-20 16:02:00+00:00,198.7
2026-04-20 16:03:00+00:00,198.67
2026-04-20 16:04:00+00:00,198.71
2026-04-20 16:05:00+00:00,198.88
2026-04-20 16:06:00+00:00,198.96
2026-04-20 16:07:00+00:00,198.965
2026-04-20 16:08:00+00:00,199.1
2026-04-20 16:09:00+00:00,199.015
2026-04-20 16:10:00+00:00,199.1
2026-04-20 16:11:00+00:00,199.165
2026-04-20 16:12:00+00:00,199.2
2026-04-20 16:13:00+00:00,199.14
2026-04-20 16:14:00+00:00,199.12
2026-04-20 16:15:00+00:00,199.015
2026-04-20 16:16:00+00:00,198.915
2026-04-20 16:17:00+00:00,199.01
2026-04-20 16:18:00+00:00,199.05
2026-04-20 16:19:00+00:00,199.22
2026-04-20 16:20:00+00:00,199.32
2026-04-20 16:21:00+00:00,199.31
2026-04-20 16:22:00+00:00,199.22
2026-04-20 16:23:00+00:00,199.41
2026-04-20 16:24:00+00:00,199.385
2026-04-20 16:25:00+00:00,199.365
2026-04-20 16:26:00+00:00,199.355
2026-04-20 16:27:00+00:00,199.36
2026-04-20 16:28:00+00:00,199.35
2026-04-20 16:29:00+00:00,199.18
2026-04-20 16:30:00+00:00,199.21
2026-04-20 16:31:00+00:00,199.215
2026-04-20 16:32:00+00:00,199.34
2026-04-20 16:33:00+00:00,199.44
2026-04-20 16:34:00+00:00,199.485
2026-04-20 16:35:00+00:00,199.46
2026-04-20 16:36:00+00:00,199.42
2026-04-20 16:37:00+00:00,199.35
2026-04-20 16:38:00+00:00,199.41
2026-04-20 16:39:00+00:00,199.335
2026-04-20 16:40:00+00:00,199.355
2026-04-20 16:41:00+00:00,199.56
2026-04-20 16:42:00+00:00,199.54
2026-04-20 16:43:00+00:00,199.48
2026-04-20 16:44:00+00:00,199.43
2026-04-20 16:45:00+00:00,199.47
2026-04-20 16:46:00+00:00,199.455
2026-04-20 16:47:00+00:00,199.445
2026-04-20 16:48:00+00:00,199.46
2026-04-20 16:49:00+00:00,199.405
2026-04-20 16:50:00+00:00,199.295
2026-04-20 16:51:00+00:00,199.305
2026-04-20 16:52:00+00:00,199.39
2026-04-20 16:53:00+00:00,199.345
2026-04-20 16:54:00+00:00,199.42
2026-04-20 16:55:00+00:00,199.27
2026-04-20 16:56:00+00:00,199.28
2026-04-20 16:57:00+00:00,199.3
2026-04-20 16:58:00+00:00,199.34
2026-04-20 16:59:00+00:00,199.29
2026-04-20 17:00:00+00:00,199.335
2026-04-20 17:01:00+00:00,199.32
2026-04-20 17:02:00+00:00,199.295
2026-04-20 17:03:00+00:00,199.325
2026-04-20 17:04:00+00:00,199.4
2026-04-20 17:05:00+00:00,199.315
2026-04-20 17:06:00+00:00,199.44
2026-04-20 17:07:00+00:00,199.47
2026-04-20 17:08:00+00:00,199.55
2026-04-20 17:09:00+00:00,199.5
2026-04-20 17:10:00+00:00,199.47
2026-04-20 17:11:00+00:00,199.545
2026-04-20 17:12:00+00:00,199.635
2026-04-20 17:13:00+00:00,199.56
2026-04-20 17:14:00+00:00,199.595
2026-04-20 17:15:00+00:00,199.56
2026-04-20 17:16:00+00:00,199.585
2026-04-20 17:17:00+00:00,199.63
2026-04-20 17:18:00+00:00,199.665
2026-04-20 17:19:00+00:00,199.695
2026-04-20 17:20:00+00:00,199.7
2026-04-20 17:21:00+00:00,199.74
2026-04-20 17:22:00+00:00,199.765
2026-04-20 17:23:00+00:00,199.75
2026-04-20 17:24:00+00:00,199.68
2026-04-20 17:25:00+00:00,199.69
2026-04-20 17:26:00+00:00,199.7
2026-04-20 17:27:00+00:00,199.63
2026-04-20 17:28:00+00:00,199.62
2026-04-20 17:29:00+00:00,199.52
2026-04-20 17:30:00+00:00,199.46
2026-04-20 17:31:00+00:00,199.55
2026-04-20 17:32:00+00:00,199.495
2026-04-20 17:33:00+00:00,199.505
2026-04-20 17:34:00+00:00,199.595
2026-04-20 17:35:00+00:00,199.64
2026-04-20 17:36:00+00:00,199.695
2026-04-20 17:37:00+00:00,199.68
2026-04-20 17:38:00+00:00,199.67
2026-04-20 17:39:00+00:00,199.72
2026-04-20 17:40:00+00:00,199.77
2026-04-20 17:41:00+00:00,199.73
2026-04-20 17:42:00+00:00,199.77
2026-04-20 17:43:00+00:00,199.88
2026-04-20 17:44:00+00:00,199.935
2026-04-20 17:45:00+00:00,199.95
2026-04-20 17:46:00+00:00,199.94
2026-04-20 17:47:00+00:00,200.01
2026-04-20 17:48:00+00:00,200.09
2026-04-20 17:49:00+00:00,200.07
2026-04-20 17:50:00+00:00,199.995
2026-04-20 17:51:00+00:00,200.065
2026-04-20 17:52:00+00:00,200.03
2026-04-20 17:53:00+00:00,200.045
2026-04-20 17:54:00+00:00,200.065
2026-04-20 17:55:00+00:00,200.015
2026-04-20 17:56:00+00:00,199.98
2026-04-20 17:57:00+00:00,199.97
2026-04-20 17:58:00+00:00,199.955
2026-04-20 17:59:00+00:00,199.945
2026-04-20 18:00:00+00:00,200.1
2026-04-20 18:01:00+00:00,200.15
2026-04-20 18:02:00+00:00,200.23
2026-04-20 18:03:00+00:00,200.16
2026-04-20 18:04:00+00:00,200.18
2026-04-20 18:05:00+00:00,200.26
2026-04-20 18:06:00+00:00,200.29
2026-04-20 18:07:00+00:00,200.3
2026-04-20 18:08:00+00:00,200.32
2026-04-20 18:09:00+00:00,200.335
2026-04-20 18:10:00+00:00,200.3
2026-04-20 18:11:00+00:00,200.23
2026-04-20 18:12:00+00:00,200.215
2026-04-20 18:13:00+00:00,200.25
2026-04-20 18:14:00+00:00,200.305
2026-04-20 18:15:00+00:00,200.305
2026-04-20 18:16:00+00:00,200.34
2026-04-20 18:17:00+00:00,200.41
2026-04-20 18:18:00+00:00,200.37
2026-04-20 18:19:00+00:00,200.39
2026-04-20 18:20:00+00:00,200.43
2026-04-20 18:21:00+00:00,200.35
2026-04-20 18:22:00+00:00,200.325
2026-04-20 18:23:00+00:00,200.37
2026-04-20 18:24:00+00:00,200.49
2026-04-20 18:25:00+00:00,200.45
2026-04-20 18:26:00+00:00,200.595
2026-04-20 18:27:00+00:00,200.65
2026-04-20 18:28:00+00:00,200.64
2026-04-20 18:29:00+00:00,200.59
2026-04-20 18:30:00+00:00,200.555
2026-04-20 18:31:00+00:00,200.595
2026-04-20 18:32:00+00:00,200.59
2026-04-20 18:33:00+00:00,200.63
2026-04-20 18:34:00+00:00,200.665
2026-04-20 18:35:00+00:00,200.605
2026-04-20 18:36:00+00:00,200.505
2026-04-20 18:37:00+00:00,200.53
2026-04-20 18:38:00+00:00,200.44
2026-04-20 18:39:00+00:00,200.43
2026-04-20 18:40:00+00:00,200.61
2026-04-20 18:41:00+00:00,200.745
2026-04-20 18:42:00+00:00,200.79
2026-04-20 18:43:00+00:00,200.91
2026-04-20 18:44:00+00:00,200.895
2026-04-20 18:45:00+00:00,200.885
2026-04-20 18:46:00+00:00,200.855
2026-04-20 18:47:00+00:00,200.81
2026-04-20 18:48:00+00:00,200.815
2026-04-20 18:49:00+00:00,200.745
2026-04-20 18:50:00+00:00,200.85
2026-04-20 18:51:00+00:00,200.875
2026-04-20 18:52:00+00:00,200.765
2026-04-20 18:53:00+00:00,200.84
2026-04-20 18:54:00+00:00,200.89
2026-04-20 18:55:00+00:00,200.85
2026-04-20 18:56:00+00:00,200.88
2026-04-20 18:57:00+00:00,200.85
2026-04-20 18:58:00+00:00,200.81
2026-04-20 18:59:00+00:00,200.78
2026-04-20 19:00:00+00:00,200.95
2026-04-20 19:01:00+00:00,200.9
2026-04-20 19:02:00+00:00,200.88
2026-04-20 19:03:00+00:00,200.79
2026-04-20 19:04:00+00:00,200.745
2026-04-20 19:05:00+00:00,200.83
2026-04-20 19:06:00+00:00,200.91
2026-04-20 19:07:00+00:00,200.82
2026-04-20 19:08:00+00:00,200.85
2026-04-20 19:09:00+00:00,200.86
2026-04-20 19:10:00+00:00,200.82
2026-04-20 19:11:00+00:00,200.885
2026-04-20 19:12:00+00:00,200.965
2026-04-20 19:13:00+00:00,201.03
2026-04-20 19:14:00+00:00,201.11
2026-04-20 19:15:00+00:00,201.11
2026-04-20 19:16:00+00:00,201.08
2026-04-20 19:17:00+00:00,201.09
2026-04-20 19:18:00+00:00,201.1
2026-04-20 19:19:00+00:00,201.2
2026-04-20 19:20:00+00:00,201.125
2026-04-20 19:21:00+00:00,201.16
2026-04-20 19:22:00+00:00,201.18
2026-04-20 19:23:00+00:00,201.075
2026-04-20 19:24:00+00:00,201.095
2026-04-20 19:25:00+00:00,201.075
2026-04-20 19:26:00+00:00,201.06
2026-04-20 19:27:00+00:00,201.08
2026-04-20 19:28:00+00:00,201.1
2026-04-20 19:29:00+00:00,201.125
2026-04-20 19:30:00+00:00,201.105
2026-04-20 19:31:00+00:00,201.28
2026-04-20 19:32:00+00:00,201.24
2026-04-20 19:33:00+00:00,201.2
2026-04-20 19:34:00+00:00,201.16
2026-04-20 19:35:00+00:00,201.27
2026-04-20 19:36:00+00:00,201.3
2026-04-20 19:37:00+00:00,201.32
2026-04-20 19:38:00+00:00,201.35
2026-04-20 19:39:00+00:00,201.515
2026-04-20 19:40:00+00:00,201.57
2026-04-20 19:41:00+00:00,201.55
2026-04-20 19:42:00+00:00,201.705
2026-04-20 19:43:00+00:00,201.7
2026-04-20 19:44:00+00:00,201.59
2026-04-20 19:45:00+00:00,201.57
2026-04-20 19:46:00+00:00,201.575
2026-04-20 19:47:00+00:00,201.67
2026-04-20 19:48:00+00:00,201.7
2026-04-20 19:49:00+00:00,201.685
2026-04-20 19:50:00+00:00,201.605
2026-04-20 19:51:00+00:00,201.69
2026-04-20 19:52:00+00:00,201.57
2026-04-20 19:53:00+00:00,201.92
2026-04-20 19:54:00+00:00,202.03
2026-04-20 19:55:00+00:00,201.91
2026-04-20 19:56:00+00:00,201.92
2026-04-20 19:57:00+00:00,202.03
2026-04-20 19:58:00+00:00,202.07
2026-04-20 19:59:00+00:00,202.12
2026-04-20 20:00:00+00:00,201.98
2026-04-20 20:15:00+00:00,202.13
2026-04-20 20:17:00+00:00,202.1
2026-04-20 20:28:00+00:00,202.0
2026-04-20 20:39:00+00:00,202.19
2026-04-21 13:06:00+00:00,202.31
2026-04-21 13:30:00+00:00,201.8
2026-04-21 13:31:00+00:00,201.96
2026-04-21 13:32:00+00:00,202.02
2026-04-21 13:33:00+00:00,201.91
2026-04-21 13:34:00+00:00,202.14
2026-04-21 13:35:00+00:00,202.04
2026-04-21 13:36:00+00:00,201.885
2026-04-21 13:37:00+00:00,201.8
2026-04-21 13:38:00+00:00,201.66
2026-04-21 13:39:00+00:00,201.61
2026-04-21 13:40:00+00:00,201.295
2026-04-21 13:41:00+00:00,200.865
2026-04-21 13:42:00+00:00,201.345
2026-04-21 13:43:00+00:00,201.325
2026-04-21 13:44:00+00:00,201.2
2026-04-21 13:45:00+00:00,201.06
2026-04-21 13:46:00+00:00,201.04
2026-04-21 13:47:00+00:00,201.385
2026-04-21 13:48:00+00:00,201.46
2026-04-21 13:49:00+00:00,201.5
2026-04-21 13:50:00+00:00,201.51
2026-04-21 13:51:00+00:00,201.46
2026-04-21 13:52:00+00:00,201.75
2026-04-21 13:53:00+00:00,201.69
2026-04-21 13:54:00+00:00,201.54
2026-04-21 13:55:00+00:00,201.695
2026-04-21 13:56:00+00:00,201.63
2026-04-21 13:57:00+00:00,201.39
2026-04-21 13:58:00+00:00,201.36
2026-04-21 13:59:00+00:00,201.46
2026-04-21 14:00:00+00:00,201.53
2026-04-21 14:01:00+00:00,201.44
2026-04-21 14:02:00+00:00,201.46
2026-04-21 14:03:00+00:00,201.575
2026-04-21 14:04:00+00:00,201.67
2026-04-21 14:05:00+00:00,201.85
2026-04-21 14:06:00+00:00,202.03
2026-04-21 14:07:00+00:00,202.02
2026-04-21 14:08:00+00:00,201.94
2026-04-21 14:09:00+00:00,202.12
2026-04-21 14:10:00+00:00,202.12
2026-04-21 14:11:00+00:00,202.44
2026-04-21 14:12:00+00:00,202.16
2026-04-21 14:13:00+00:00,202.15
2026-04-21 14:14:00+00:00,202.16
2026-04-21 14:15:00+00:00,202.27
2026-04-21 14:16:00+00:00,202.25
2026-04-21 14:17:00+00:00,202.18
2026-04-21 14:18:00+00:00,201.95
2026-04-21 14:19:00+00:00,201.975
2026-04-21 14:20:00+00:00,201.63
2026-04-21 14:21:00+00:00,201.785
2026-04-21 14:22:00+00:00,201.72
2026-04-21 14:23:00+00:00,201.52
2026-04-21 14:24:00+00:00,201.66
2026-04-21 14:25:00+00:00,201.895
2026-04-21 14:26:00+00:00,201.955
2026-04-21 14:27:00+00:00,202.01
2026-04-21 14:28:00+00:00,201.85
2026-04-21 14:29:00+00:00,201.89
2026-04-21 14:30:00+00:00,201.885
2026-04-21 14:31:00+00:00,201.785
2026-04-21 14:32:00+00:00,201.66
2026-04-21 14:33:00+00:00,201.61
2026-04-21 14:34:00+00:00,201.76
2026-04-21 14:35:00+00:00,201.775
2026-04-21 14:36:00+00:00,201.89
2026-04-21 14:37:00+00:00,201.81
2026-04-21 14:38:00+00:00,201.8
2026-04-21 14:39:00+00:00,201.7
2026-04-21 14:40:00+00:00,201.7
2026-04-21 14:41:00+00:00,201.96
2026-04-21 14:42:00+00:00,201.95
2026-04-21 14:43:00+00:00,201.92
2026-04-21 14:44:00+00:00,201.825
2026-04-21 14:45:00+00:00,201.67
2026-04-21 14:46:00+00:00,201.57
2026-04-21 14:47:00+00:00,201.61
2026-04-21 14:48:00+00:00,201.66
2026-04-21 14:49:00+00:00,201.79
2026-04-21 14:50:00+00:00,201.72
2026-04-21 14:51:00+00:00,201.75
2026-04-21 14:52:00+00:00,201.73
2026-04-21 14:53:00+00:00,201.83
2026-04-21 14:54:00+00:00,201.74
2026-04-21 14:55:00+00:00,201.705
2026-04-21 14:56:00+00:00,201.7
2026-04-21 14:57:00+00:00,201.58
2026-04-21 14:58:00+00:00,201.37
2026-04-21 14:59:00+00:00,201.135
2026-04-21 15:00:00+00:00,201.11
2026-04-21 15:01:00+00:00,200.97
2026-04-21 15:02:00+00:00,200.995
2026-04-21 15:03:00+00:00,200.735
2026-04-21 15:04:00+00:00,200.855
2026-04-21 15:05:00+00:00,200.64
2026-04-21 15:06:00+00:00,200.75
2026-04-21 15:07:00+00:00,201.09
2026-04-21 15:08:00+00:00,201.15
2026-04-21 15:09:00+00:00,201.14
2026-04-21 15:10:00+00:00,201.3
2026-04-21 15:11:00+00:00,201.34
2026-04-21 15:12:00+00:00,201.35
2026-04-21 15:13:00+00:00,201.365
2026-04-21 15:14:00+00:00,201.405
2026-04-21 15:15:00+00:00,201.4
2026-04-21 15:16:00+00:00,201.38
2026-04-21 15:17:00+00:00,201.39
2026-04-21 15:18:00+00:00,201.45
2026-04-21 15:19:00+00:00,201.585
2026-04-21 15:20:00+00:00,201.565
2026-04-21 15:21:00+00:00,201.63
2026-04-21 15:22:00+00:00,201.55
2026-04-21 15:23:00+00:00,201.385
2026-04-21 15:24:00+00:00,201.35
2026-04-21 15:25:00+00:00,201.22
2026-04-21 15:26:00+00:00,201.055
2026-04-21 15:27:00+00:00,201.0
2026-04-21 15:28:00+00:00,200.95
2026-04-21 15:29:00+00:00,201.055
2026-04-21 15:30:00+00:00,201.14
2026-04-21 15:31:00+00:00,201.1
2026-04-21 15:32:00+00:00,201.18
2026-04-21 15:33:00+00:00,201.17
2026-04-21 15:34:00+00:00,201.265
2026-04-21 15:35:00+00:00,201.05
2026-04-21 15:36:00+00:00,200.93
2026-04-21 15:37:00+00:00,201.115
2026-04-21 15:38:00+00:00,201.13
2026-04-21 15:39:00+00:00,201.22
2026-04-21 15:40:00+00:00,201.23
2026-04-21 15:41:00+00:00,201.12
2026-04-21 15:42:00+00:00,201.11
2026-04-21 15:43:00+00:00,201.14
2026-04-21 15:44:00+00:00,201.22
2026-04-21 15:45:00+00:00,201.18
2026-04-21 15:46:00+00:00,201.12
2026-04-21 15:47:00+00:00,201.26
2026-04-21 15:48:00+00:00,201.255
2026-04-21 15:49:00+00:00,201.12
2026-04-21 15:50:00+00:00,200.985
2026-04-21 15:51:00+00:00,200.96
2026-04-21 15:52:00+00:00,200.89
2026-04-21 15:53:00+00:00,200.91
2026-04-21 15:54:00+00:00,200.86
2026-04-21 15:55:00+00:00,200.94
2026-04-21 15:56:00+00:00,201.005
2026-04-21 15:57:00+00:00,200.95
2026-04-21 15:58:00+00:00,200.8
2026-04-21 15:59:00+00:00,200.72
2026-04-21 16:00:00+00:00,200.8
2026-04-21 16:01:00+00:00,200.71
2026-04-21 16:02:00+00:00,200.74
2026-04-21 16:03:00+00:00,200.53
2026-04-21 16:04:00+00:00,200.5
2026-04-21 16:05:00+00:00,200.435
2026-04-21 16:06:00+00:00,200.61
2026-04-21 16:07:00+00:00,200.48
2026-04-21 16:08:00+00:00,200.53
2026-04-21 16:09:00+00:00,200.62
2026-04-21 16:10:00+00:00,200.54
2026-04-21 16:11:00+00:00,200.41
2026-04-21 16:12:00+00:00,200.37
2026-04-21 16:13:00+00:00,200.35
2026-04-21 16:14:00+00:00,200.33
2026-04-21 16:15:00+00:00,200.41
2026-04-21 16:16:00+00:00,200.48
2026-04-21 16:17:00+00:00,200.5
2026-04-21 16:18:00+00:00,200.535
2026-04-21 16:19:00+00:00,200.38
2026-04-21 16:20:00+00:00,200.17
2026-04-21 16:21:00+00:00,200.165
2026-04-21 16:22:00+00:00,200.28
2026-04-21 16:23:00+00:00,200.16
2026-04-21 16:24:00+00:00,200.1
2026-04-21 16:25:00+00:00,200.045
2026-04-21 16:26:00+00:00,200.06
2026-04-21 16:27:00+00:00,200.175
2026-04-21 16:28:00+00:00,200.07
2026-04-21 16:29:00+00:00,199.89
2026-04-21 16:30:00+00:00,200.065
2026-04-21 16:31:00+00:00,200.07
2026-04-21 16:32:00+00:00,200.02
2026-04-21 16:33:00+00:00,200.025
2026-04-21 16:34:00+00:00,200.05
2026-04-21 16:35:00+00:00,200.13
2026-04-21 16:36:00+00:00,200.19
2026-04-21 16:37:00+00:00,200.05
2026-04-21 16:38:00+00:00,200.05
2026-04-21 16:39:00+00:00,200.145
2026-04-21 16:40:00+00:00,200.11
2026-04-21 16:41:00+00:00,200.02
2026-04-21 16:42:00+00:00,200.045
2026-04-21 16:43:00+00:00,199.905
2026-04-21 16:44:00+00:00,199.83
2026-04-21 16:45:00+00:00,200.08
2026-04-21 16:46:00+00:00,200.215
2026-04-21 16:47:00+00:00,200.19
2026-04-21 16:48:00+00:00,200.24
2026-04-21 16:49:00+00:00,200.165
2026-04-21 16:50:00+00:00,200.16
2026-04-21 16:51:00+00:00,200.11
2026-04-21 16:52:00+00:00,200.1
2026-04-21 16:53:00+00:00,200.04
2026-04-21 16:54:00+00:00,200.015
2026-04-21 16:55:00+00:00,200.15
2026-04-21 16:56:00+00:00,200.1
2026-04-21 16:57:00+00:00,200.06
2026-04-21 16:58:00+00:00,200.09
2026-04-21 16:59:00+00:00,199.955
2026-04-21 17:00:00+00:00,200.06
2026-04-21 17:01:00+00:00,200.14
2026-04-21 17:02:00+00:00,200.145
2026-04-21 17:03:00+00:00,200.15
2026-04-21 17:04:00+00:00,200.025
2026-04-21 17:05:00+00:00,199.73
2026-04-21 17:06:00+00:00,199.53
2026-04-21 17:07:00+00:00,199.67
2026-04-21 17:08:00+00:00,199.7
2026-04-21 17:09:00+00:00,199.7
2026-04-21 17:10:00+00:00,199.385
2026-04-21 17:11:00+00:00,199.41
2026-04-21 17:12:00+00:00,199.25
2026-04-21 17:13:00+00:00,199.34
2026-04-21 17:14:00+00:00,199.47
2026-04-21 17:15:00+00:00,199.39
2026-04-21 17:16:00+00:00,199.445
2026-04-21 17:17:00+00:00,199.43
2026-04-21 17:18:00+00:00,199.14
2026-04-21 17:19:00+00:00,199.08
2026-04-21 17:20:00+00:00,199.12
2026-04-21 17:21:00+00:00,199.34
2026-04-21 17:22:00+00:00,199.18
2026-04-21 17:23:00+00:00,199.18
2026-04-21 17:24:00+00:00,199.27
2026-04-21 17:25:00+00:00,199.46
2026-04-21 17:26:00+00:00,199.37
2026-04-21 17:27:00+00:00,199.3
2026-04-21 17:28:00+00:00,199.16
2026-04-21 17:29:00+00:00,199.34
2026-04-21 17:30:00+00:00,199.44
2026-04-21 17:31:00+00:00,199.5
2026-04-21 17:32:00+00:00,199.68
2026-04-21 17:33:00+00:00,199.72
2026-04-21 17:34:00+00:00,199.7
2026-04-21 17:35:00+00:00,199.64
2026-04-21 17:36:00+00:00,199.67
2026-04-21 17:37:00+00:00,199.695
2026-04-21 17:38:00+00:00,200.0
2026-04-21 17:39:00+00:00,200.05
2026-04-21 17:40:00+00:00,200.075
2026-04-21 17:41:00+00:00,200.19
2026-04-21 17:42:00+00:00,200.18
2026-04-21 17:43:00+00:00,200.02
2026-04-21 17:44:00+00:00,200.145
2026-04-21 17:45:00+00:00,199.92
2026-04-21 17:46:00+00:00,199.755
2026-04-21 17:47:00+00:00,199.69
2026-04-21 17:48:00+00:00,199.83
2026-04-21 17:49:00+00:00,199.77
2026-04-21 17:50:00+00:00,199.65
2026-04-21 17:51:00+00:00,199.6
2026-04-21 17:52:00+00:00,199.785
2026-04-21 17:53:00+00:00,199.65
2026-04-21 17:54:00+00:00,199.535
2026-04-21 17:55:00+00:00,199.4
2026-04-21 17:56:00+00:00,199.485
2026-04-21 17:57:00+00:00,199.54
2026-04-21 17:58:00+00:00,199.59
2026-04-21 17:59:00+00:00,199.595
2026-04-21 18:00:00+00:00,199.73
2026-04-21 18:01:00+00:00,199.81
2026-04-21 18:02:00+00:00,199.7
2026-04-21 18:03:00+00:00,199.63
2026-04-21 18:04:00+00:00,199.61
2026-04-21 18:05:00+00:00,199.71
2026-04-21 18:06:00+00:00,199.77
2026-04-21 18:07:00+00:00,199.855
2026-04-21 18:08:00+00:00,199.8
2026-04-21 18:09:00+00:00,199.8
2026-04-21 18:10:00+00:00,199.77
2026-04-21 18:11:00+00:00,199.94
2026-04-21 18:12:00+00:00,200.04
2026-04-21 18:13:00+00:00,199.995
2026-04-21 18:14:00+00:00,200.06
2026-04-21 18:15:00+00:00,200.11
2026-04-21 18:16:00+00:00,199.94
2026-04-21 18:17:00+00:00,199.97
2026-04-21 18:18:00+00:00,199.85
2026-04-21 18:19:00+00:00,199.82
2026-04-21 18:20:00+00:00,199.9
2026-04-21 18:21:00+00:00,199.915
2026-04-21 18:22:00+00:00,199.74
2026-04-21 18:23:00+00:00,199.82
2026-04-21 18:24:00+00:00,199.7
2026-04-21 18:25:00+00:00,199.82
2026-04-21 18:26:00+00:00,199.86
2026-04-21 18:27:00+00:00,199.815
2026-04-21 18:28:00+00:00,199.8
2026-04-21 18:29:00+00:00,199.945
2026-04-21 18:30:00+00:00,200.06
2026-04-21 18:31:00+00:00,200.11
2026-04-21 18:32:00+00:00,200.16
2026-04-21 18:33:00+00:00,200.19
2026-04-21 18:34:00+00:00,200.14
2026-04-21 18:35:00+00:00,200.14
2026-04-21 18:36:00+00:00,200.14
2026-04-21 18:37:00+00:00,200.1
2026-04-21 18:38:00+00:00,200.225
2026-04-21 18:39:00+00:00,200.33
2026-04-21 18:40:00+00:00,200.35
2026-04-21 18:41:00+00:00,200.49
2026-04-21 18:42:00+00:00,200.43
2026-04-21 18:43:00+00:00,200.39
2026-04-21 18:44:00+00:00,200.385
2026-04-21 18:45:00+00:00,200.42
2026-04-21 18:46:00+00:00,200.485
2026-04-21 18:47:00+00:00,200.5
2026-04-21 18:48:00+00:00,200.41
2026-04-21 18:49:00+00:00,200.37
2026-04-21 18:50:00+00:00,200.31
2026-04-21 18:51:00+00:00,200.31
2026-04-21 18:52:00+00:00,200.28
2026-04-21 18:53:00+00:00,200.335
2026-04-21 18:54:00+00:00,200.735
2026-04-21 18:55:00+00:00,200.5
2026-04-21 18:56:00+00:00,200.455
2026-04-21 18:57:00+00:00,200.61
2026-04-21 18:58:00+00:00,200.57
2026-04-21 18:59:00+00:00,200.65
2026-04-21 19:00:00+00:00,200.685
2026-04-21 19:01:00+00:00,200.7
2026-04-21 19:02:00+00:00,200.66
2026-04-21 19:03:00+00:00,200.63
2026-04-21 19:04:00+00:00,200.72
2026-04-21 19:05:00+00:00,200.78
2026-04-21 19:06:00+00:00,200.71
2026-04-21 19:07:00+00:00,200.72
2026-04-21 19:08:00+00:00,200.68
2026-04-21 19:09:00+00:00,200.66
2026-04-21 19:10:00+00:00,200.62
2026-04-21 19:11:00+00:00,200.615
2026-04-21 19:12:00+00:00,200.74
2026-04-21 19:13:00+00:00,200.76
2026-04-21 19:14:00+00:00,200.46
2026-04-21 19:15:00+00:00,200.52
2026-04-21 19:16:00+00:00,200.645
2026-04-21 19:17:00+00:00,200.49
2026-04-21 19:18:00+00:00,200.57
2026-04-21 19:19:00+00:00,200.56
2026-04-21 19:20:00+00:00,200.56
2026-04-21 19:21:00+00:00,200.51
2026-04-21 19:22:00+00:00,200.525
2026-04-21 19:23:00+00:00,200.62
2026-04-21 19:24:00+00:00,200.65
2026-04-21 19:25:00+00:00,200.78
2026-04-21 19:26:00+00:00,200.875
2026-04-21 19:27:00+00:00,200.84
2026-04-21 19:28:00+00:00,200.93
2026-04-21 19:29:00+00:00,200.945
2026-04-21 19:30:00+00:00,201.15
2026-04-21 19:31:00+00:00,201.13
2026-04-21 19:32:00+00:00,201.12
2026-04-21 19:33:00+00:00,201.0
2026-04-21 19:34:00+00:00,201.015
2026-04-21 19:35:00+00:00,200.87
2026-04-21 19:36:00+00:00,200.81
2026-04-21 19:37:00+00:00,200.69
2026-04-21 19:38:00+00:00,200.43
2026-04-21 19:39:00+00:00,200.54
2026-04-21 19:40:00+00:00,200.5
2026-04-21 19:41:00+00:00,200.21
2026-04-21 19:42:00+00:00,199.75
2026-04-21 19:43:00+00:00,199.45
2026-04-21 19:44:00+00:00,199.37
2026-04-21 19:45:00+00:00,199.61
2026-04-21 19:46:00+00:00,199.68
2026-04-21 19:47:00+00:00,199.8
2026-04-21 19:48:00+00:00,199.7
2026-04-21 19:49:00+00:00,199.76
2026-04-21 19:50:00+00:00,199.79
2026-04-21 19:51:00+00:00,199.73
2026-04-21 19:52:00+00:00,199.69
2026-04-21 19:53:00+00:00,199.6
2026-04-21 19:54:00+00:00,199.51
2026-04-21 19:55:00+00:00,199.665
2026-04-21 19:56:00+00:00,199.64
2026-04-21 19:57:00+00:00,199.775
2026-04-21 19:58:00+00:00,199.89
2026-04-21 19:59:00+00:00,199.82
2026-04-21 20:00:00+00:00,199.7
2026-04-21 20:09:00+00:00,199.8
2026-04-21 20:11:00+00:00,200.41
2026-04-21 20:12:00+00:00,200.37
2026-04-21 20:15:00+00:00,200.78
2026-04-22 12:22:00+00:00,201.13
2026-04-22 12:38:00+00:00,200.93
2026-04-22 13:30:00+00:00,200.27
2026-04-22 13:31:00+00:00,200.28
2026-04-22 13:32:00+00:00,200.75
2026-04-22 13:33:00+00:00,200.39
2026-04-22 13:34:00+00:00,200.45
2026-04-22 13:35:00+00:00,200.46
2026-04-22 13:36:00+00:00,200.425
2026-04-22 13:37:00+00:00,200.48
2026-04-22 13:38:00+00:00,200.3
2026-04-22 13:39:00+00:00,200.05
2026-04-22 13:40:00+00:00,200.21
2026-04-22 13:41:00+00:00,200.32
2026-04-22 13:42:00+00:00,200.32
2026-04-22 13:43:00+00:00,200.22
2026-04-22 13:44:00+00:00,200.45
2026-04-22 13:45:00+00:00,200.33
2026-04-22 13:46:00+00:00,200.41
2026-04-22 13:47:00+00:00,200.3
2026-04-22 13:48:00+00:00,199.865
2026-04-22 13:49:00+00:00,199.89
2026-04-22 13:50:00+00:00,199.765
2026-04-22 13:51:00+00:00,199.75
2026-04-22 13:52:00+00:00,199.85
2026-04-22 13:53:00+00:00,199.815
2026-04-22 13:54:00+00:00,200.02
2026-04-22 13:55:00+00:00,199.99
2026-04-22 13:56:00+00:00,199.81
2026-04-22 13:57:00+00:00,199.71
2026-04-22 13:58:00+00:00,199.75
2026-04-22 13:59:00+00:00,199.84
2026-04-22 14:00:00+00:00,199.91
2026-04-22 14:01:00+00:00,199.83
2026-04-22 14:02:00+00:00,199.58
2026-04-22 14:03:00+00:00,199.55
2026-04-22 14:04:00+00:00,199.7
2026-04-22 14:05:00+00:00,199.52
2026-04-22 14:06:00+00:00,199.59
2026-04-22 14:07:00+00:00,199.79
2026-04-22 14:08:00+00:00,199.78
2026-04-22 14:09:00+00:00,199.67
2026-04-22 14:10:00+00:00,199.9
2026-04-22 14:11:00+00:00,199.84
2026-04-22 14:12:00+00:00,199.82
2026-04-22 14:13:00+00:00,199.99
2026-04-22 14:14:00+00:00,200.12
2026-04-22 14:15:00+00:00,200.23
2026-04-22 14:16:00+00:00,200.05
2026-04-22 14:17:00+00:00,199.955
2026-04-22 14:18:00+00:00,199.965
2026-04-22 14:19:00+00:00,200.0
2026-04-22 14:20:00+00:00,200.185
2026-04-22 14:21:00+00:00,200.42
2026-04-22 14:22:00+00:00,200.29
2026-04-22 14:23:00+00:00,200.31
2026-04-22 14:24:00+00:00,200.255
2026-04-22 14:25:00+00:00,200.37
2026-04-22 14:26:00+00:00,200.39
2026-04-22 14:27:00+00:00,200.23
2026-04-22 14:28:00+00:00,200.3
2026-04-22 14:29:00+00:00,200.36
2026-04-22 14:30:00+00:00,200.41
2026-04-22 14:31:00+00:00,200.69
2026-04-22 14:32:00+00:00,200.455
2026-04-22 14:33:00+00:00,200.5
2026-04-22 14:34:00+00:00,200.59
2026-04-22 14:35:00+00:00,200.525
2026-04-22 14:36:00+00:00,200.77
2026-04-22 14:37:00+00:00,200.825
2026-04-22 14:38:00+00:00,200.92
2026-04-22 14:39:00+00:00,200.9
2026-04-22 14:40:00+00:00,200.85
2026-04-22 14:41:00+00:00,200.8
2026-04-22 14:42:00+00:00,200.82
2026-04-22 14:43:00+00:00,200.75
2026-04-22 14:44:00+00:00,200.885
2026-04-22 14:45:00+00:00,201.24
2026-04-22 14:46:00+00:00,201.43
2026-04-22 14:47:00+00:00,201.37
2026-04-22 14:48:00+00:00,201.41
2026-04-22 14:49:00+00:00,201.32
2026-04-22 14:50:00+00:00,201.35
2026-04-22 14:51:00+00:00,201.385
2026-04-22 14:52:00+00:00,201.25
2026-04-22 14:53:00+00:00,201.25
2026-04-22 14:54:00+00:00,201.405
2026-04-22 14:55:00+00:00,201.375
2026-04-22 14:56:00+00:00,201.445
2026-04-22 14:57:00+00:00,201.39
2026-04-22 14:58:00+00:00,201.225
2026-04-22 14:59:00+00:00,201.19
2026-04-22 15:00:00+00:00,200.99
2026-04-22 15:01:00+00:00,201.11
2026-04-22 15:02:00+00:00,201.125
2026-04-22 15:03:00+00:00,201.21
2026-04-22 15:04:00+00:00,201.13
2026-04-22 15:05:00+00:00,201.26
2026-04-22 15:06:00+00:00,201.245
2026-04-22 15:07:00+00:00,201.35
2026-04-22 15:08:00+00:00,201.425
2026-04-22 15:09:00+00:00,201.38
2026-04-22 15:10:00+00:00,201.45
2026-04-22 15:11:00+00:00,201.435
2026-04-22 15:12:00+00:00,201.38
2026-04-22 15:13:00+00:00,201.41
2026-04-22 15:14:00+00:00,201.365
2026-04-22 15:15:00+00:00,201.405
2026-04-22 15:16:00+00:00,201.6
2026-04-22 15:17:00+00:00,201.595
2026-04-22 15:18:00+00:00,201.605
2026-04-22 15:19:00+00:00,201.55
2026-04-22 15:20:00+00:00,201.49
2026-04-22 15:21:00+00:00,201.545
2026-04-22 15:22:00+00:00,201.445
2026-04-22 15:23:00+00:00,201.575
2026-04-22 15:24:00+00:00,201.625
2026-04-22 15:25:00+00:00,201.65
2026-04-22 15:26:00+00:00,201.66
2026-04-22 15:27:00+00:00,201.66
2026-04-22 15:28:00+00:00,201.77
2026-04-22 15:29:00+00:00,201.61
2026-04-22 15:30:00+00:00,201.64
2026-04-22 15:31:00+00:00,201.365
2026-04-22 15:32:00+00:00,201.325
2026-04-22 15:33:00+00:00,201.4
2026-04-22 15:34:00+00:00,201.47
2026-04-22 15:35:00+00:00,201.425
2026-04-22 15:36:00+00:00,201.35
2026-04-22 15:37:00+00:00,201.48
2026-04-22 15:38:00+00:00,201.46
2026-04-22 15:39:00+00:00,201.42
2026-04-22 15:40:00+00:00,201.47
2026-04-22 15:41:00+00:00,201.455
2026-04-22 15:42:00+00:00,201.28
2026-04-22 15:43:00+00:00,201.225
2026-04-22 15:44:00+00:00,201.03
2026-04-22 15:45:00+00:00,201.14
2026-04-22 15:46:00+00:00,201.19
2026-04-22 15:47:00+00:00,201.15
2026-04-22 15:48:00+00:00,201.265
2026-04-22 15:49:00+00:00,201.275
2026-04-22 15:50:00+00:00,201.2
2026-04-22 15:51:00+00:00,201.19
2026-04-22 15:52:00+00:00,201.17
2026-04-22 15:53:00+00:00,201.35
2026-04-22 15:54:00+00:00,201.43
2026-04-22 15:55:00+00:00,201.44
2026-04-22 15:56:00+00:00,201.44
2026-04-22 15:57:00+00:00,201.29
2026-04-22 15:58:00+00:00,201.23
2026-04-22 15:59:00+00:00,201.21
2026-04-22 16:00:00+00:00,201.14
2026-04-22 16:01:00+00:00,201.185
2026-04-22 16:02:00+00:00,201.24
2026-04-22 16:03:00+00:00,201.24
2026-04-22 16:04:00+00:00,201.355
2026-04-22 16:05:00+00:00,201.365
2026-04-22 16:06:00+00:00,201.31
2026-04-22 16:07:00+00:00,201.21
2026-04-22 16:08:00+00:00,201.24
2026-04-22 16:09:00+00:00,201.28
2026-04-22 16:10:00+00:00,201.28
2026-04-22 16:11:00+00:00,201.28
2026-04-22 16:12:00+00:00,201.225
2026-04-22 16:13:00+00:00,201.205
2026-04-22 16:14:00+00:00,201.19
2026-04-22 16:15:00+00:00,201.215
2026-04-22 16:16:00+00:00,201.06
2026-04-22 16:17:00+00:00,201.22
2026-04-22 16:18:00+00:00,201.07
2026-04-22 16:19:00+00:00,200.945
2026-04-22 16:20:00+00:00,201.095
2026-04-22 16:21:00+00:00,201.27
2026-04-22 16:22:00+00:00,201.3
2026-04-22 16:23:00+00:00,201.28
2026-04-22 16:24:00+00:00,201.23
2026-04-22 16:25:00+00:00,201.22
2026-04-22 16:26:00+00:00,201.155
2026-04-22 16:27:00+00:00,201.22
2026-04-22 16:28:00+00:00,201.24
2026-04-22 16:29:00+00:00,201.09
2026-04-22 16:30:00+00:00,201.09
2026-04-22 16:31:00+00:00,201.17
2026-04-22 16:32:00+00:00,201.19
2026-04-22 16:33:00+00:00,201.165
2026-04-22 16:34:00+00:00,201.14
2026-04-22 16:35:00+00:00,201.1
2026-04-22 16:36:00+00:00,201.045
2026-04-22 16:37:00+00:00,201.035
2026-04-22 16:38:00+00:00,201.04
2026-04-22 16:39:00+00:00,201.09
2026-04-22 16:40:00+00:00,201.08
2026-04-22 16:41:00+00:00,201.14
2026-04-22 16:42:00+00:00,200.98
2026-04-22 16:43:00+00:00,201.05
2026-04-22 16:44:00+00:00,201.11
2026-04-22 16:45:00+00:00,201.06
2026-04-22 16:46:00+00:00,201.1
2026-04-22 16:47:00+00:00,201.1
2026-04-22 16:48:00+00:00,201.12
2026-04-22 16:49:00+00:00,201.14
2026-04-22 16:50:00+00:00,201.18
2026-04-22 16:51:00+00:00,201.175
2026-04-22 16:52:00+00:00,201.18
2026-04-22 16:53:00+00:00,201.255
2026-04-22 16:54:00+00:00,201.23
2026-04-22 16:55:00+00:00,201.18
2026-04-22 16:56:00+00:00,201.09
2026-04-22 16:57:00+00:00,201.165
2026-04-22 16:58:00+00:00,201.07
2026-04-22 16:59:00+00:00,201.125
2026-04-22 17:00:00+00:00,201.35
2026-04-22 17:01:00+00:00,201.505
2026-04-22 17:02:00+00:00,201.44
2026-04-22 17:03:00+00:00,201.45
2026-04-22 17:04:00+00:00,201.54
2026-04-22 17:05:00+00:00,201.54
2026-04-22 17:06:00+00:00,201.46
2026-04-22 17:07:00+00:00,201.455
2026-04-22 17:08:00+00:00,201.58
2026-04-22 17:09:00+00:00,201.6
2026-04-22 17:10:00+00:00,201.745
2026-04-22 17:11:00+00:00,201.75
2026-04-22 17:12:00+00:00,201.85
2026-04-22 17:13:00+00:00,201.72
2026-04-22 17:14:00+00:00,201.7
2026-04-22 17:15:00+00:00,201.79
2026-04-22 17:16:00+00:00,201.68
2026-04-22 17:17:00+00:00,201.785
2026-04-22 17:18:00+00:00,201.75
2026-04-22 17:19:00+00:00,201.675
2026-04-22 17:20:00+00:00,201.755
2026-04-22 17:21:00+00:00,201.88
2026-04-22 17:22:00+00:00,201.97
2026-04-22 17:23:00+00:00,201.905
2026-04-22 17:24:00+00:00,201.93
2026-04-22 17:25:00+00:00,201.845
2026-04-22 17:26:00+00:00,201.93
2026-04-22 17:27:00+00:00,201.89
2026-04-22 17:28:00+00:00,201.83
2026-04-22 17:29:00+00:00,201.745
2026-04-22 17:30:00+00:00,201.85
2026-04-22 17:31:00+00:00,201.88
2026-04-22 17:32:00+00:00,201.86
2026-04-22 17:33:00+00:00,201.82
2026-04-22 17:34:00+00:00,201.76
2026-04-22 17:35:00+00:00,201.825
2026-04-22 17:36:00+00:00,201.835
2026-04-22 17:37:00+00:00,201.83
2026-04-22 17:38:00+00:00,201.94
2026-04-22 17:39:00+00:00,201.99
2026-04-22 17:40:00+00:00,202.06
2026-04-22 17:41:00+00:00,202.04
2026-04-22 17:42:00+00:00,202.19
2026-04-22 17:43:00+00:00,202.075
2026-04-22 17:44:00+00:00,202.0
2026-04-22 17:45:00+00:00,201.99
2026-04-22 17:46:00+00:00,201.93
2026-04-22 17:47:00+00:00,201.935
2026-04-22 17:48:00+00:00,201.84
2026-04-22 17:49:00+00:00,201.975
2026-04-22 17:50:00+00:00,202.005
2026-04-22 17:51:00+00:00,202.12
2026-04-22 17:52:00+00:00,202.24
2026-04-22 17:53:00+00:00,202.26
2026-04-22 17:54:00+00:00,202.225
2026-04-22 17:55:00+00:00,202.32
2026-04-22 17:56:00+00:00,202.29
2026-04-22 17:57:00+00:00,202.34
2026-04-22 17:58:00+00:00,202.38
2026-04-22 17:59:00+00:00,202.27
2026-04-22 18:00:00+00:00,202.31
2026-04-22 18:01:00+00:00,202.34
2026-04-22 18:02:00+00:00,202.425
2026-04-22 18:03:00+00:00,202.445
2026-04-22 18:04:00+00:00,202.35
2026-04-22 18:05:00+00:00,202.475
2026-04-22 18:06:00+00:00,202.24
2026-04-22 18:07:00+00:00,202.24
2026-04-22 18:08:00+00:00,202.245
2026-04-22 18:09:00+00:00,202.13
2026-04-22 18:10:00+00:00,202.17
2026-04-22 18:11:00+00:00,202.13
2026-04-22 18:12:00+00:00,202.15
2026-04-22 18:13:00+00:00,202.21
2026-04-22 18:14:00+00:00,202.14
2026-04-22 18:15:00+00:00,202.09
2026-04-22 18:16:00+00:00,201.915
2026-04-22 18:17:00+00:00,201.85
2026-04-22 18:18:00+00:00,201.99
2026-04-22 18:19:00+00:00,201.875
2026-04-22 18:20:00+00:00,201.78
2026-04-22 18:21:00+00:00,201.75
2026-04-22 18:22:00+00:00,201.715
2026-04-22 18:23:00+00:00,201.72
2026-04-22 18:24:00+00:00,201.87
2026-04-22 18:25:00+00:00,201.795
2026-04-22 18:26:00+00:00,201.79
2026-04-22 18:27:00+00:00,201.77
2026-04-22 18:28:00+00:00,201.87
2026-04-22 18:29:00+00:00,201.665
2026-04-22 18:30:00+00:00,201.66
2026-04-22 18:31:00+00:00,201.69
2026-04-22 18:32:00+00:00,201.55
2026-04-22 18:33:00+00:00,201.63
2026-04-22 18:34:00+00:00,201.65
2026-04-22 18:35:00+00:00,201.775
2026-04-22 18:36:00+00:00,201.815
2026-04-22 18:37:00+00:00,201.81
2026-04-22 18:38:00+00:00,201.86
2026-04-22 18:39:00+00:00,201.88
2026-04-22 18:40:00+00:00,201.92
2026-04-22 18:41:00+00:00,201.9
2026-04-22 18:42:00+00:00,201.85
2026-04-22 18:43:00+00:00,201.925
2026-04-22 18:44:00+00:00,201.82
2026-04-22 18:45:00+00:00,201.84
2026-04-22 18:46:00+00:00,201.82
2026-04-22 18:47:00+00:00,201.875
2026-04-22 18:48:00+00:00,201.8
2026-04-22 18:49:00+00:00,201.845
2026-04-22 18:50:00+00:00,201.865
2026-04-22 18:51:00+00:00,201.96
2026-04-22 18:52:00+00:00,201.96
2026-04-22 18:53:00+00:00,201.945
2026-04-22 18:54:00+00:00,201.88
2026-04-22 18:55:00+00:00,201.81
2026-04-22 18:56:00+00:00,201.67
2026-04-22 18:57:00+00:00,201.6
2026-04-22 18:58:00+00:00,201.67
2026-04-22 18:59:00+00:00,201.59
2026-04-22 19:00:00+00:00,201.37
2026-04-22 19:01:00+00:00,201.38
2026-04-22 19:02:00+00:00,201.39
2026-04-22 19:03:00+00:00,201.32
2026-04-22 19:04:00+00:00,201.43
2026-04-22 19:05:00+00:00,201.54
2026-04-22 19:06:00+00:00,201.635
2026-04-22 19:07:00+00:00,201.78
2026-04-22 19:08:00+00:00,201.685
2026-04-22 19:09:00+00:00,201.67
2026-04-22 19:10:00+00:00,201.695
2026-04-22 19:11:00+00:00,201.72
2026-04-22 19:12:00+00:00,201.63
2026-04-22 19:13:00+00:00,201.69
2026-04-22 19:14:00+00:00,201.75
2026-04-22 19:15:00+00:00,201.78
2026-04-22 19:16:00+00:00,201.81
2026-04-22 19:17:00+00:00,201.815
2026-04-22 19:18:00+00:00,201.88
2026-04-22 19:19:00+00:00,201.935
2026-04-22 19:20:00+00:00,201.955
2026-04-22 19:21:00+00:00,201.96
2026-04-22 19:22:00+00:00,201.845
2026-04-22 19:23:00+00:00,201.815
2026-04-22 19:24:00+00:00,201.855
2026-04-22 19:25:00+00:00,201.88
2026-04-22 19:26:00+00:00,201.89
2026-04-22 19:27:00+00:00,201.75
2026-04-22 19:28:00+00:00,201.785
2026-04-22 19:29:00+00:00,201.67
2026-04-22 19:30:00+00:00,201.67
2026-04-22 19:31:00+00:00,201.8
2026-04-22 19:32:00+00:00,201.76
2026-04-22 19:33:00+00:00,201.73
2026-04-22 19:34:00+00:00,201.835
2026-04-22 19:35:00+00:00,201.81
2026-04-22 19:36:00+00:00,201.82
2026-04-22 19:37:00+00:00,201.845
2026-04-22 19:38:00+00:00,201.83
2026-04-22 19:39:00+00:00,201.73
2026-04-22 19:40:00+00:00,201.77
2026-04-22 19:41:00+00:00,201.79
2026-04-22 19:42:00+00:00,201.76
2026-04-22 19:43:00+00:00,201.755
2026-04-22 19:44:00+00:00,201.655
2026-04-22 19:45:00+00:00,201.62
2026-04-22 19:46:00+00:00,201.665
2026-04-22 19:47:00+00:00,201.69
2026-04-22 19:48:00+00:00,201.68
2026-04-22 19:49:00+00:00,201.74
2026-04-22 19:50:00+00:00,201.99
2026-04-22 19:51:00+00:00,202.03
2026-04-22 19:52:00+00:00,201.965
2026-04-22 19:53:00+00:00,202.135
2026-04-22 19:54:00+00:00,202.17
2026-04-22 19:55:00+00:00,202.37
2026-04-22 19:56:00+00:00,202.455
2026-04-22 19:57:00+00:00,202.35
2026-04-22 19:58:00+00:00,202.34
2026-04-22 19:59:00+00:00,202.42
2026-04-22 20:02:00+00:00,202.52
2026-04-22 20:17:00+00:00,202.22
2026-04-22 20:30:00+00:00,202.1
2026-04-22 20:39:00+00:00,202.15
2026-04-23 13:28:00+00:00,202.54
2026-04-23 13:30:00+00:00,202.15
2026-04-23 13:31:00+00:00,201.69
2026-04-23 13:32:00+00:00,201.68
2026-04-23 13:33:00+00:00,201.46
2026-04-23 13:34:00+00:00,201.23
2026-04-23 13:35:00+00:00,201.74
2026-04-23 13:36:00+00:00,201.62
2026-04-23 13:37:00+00:00,201.6
2026-04-23 13:38:00+00:00,201.81
2026-04-23 13:39:00+00:00,201.925
2026-04-23 13:40:00+00:00,202.195
2026-04-23 13:41:00+00:00,202.32
2026-04-23 13:42:00+00:00,202.93
2026-04-23 13:43:00+00:00,202.73
2026-04-23 13:44:00+00:00,202.63
2026-04-23 13:45:00+00:00,202.805
2026-04-23 13:46:00+00:00,203.185
2026-04-23 13:47:00+00:00,203.545
2026-04-23 13:48:00+00:00,203.55
2026-04-23 13:49:00+00:00,203.77
2026-04-23 13:50:00+00:00,203.27
2026-04-23 13:51:00+00:00,203.515
2026-04-23 13:52:00+00:00,203.72
2026-04-23 13:53:00+00:00,203.665
2026-04-23 13:54:00+00:00,203.57
2026-04-23 13:55:00+00:00,203.38
2026-04-23 13:56:00+00:00,203.295
2026-04-23 13:57:00+00:00,203.24
2026-04-23 13:58:00+00:00,202.975
2026-04-23 13:59:00+00:00,203.08
2026-04-23 14:00:00+00:00,202.66
2026-04-23 14:01:00+00:00,202.425
2026-04-23 14:02:00+00:00,202.6
2026-04-23 14:03:00+00:00,202.87
2026-04-23 14:04:00+00:00,202.95
2026-04-23 14:05:00+00:00,203.18
2026-04-23 14:06:00+00:00,202.94
2026-04-23 14:07:00+00:00,202.89
2026-04-23 14:08:00+00:00,202.94
2026-04-23 14:09:00+00:00,202.91
2026-04-23 14:10:00+00:00,202.57
2026-04-23 14:11:00+00:00,202.52
2026-04-23 14:12:00+00:00,202.485
2026-04-23 14:13:00+00:00,202.13
2026-04-23 14:14:00+00:00,202.26
2026-04-23 14:15:00+00:00,202.475
2026-04-23 14:16:00+00:00,202.43
2026-04-23 14:17:00+00:00,202.81
2026-04-23 14:18:00+00:00,202.48
2026-04-23 14:19:00+00:00,202.14
2026-04-23 14:20:00+00:00,202.16
2026-04-23 14:21:00+00:00,202.22
2026-04-23 14:22:00+00:00,201.935
2026-04-23 14:23:00+00:00,202.115
2026-04-23 14:24:00+00:00,202.01
2026-04-23 14:25:00+00:00,202.02
2026-04-23 14:26:00+00:00,202.1
2026-04-23 14:27:00+00:00,201.935
2026-04-23 14:28:00+00:00,201.74
2026-04-23 14:29:00+00:00,201.76
2026-04-23 14:30:00+00:00,201.89
2026-04-23 14:31:00+00:00,201.875
2026-04-23 14:32:00+00:00,202.095
2026-04-23 14:33:00+00:00,202.275
2026-04-23 14:34:00+00:00,202.01
2026-04-23 14:35:00+00:00,202.21
2026-04-23 14:36:00+00:00,202.33
2026-04-23 14:37:00+00:00,202.36
2026-04-23 14:38:00+00:00,201.95
2026-04-23 14:39:00+00:00,201.99
2026-04-23 14:40:00+00:00,202.1
2026-04-23 14:41:00+00:00,202.03
2026-04-23 14:42:00+00:00,201.88
2026-04-23 14:43:00+00:00,201.96
2026-04-23 14:44:00+00:00,202.02
2026-04-23 14:45:00+00:00,202.27
2026-04-23 14:46:00+00:00,202.21
2026-04-23 14:47:00+00:00,202.345
2026-04-23 14:48:00+00:00,202.16
2026-04-23 14:49:00+00:00,202.02
2026-04-23 14:50:00+00:00,201.87
2026-04-23 14:51:00+00:00,202.01
2026-04-23 14:52:00+00:00,202.22
2026-04-23 14:53:00+00:00,202.24
2026-04-23 14:54:00+00:00,202.22
2026-04-23 14:55:00+00:00,202.44
2026-04-23 14:56:00+00:00,202.47
2026-04-23 14:57:00+00:00,202.74
2026-04-23 14:58:00+00:00,202.6
2026-04-23 14:59:00+00:00,202.57
2026-04-23 15:00:00+00:00,202.76
2026-04-23 15:01:00+00:00,202.72
2026-04-23 15:02:00+00:00,202.805
2026-04-23 15:03:00+00:00,203.04
2026-04-23 15:04:00+00:00,202.91
2026-04-23 15:05:00+00:00,202.98
2026-04-23 15:06:00+00:00,202.865
2026-04-23 15:07:00+00:00,202.725
2026-04-23 15:08:00+00:00,202.875
2026-04-23 15:09:00+00:00,202.965
2026-04-23 15:10:00+00:00,202.93
2026-04-23 15:11:00+00:00,203.07
2026-04-23 15:12:00+00:00,202.985
2026-04-23 15:13:00+00:00,202.93
2026-04-23 15:14:00+00:00,202.94
2026-04-23 15:15:00+00:00,202.885
2026-04-23 15:16:00+00:00,202.85
2026-04-23 15:17:00+00:00,202.945
2026-04-23 15:18:00+00:00,202.88
2026-04-23 15:19:00+00:00,202.985
2026-04-23 15:20:00+00:00,202.97
2026-04-23 15:21:00+00:00,202.925
2026-04-23 15:22:00+00:00,202.925
2026-04-23 15:23:00+00:00,203.06
2026-04-23 15:24:00+00:00,203.035
2026-04-23 15:25:00+00:00,202.96
2026-04-23 15:26:00+00:00,202.655
2026-04-23 15:27:00+00:00,202.75
2026-04-23 15:28:00+00:00,202.705
2026-04-23 15:29:00+00:00,202.51
2026-04-23 15:30:00+00:00,202.32
2026-04-23 15:31:00+00:00,202.45
2026-04-23 15:32:00+00:00,202.56
2026-04-23 15:33:00+00:00,202.59
2026-04-23 15:34:00+00:00,202.515
2026-04-23 15:35:00+00:00,202.33
2026-04-23 15:36:00+00:00,202.345
2026-04-23 15:37:00+00:00,202.285
2026-04-23 15:38:00+00:00,202.27
2026-04-23 15:39:00+00:00,202.34
2026-04-23 15:40:00+00:00,202.33
2026-04-23 15:41:00+00:00,202.37
2026-04-23 15:42:00+00:00,202.34
2026-04-23 15:43:00+00:00,202.23
2026-04-23 15:44:00+00:00,202.1
2026-04-23 15:45:00+00:00,201.93
2026-04-23 15:46:00+00:00,201.81
2026-04-23 15:47:00+00:00,201.87
2026-04-23 15:48:00+00:00,201.71
2026-04-23 15:49:00+00:00,201.54
2026-04-23 15:50:00+00:00,201.44
2026-04-23 15:51:00+00:00,201.29
2026-04-23 15:52:00+00:00,201.38
2026-04-23 15:53:00+00:00,201.24
2026-04-23 15:54:00+00:00,201.22
2026-04-23 15:55:00+00:00,201.47
2026-04-23 15:56:00+00:00,201.49
2026-04-23 15:57:00+00:00,201.415
2026-04-23 15:58:00+00:00,201.48
2026-04-23 15:59:00+00:00,201.465
2026-04-23 16:00:00+00:00,201.47
2026-04-23 16:01:00+00:00,201.63
2026-04-23 16:02:00+00:00,201.605
2026-04-23 16:03:00+00:00,201.37
2026-04-23 16:04:00+00:00,201.12
2026-04-23 16:05:00+00:00,201.155
2026-04-23 16:06:00+00:00,201.24
2026-04-23 16:07:00+00:00,201.235
2026-04-23 16:08:00+00:00,201.115
2026-04-23 16:09:00+00:00,201.11
2026-04-23 16:10:00+00:00,201.17
2026-04-23 16:11:00+00:00,200.97
2026-04-23 16:12:00+00:00,201.19
2026-04-23 16:13:00+00:00,201.27
2026-04-23 16:14:00+00:00,201.3
2026-04-23 16:15:00+00:00,201.44
2026-04-23 16:16:00+00:00,201.255
2026-04-23 16:17:00+00:00,201.2
2026-04-23 16:18:00+00:00,201.22
2026-04-23 16:19:00+00:00,201.18
2026-04-23 16:20:00+00:00,201.105
2026-04-23 16:21:00+00:00,201.015
2026-04-23 16:22:00+00:00,201.015
2026-04-23 16:23:00+00:00,201.075
2026-04-23 16:24:00+00:00,201.155
2026-04-23 16:25:00+00:00,201.295
2026-04-23 16:26:00+00:00,201.26
2026-04-23 16:27:00+00:00,201.23
2026-04-23 16:28:00+00:00,201.21
2026-04-23 16:29:00+00:00,201.09
2026-04-23 16:30:00+00:00,201.17
2026-04-23 16:31:00+00:00,201.315
2026-04-23 16:32:00+00:00,201.41
2026-04-23 16:33:00+00:00,201.59
2026-04-23 16:34:00+00:00,201.6
2026-04-23 16:35:00+00:00,201.695
2026-04-23 16:36:00+00:00,201.65
2026-04-23 16:37:00+00:00,201.55
2026-04-23 16:38:00+00:00,201.645
2026-04-23 16:39:00+00:00,201.615
2026-04-23 16:40:00+00:00,201.655
2026-04-23 16:41:00+00:00,201.66
2026-04-23 16:42:00+00:00,201.645
2026-04-23 16:43:00+00:00,201.63
2026-04-23 16:44:00+00:00,201.65
2026-04-23 16:45:00+00:00,201.72
2026-04-23 16:46:00+00:00,201.61
2026-04-23 16:47:00+00:00,201.5
2026-04-23 16:48:00+00:00,201.53
2026-04-23 16:49:00+00:00,201.595
2026-04-23 16:50:00+00:00,201.61
2026-04-23 16:51:00+00:00,201.79
2026-04-23 16:52:00+00:00,201.83
2026-04-23 16:53:00+00:00,201.83
2026-04-23 16:54:00+00:00,201.7
2026-04-23 16:55:00+00:00,201.69
2026-04-23 16:56:00+00:00,201.645
2026-04-23 16:57:00+00:00,201.685
2026-04-23 16:58:00+00:00,201.52
2026-04-23 16:59:00+00:00,201.52
2026-04-23 17:00:00+00:00,201.55
2026-04-23 17:01:00+00:00,201.09
2026-04-23 17:02:00+00:00,201.14
2026-04-23 17:03:00+00:00,201.09
2026-04-23 17:04:00+00:00,200.87
2026-04-23 17:05:00+00:00,200.73
2026-04-23 17:06:00+00:00,200.7
2026-04-23 17:07:00+00:00,200.76
2026-04-23 17:08:00+00:00,200.54
2026-04-23 17:09:00+00:00,200.25
2026-04-23 17:10:00+00:00,200.17
2026-04-23 17:11:00+00:00,200.05
2026-04-23 17:12:00+00:00,199.99
2026-04-23 17:13:00+00:00,199.96
2026-04-23 17:14:00+00:00,200.15
2026-04-23 17:15:00+00:00,199.94
2026-04-23 17:16:00+00:00,199.51
2026-04-23 17:17:00+00:00,199.69
2026-04-23 17:18:00+00:00,199.6
2026-04-23 17:19:00+00:00,199.35
2026-04-23 17:20:00+00:00,199.405
2026-04-23 17:21:00+00:00,199.66
2026-04-23 17:22:00+00:00,199.52
2026-04-23 17:23:00+00:00,199.72
2026-04-23 17:24:00+00:00,199.475
2026-04-23 17:25:00+00:00,199.55
2026-04-23 17:26:00+00:00,199.78
2026-04-23 17:27:00+00:00,199.755
2026-04-23 17:28:00+00:00,199.555
2026-04-23 17:29:00+00:00,199.42
2026-04-23 17:30:00+00:00,199.36
2026-04-23 17:31:00+00:00,199.265
2026-04-23 17:32:00+00:00,199.32
2026-04-23 17:33:00+00:00,199.525
2026-04-23 17:34:00+00:00,199.95
2026-04-23 17:35:00+00:00,199.99
2026-04-23 17:36:00+00:00,199.385
2026-04-23 17:37:00+00:00,199.31
2026-04-23 17:38:00+00:00,199.33
2026-04-23 17:39:00+00:00,199.265
2026-04-23 17:40:00+00:00,198.82
2026-04-23 17:41:00+00:00,198.39
2026-04-23 17:42:00+00:00,198.23
2026-04-23 17:43:00+00:00,198.14
2026-04-23 17:44:00+00:00,198.12
2026-04-23 17:45:00+00:00,197.84
2026-04-23 17:46:00+00:00,197.35
2026-04-23 17:47:00+00:00,198.025
2026-04-23 17:48:00+00:00,197.97
2026-04-23 17:49:00+00:00,197.98
2026-04-23 17:50:00+00:00,197.7
2026-04-23 17:51:00+00:00,197.78
2026-04-23 17:52:00+00:00,197.64
2026-04-23 17:53:00+00:00,198.33
2026-04-23 17:54:00+00:00,198.3
2026-04-23 17:55:00+00:00,198.66
2026-04-23 17:56:00+00:00,198.705
2026-04-23 17:57:00+00:00,198.67
2026-04-23 17:58:00+00:00,198.74
2026-04-23 17:59:00+00:00,198.905
2026-04-23 18:00:00+00:00,198.8
2026-04-23 18:01:00+00:00,199.22
2026-04-23 18:02:00+00:00,199.18
2026-04-23 18:03:00+00:00,199.155
2026-04-23 18:04:00+00:00,198.995
2026-04-23 18:05:00+00:00,199.185
2026-04-23 18:06:00+00:00,199.21
2026-04-23 18:07:00+00:00,199.26
2026-04-23 18:08:00+00:00,199.225
2026-04-23 18:09:00+00:00,199.15
2026-04-23 18:10:00+00:00,199.33
2026-04-23 18:11:00+00:00,199.14
2026-04-23 18:12:00+00:00,199.14
2026-04-23 18:13:00+00:00,199.215
2026-04-23 18:14:00+00:00,199.18
2026-04-23 18:15:00+00:00,199.14
2026-04-23 18:16:00+00:00,199.2
2026-04-23 18:17:00+00:00,199.11
2026-04-23 18:18:00+00:00,199.16
2026-04-23 18:19:00+00:00,199.07
2026-04-23 18:20:00+00:00,199.015
2026-04-23 18:21:00+00:00,198.98
2026-04-23 18:22:00+00:00,199.075
2026-04-23 18:23:00+00:00,199.19
2026-04-23 18:24:00+00:00,199.065
2026-04-23 18:25:00+00:00,199.075
2026-04-23 18:26:00+00:00,199.0
2026-04-23 18:27:00+00:00,199.02
2026-04-23 18:28:00+00:00,199.1
2026-04-23 18:29:00+00:00,199.14
2026-04-23 18:30:00+00:00,199.31
2026-04-23 18:31:00+00:00,199.29
2026-04-23 18:32:00+00:00,199.27
2026-04-23 18:33:00+00:00,199.42
2026-04-23 18:34:00+00:00,199.375
2026-04-23 18:35:00+00:00,199.56
2026-04-23 18:36:00+00:00,199.61
2026-04-23 18:37:00+00:00,199.625
2026-04-23 18:38:00+00:00,199.47
2026-04-23 18:39:00+00:00,199.4
2026-04-23 18:40:00+00:00,199.34
2026-04-23 18:41:00+00:00,199.33
2026-04-23 18:42:00+00:00,199.21
2026-04-23 18:43:00+00:00,199.23
2026-04-23 18:44:00+00:00,199.37
2026-04-23 18:45:00+00:00,199.35
2026-04-23 18:46:00+00:00,199.28
2026-04-23 18:47:00+00:00,199.25
2026-04-23 18:48:00+00:00,199.255
2026-04-23 18:49:00+00:00,199.0
2026-04-23 18:50:00+00:00,198.8
2026-04-23 18:51:00+00:00,198.85
2026-04-23 18:52:00+00:00,198.87
2026-04-23 18:53:00+00:00,198.95
2026-04-23 18:54:00+00:00,198.815
2026-04-23 18:55:00+00:00,198.88
2026-04-23 18:56:00+00:00,198.71
2026-04-23 18:57:00+00:00,198.71
2026-04-23 18:58:00+00:00,198.62
2026-04-23 18:59:00+00:00,198.39
2026-04-23 19:00:00+00:00,198.47
2026-04-23 19:01:00+00:00,198.52
2026-04-23 19:02:00+00:00,198.28
2026-04-23 19:03:00+00:00,198.35
2026-04-23 19:04:00+00:00,198.41
2026-04-23 19:05:00+00:00,198.59
2026-04-23 19:06:00+00:00,198.71
2026-04-23 19:07:00+00:00,198.79
2026-04-23 19:08:00+00:00,198.87
2026-04-23 19:09:00+00:00,198.82
2026-04-23 19:10:00+00:00,198.79
2026-04-23 19:11:00+00:00,198.82
2026-04-23 19:12:00+00:00,198.7
2026-04-23 19:13:00+00:00,198.75
2026-04-23 19:14:00+00:00,198.84
2026-04-23 19:15:00+00:00,198.88
2026-04-23 19:16:00+00:00,199.08
2026-04-23 19:17:00+00:00,199.03
2026-04-23 19:18:00+00:00,199.01
2026-04-23 19:19:00+00:00,199.06
2026-04-23 19:20:00+00:00,199.03
2026-04-23 19:21:00+00:00,199.03
2026-04-23 19:22:00+00:00,199.13
2026-04-23 19:23:00+00:00,199.17
2026-04-23 19:24:00+00:00,199.19
2026-04-23 19:25:00+00:00,199.195
2026-04-23 19:26:00+00:00,199.25
2026-04-23 19:27:00+00:00,199.12
2026-04-23 19:28:00+00:00,199.16
2026-04-23 19:29:00+00:00,199.115
2026-04-23 19:30:00+00:00,199.22
2026-04-23 19:31:00+00:00,199.35
2026-04-23 19:32:00+00:00,199.44
2026-04-23 19:33:00+00:00,199.28
2026-04-23 19:34:00+00:00,199.06
2026-04-23 19:35:00+00:00,198.92
2026-04-23 19:36:00+00:00,198.94
2026-04-23 19:37:00+00:00,198.83
2026-04-23 19:38:00+00:00,198.96
2026-04-23 19:39:00+00:00,198.95
2026-04-23 19:40:00+00:00,199.1
2026-04-23 19:41:00+00:00,199.13
2026-04-23 19:42:00+00:00,199.19
2026-04-23 19:43:00+00:00,199.15
2026-04-23 19:44:00+00:00,199.075
2026-04-23 19:45:00+00:00,199.19
2026-04-23 19:46:00+00:00,199.37
2026-04-23 19:47:00+00:00,199.31
2026-04-23 19:48:00+00:00,199.35
2026-04-23 19:49:00+00:00,199.455
2026-04-23 19:50:00+00:00,199.09
2026-04-23 19:51:00+00:00,199.12
2026-04-23 19:52:00+00:00,199.315
2026-04-23 19:53:00+00:00,199.41
2026-04-23 19:54:00+00:00,199.43
2026-04-23 19:55:00+00:00,199.495
2026-04-23 19:56:00+00:00,199.59
2026-04-23 19:57:00+00:00,199.61
2026-04-23 19:58:00+00:00,199.65
2026-04-23 19:59:00+00:00,199.68
2026-04-23 20:01:00+00:00,199.76
2026-04-23 20:03:00+00:00,199.89
2026-04-23 20:09:00+00:00,199.59
2026-04-23 20:53:00+00:00,198.86
2026-04-24 12:05:00+00:00,200.72
2026-04-24 13:27:00+00:00,200.07
2026-04-24 13:29:00+00:00,200.0
2026-04-24 13:30:00+00:00,200.06
2026-04-24 13:31:00+00:00,201.345
2026-04-24 13:32:00+00:00,202.24
2026-04-24 13:33:00+00:00,202.515
2026-04-24 13:34:00+00:00,203.1
2026-04-24 13:35:00+00:00,201.72
2026-04-24 13:36:00+00:00,201.91
2026-04-24 13:37:00+00:00,202.18
2026-04-24 13:38:00+00:00,202.88
2026-04-24 13:39:00+00:00,202.91
2026-04-24 13:40:00+00:00,202.8
2026-04-24 13:41:00+00:00,202.79
2026-04-24 13:42:00+00:00,202.09
2026-04-24 13:43:00+00:00,201.87
2026-04-24 13:44:00+00:00,201.68
2026-04-24 13:45:00+00:00,202.08
2026-04-24 13:46:00+00:00,201.88
2026-04-24 13:47:00+00:00,202.0
2026-04-24 13:48:00+00:00,202.34
2026-04-24 13:49:00+00:00,202.71
2026-04-24 13:50:00+00:00,202.48
2026-04-24 13:51:00+00:00,202.17
2026-04-24 13:52:00+00:00,202.19
2026-04-24 13:53:00+00:00,202.11
2026-04-24 13:54:00+00:00,202.0
2026-04-24 13:55:00+00:00,201.69
2026-04-24 13:56:00+00:00,201.44
2026-04-24 13:57:00+00:00,201.97
2026-04-24 13:58:00+00:00,202.115
2026-04-24 13:59:00+00:00,202.12
2026-04-24 14:00:00+00:00,202.25
2026-04-24 14:01:00+00:00,202.5
2026-04-24 14:02:00+00:00,202.43
2026-04-24 14:03:00+00:00,202.22
2026-04-24 14:04:00+00:00,202.305
2026-04-24 14:05:00+00:00,202.145
2026-04-24 14:06:00+00:00,202.26
2026-04-24 14:07:00+00:00,202.35
2026-04-24 14:08:00+00:00,202.61
2026-04-24 14:09:00+00:00,202.76
2026-04-24 14:10:00+00:00,202.64
2026-04-24 14:11:00+00:00,202.82
2026-04-24 14:12:00+00:00,203.01
2026-04-24 14:13:00+00:00,202.6
2026-04-24 14:14:00+00:00,202.43
2026-04-24 14:15:00+00:00,202.67
2026-04-24 14:16:00+00:00,202.81
2026-04-24 14:17:00+00:00,202.7
2026-04-24 14:18:00+00:00,202.62
2026-04-24 14:19:00+00:00,202.65
2026-04-24 14:20:00+00:00,202.65
2026-04-24 14:21:00+00:00,202.48
2026-04-24 14:22:00+00:00,202.585
2026-04-24 14:23:00+00:00,202.605
2026-04-24 14:24:00+00:00,202.85
2026-04-24 14:25:00+00:00,202.87
2026-04-24 14:26:00+00:00,202.53
2026-04-24 14:27:00+00:00,202.5
2026-04-24 14:28:00+00:00,202.72
2026-04-24 14:29:00+00:00,202.585
2026-04-24 14:30:00+00:00,202.58
2026-04-24 14:31:00+00:00,202.565
2026-04-24 14:32:00+00:00,202.87
2026-04-24 14:33:00+00:00,203.06
2026-04-24 14:34:00+00:00,203.39
2026-04-24 14:35:00+00:00,203.52
2026-04-24 14:36:00+00:00,203.93
2026-04-24 14:37:00+00:00,203.73
2026-04-24 14:38:00+00:00,204.26
2026-04-24 14:39:00+00:00,204.71
2026-04-24 14:40:00+00:00,204.85
2026-04-24 14:41:00+00:00,205.33
2026-04-24 14:42:00+00:00,205.04
2026-04-24 14:43:00+00:00,205.77
2026-04-24 14:44:00+00:00,206.2
2026-04-24 14:45:00+00:00,206.49
2026-04-24 14:46:00+00:00,207.09
2026-04-24 14:47:00+00:00,206.6
2026-04-24 14:48:00+00:00,206.435
2026-04-24 14:49:00+00:00,206.985
2026-04-24 14:50:00+00:00,207.04
2026-04-24 14:51:00+00:00,206.98
2026-04-24 14:52:00+00:00,207.13
2026-04-24 14:53:00+00:00,207.1
2026-04-24 14:54:00+00:00,206.94
2026-04-24 14:55:00+00:00,207.37
2026-04-24 14:56:00+00:00,207.89
2026-04-24 14:57:00+00:00,208.245
2026-04-24 14:58:00+00:00,208.51
2026-04-24 14:59:00+00:00,208.7
2026-04-24 15:00:00+00:00,208.59
2026-04-24 15:01:00+00:00,208.79
2026-04-24 15:02:00+00:00,208.41
2026-04-24 15:03:00+00:00,208.62
2026-04-24 15:04:00+00:00,208.525
2026-04-24 15:05:00+00:00,208.705
2026-04-24 15:06:00+00:00,208.5
2026-04-24 15:07:00+00:00,208.83
2026-04-24 15:08:00+00:00,208.93
2026-04-24 15:09:00+00:00,209.22
2026-04-24 15:10:00+00:00,209.26
2026-04-24 15:11:00+00:00,209.3
2026-04-24 15:12:00+00:00,209.23
2026-04-24 15:13:00+00:00,209.5
2026-04-24 15:14:00+00:00,209.6
2026-04-24 15:15:00+00:00,209.31
2026-04-24 15:16:00+00:00,209.41
2026-04-24 15:17:00+00:00,209.08
2026-04-24 15:18:00+00:00,208.61
2026-04-24 15:19:00+00:00,208.61
2026-04-24 15:20:00+00:00,208.42
2026-04-24 15:21:00+00:00,208.26
2026-04-24 15:22:00+00:00,208.305
2026-04-24 15:23:00+00:00,208.28
2026-04-24 15:24:00+00:00,208.49
2026-04-24 15:25:00+00:00,207.99
2026-04-24 15:26:00+00:00,208.08
2026-04-24 15:27:00+00:00,208.28
2026-04-24 15:28:00+00:00,208.68
2026-04-24 15:29:00+00:00,208.86
2026-04-24 15:30:00+00:00,209.03
2026-04-24 15:31:00+00:00,209.27
2026-04-24 15:32:00+00:00,209.12
2026-04-24 15:33:00+00:00,209.66
2026-04-24 15:34:00+00:00,209.75
2026-04-24 15:35:00+00:00,209.86
2026-04-24 15:36:00+00:00,209.835
2026-04-24 15:37:00+00:00,209.53
2026-04-24 15:38:00+00:00,209.28
2026-04-24 15:39:00+00:00,209.2
2026-04-24 15:40:00+00:00,209.635
2026-04-24 15:41:00+00:00,209.46
2026-04-24 15:42:00+00:00,209.25
2026-04-24 15:43:00+00:00,209.02
2026-04-24 15:44:00+00:00,209.7
2026-04-24 15:45:00+00:00,209.2
2026-04-24 15:46:00+00:00,209.03
2026-04-24 15:47:00+00:00,209.27
2026-04-24 15:48:00+00:00,209.05
2026-04-24 15:49:00+00:00,209.155
2026-04-24 15:50:00+00:00,209.31
2026-04-24 15:51:00+00:00,209.6
2026-04-24 15:52:00+00:00,209.52
2026-04-24 15:53:00+00:00,209.365
2026-04-24 15:54:00+00:00,209.11
2026-04-24 15:55:00+00:00,209.19
2026-04-24 15:56:00+00:00,209.11
2026-04-24 15:57:00+00:00,208.96
2026-04-24 15:58:00+00:00,209.1
2026-04-24 15:59:00+00:00,209.12
2026-04-24 16:00:00+00:00,209.31
2026-04-24 16:01:00+00:00,209.35
2026-04-24 16:02:00+00:00,209.35
2026-04-24 16:03:00+00:00,209.22
2026-04-24 16:04:00+00:00,209.17
2026-04-24 16:05:00+00:00,209.28
2026-04-24 16:06:00+00:00,209.32
2026-04-24 16:07:00+00:00,208.79
2026-04-24 16:08:00+00:00,208.44
2026-04-24 16:09:00+00:00,208.54
2026-04-24 16:10:00+00:00,208.68
2026-04-24 16:11:00+00:00,208.74
2026-04-24 16:12:00+00:00,208.715
2026-04-24 16:13:00+00:00,208.97
2026-04-24 16:14:00+00:00,208.68
2026-04-24 16:15:00+00:00,208.425
2026-04-24 16:16:00+00:00,208.735
2026-04-24 16:17:00+00:00,208.87
2026-04-24 16:18:00+00:00,209.025
2026-04-24 16:19:00+00:00,209.16
2026-04-24 16:20:00+00:00,209.48
2026-04-24 16:21:00+00:00,209.7
2026-04-24 16:22:00+00:00,209.79
2026-04-24 16:23:00+00:00,209.67
2026-04-24 16:24:00+00:00,209.85
2026-04-24 16:25:00+00:00,209.85
2026-04-24 16:26:00+00:00,209.71
2026-04-24 16:27:00+00:00,209.65
2026-04-24 16:28:00+00:00,209.635
2026-04-24 16:29:00+00:00,209.615
2026-04-24 16:30:00+00:00,209.69
2026-04-24 16:31:00+00:00,209.98
2026-04-24 16:32:00+00:00,209.98
2026-04-24 16:33:00+00:00,210.165
2026-04-24 16:34:00+00:00,210.28
2026-04-24 16:35:00+00:00,210.325
2026-04-24 16:36:00+00:00,210.44
2026-04-24 16:37:00+00:00,210.85
2026-04-24 16:38:00+00:00,210.765
2026-04-24 16:39:00+00:00,210.85
2026-04-24 16:40:00+00:00,210.67
2026-04-24 16:41:00+00:00,210.52
2026-04-24 16:42:00+00:00,210.455
2026-04-24 16:43:00+00:00,210.16
2026-04-24 16:44:00+00:00,210.055
2026-04-24 16:45:00+00:00,210.31
2026-04-24 16:46:00+00:00,210.48
2026-04-24 16:47:00+00:00,210.25
2026-04-24 16:48:00+00:00,210.42
2026-04-24 16:49:00+00:00,210.18
2026-04-24 16:50:00+00:00,210.38
2026-04-24 16:51:00+00:00,210.3
2026-04-24 16:52:00+00:00,210.3
2026-04-24 16:53:00+00:00,210.11
2026-04-24 16:54:00+00:00,209.925
2026-04-24 16:55:00+00:00,209.83
2026-04-24 16:56:00+00:00,209.64
2026-04-24 16:57:00+00:00,209.725
2026-04-24 16:58:00+00:00,209.96
2026-04-24 16:59:00+00:00,209.68
2026-04-24 17:00:00+00:00,209.77
2026-04-24 17:01:00+00:00,209.51
2026-04-24 17:02:00+00:00,209.39
2026-04-24 17:03:00+00:00,209.65
2026-04-24 17:04:00+00:00,209.61
2026-04-24 17:05:00+00:00,209.72
2026-04-24 17:06:00+00:00,209.68
2026-04-24 17:07:00+00:00,209.72
2026-04-24 17:08:00+00:00,209.695
2026-04-24 17:09:00+00:00,209.75
2026-04-24 17:10:00+00:00,209.8
2026-04-24 17:11:00+00:00,209.715
2026-04-24 17:12:00+00:00,209.805
2026-04-24 17:13:00+00:00,209.955
2026-04-24 17:14:00+00:00,210.005
2026-04-24 17:15:00+00:00,209.795
2026-04-24 17:16:00+00:00,209.705
2026-04-24 17:17:00+00:00,209.65
2026-04-24 17:18:00+00:00,209.71
2026-04-24 17:19:00+00:00,209.72
2026-04-24 17:20:00+00:00,209.745
2026-04-24 17:21:00+00:00,209.485
2026-04-24 17:22:00+00:00,209.44
2026-04-24 17:23:00+00:00,209.22
2026-04-24 17:24:00+00:00,209.49
2026-04-24 17:25:00+00:00,209.41
2026-04-24 17:26:00+00:00,209.55
2026-04-24 17:27:00+00:00,209.51
2026-04-24 17:28:00+00:00,209.49
2026-04-24 17:29:00+00:00,209.33
2026-04-24 17:30:00+00:00,209.21
2026-04-24 17:31:00+00:00,209.05
2026-04-24 17:32:00+00:00,209.08
2026-04-24 17:33:00+00:00,209.14
2026-04-24 17:34:00+00:00,209.35
2026-04-24 17:35:00+00:00,209.505
2026-04-24 17:36:00+00:00,209.54
2026-04-24 17:37:00+00:00,209.53
2026-04-24 17:38:00+00:00,209.5
2026-04-24 17:39:00+00:00,209.35
2026-04-24 17:40:00+00:00,209.45
2026-04-24 17:41:00+00:00,209.68
2026-04-24 17:42:00+00:00,209.45
2026-04-24 17:43:00+00:00,209.51
2026-04-24 17:44:00+00:00,209.59
2026-04-24 17:45:00+00:00,209.52
2026-04-24 17:46:00+00:00,209.48
2026-04-24 17:47:00+00:00,209.265
2026-04-24 17:48:00+00:00,209.3
2026-04-24 17:49:00+00:00,209.21
2026-04-24 17:50:00+00:00,209.18
2026-04-24 17:51:00+00:00,209.22
2026-04-24 17:52:00+00:00,209.14
2026-04-24 17:53:00+00:00,209.335
2026-04-24 17:54:00+00:00,209.425
2026-04-24 17:55:00+00:00,209.43
2026-04-24 17:56:00+00:00,209.42
2026-04-24 17:57:00+00:00,209.26
2026-04-24 17:58:00+00:00,209.3
2026-04-24 17:59:00+00:00,209.3
2026-04-24 18:00:00+00:00,209.11
2026-04-24 18:01:00+00:00,209.32
2026-04-24 18:02:00+00:00,209.3
2026-04-24 18:03:00+00:00,209.215
2026-04-24 18:04:00+00:00,209.15
2026-04-24 18:05:00+00:00,208.825
2026-04-24 18:06:00+00:00,208.875
2026-04-24 18:07:00+00:00,209.19
2026-04-24 18:08:00+00:00,209.16
2026-04-24 18:09:00+00:00,209.26
2026-04-24 18:10:00+00:00,209.19
2026-04-24 18:11:00+00:00,209.18
2026-04-24 18:12:00+00:00,209.11
2026-04-24 18:13:00+00:00,209.16
2026-04-24 18:14:00+00:00,209.005
2026-04-24 18:15:00+00:00,209.0
2026-04-24 18:16:00+00:00,208.89
2026-04-24 18:17:00+00:00,208.74
2026-04-24 18:18:00+00:00,208.76
2026-04-24 18:19:00+00:00,208.78
2026-04-24 18:20:00+00:00,208.59
2026-04-24 18:21:00+00:00,208.45
2026-04-24 18:22:00+00:00,208.42
2026-04-24 18:23:00+00:00,208.39
2026-04-24 18:24:00+00:00,208.5
2026-04-24 18:25:00+00:00,208.6
2026-04-24 18:26:00+00:00,208.63
2026-04-24 18:27:00+00:00,208.575
2026-04-24 18:28:00+00:00,208.29
2026-04-24 18:29:00+00:00,208.2
2026-04-24 18:30:00+00:00,208.19
2026-04-24 18:31:00+00:00,208.365
2026-04-24 18:32:00+00:00,208.48
2026-04-24 18:33:00+00:00,208.425
2026-04-24 18:34:00+00:00,208.53
2026-04-24 18:35:00+00:00,208.48
2026-04-24 18:36:00+00:00,208.45
2026-04-24 18:37:00+00:00,208.32
2026-04-24 18:38:00+00:00,208.4
2026-04-24 18:39:00+00:00,208.42
2026-04-24 18:40:00+00:00,208.49
2026-04-24 18:41:00+00:00,208.435
2026-04-24 18:42:00+00:00,208.31
2026-04-24 18:43:00+00:00,208.09
2026-04-24 18:44:00+00:00,208.09
2026-04-24 18:45:00+00:00,207.91
2026-04-24 18:46:00+00:00,207.85
2026-04-24 18:47:00+00:00,207.935
2026-04-24 18:48:00+00:00,207.86
2026-04-24 18:49:00+00:00,207.905
2026-04-24 18:50:00+00:00,207.93
2026-04-24 18:51:00+00:00,207.935
2026-04-24 18:52:00+00:00,207.97
2026-04-24 18:53:00+00:00,208.01
2026-04-24 18:54:00+00:00,207.88
2026-04-24 18:55:00+00:00,207.875
2026-04-24 18:56:00+00:00,207.955
2026-04-24 18:57:00+00:00,207.835
2026-04-24 18:58:00+00:00,208.055
2026-04-24 18:59:00+00:00,208.23
2026-04-24 19:00:00+00:00,208.25
2026-04-24 19:01:00+00:00,208.22
2026-04-24 19:02:00+00:00,208.22
2026-04-24 19:03:00+00:00,208.175
2026-04-24 19:04:00+00:00,208.205
2026-04-24 19:05:00+00:00,208.155
2026-04-24 19:06:00+00:00,208.35
2026-04-24 19:07:00+00:00,208.605
2026-04-24 19:08:00+00:00,208.705
2026-04-24 19:09:00+00:00,208.835
2026-04-24 19:10:00+00:00,208.81
2026-04-24 19:11:00+00:00,208.89
2026-04-24 19:12:00+00:00,208.92
2026-04-24 19:13:00+00:00,209.09
2026-04-24 19:14:00+00:00,209.16
2026-04-24 19:15:00+00:00,209.175
2026-04-24 19:16:00+00:00,209.14
2026-04-24 19:17:00+00:00,209.2
2026-04-24 19:18:00+00:00,209.06
2026-04-24 19:19:00+00:00,209.12
2026-04-24 19:20:00+00:00,208.97
2026-04-24 19:21:00+00:00,208.92
2026-04-24 19:22:00+00:00,208.83
2026-04-24 19:23:00+00:00,208.93
2026-04-24 19:24:00+00:00,208.77
2026-04-24 19:25:00+00:00,208.69
2026-04-24 19:26:00+00:00,208.56
2026-04-24 19:27:00+00:00,208.59
2026-04-24 19:28:00+00:00,208.695
2026-04-24 19:29:00+00:00,208.53
2026-04-24 19:30:00+00:00,208.35
2026-04-24 19:31:00+00:00,208.18
2026-04-24 19:32:00+00:00,208.27
2026-04-24 19:33:00+00:00,208.48
2026-04-24 19:34:00+00:00,208.38
2026-04-24 19:35:00+00:00,208.35
2026-04-24 19:36:00+00:00,208.44
2026-04-24 19:37:00+00:00,208.53
2026-04-24 19:38:00+00:00,208.35
2026-04-24 19:39:00+00:00,208.42
2026-04-24 19:40:00+00:00,208.445
2026-04-24 19:41:00+00:00,208.275
2026-04-24 19:42:00+00:00,208.335
2026-04-24 19:43:00+00:00,208.295
2026-04-24 19:44:00+00:00,208.2
2026-04-24 19:45:00+00:00,208.19
2026-04-24 19:46:00+00:00,208.22
2026-04-24 19:47:00+00:00,208.02
2026-04-24 19:48:00+00:00,208.085
2026-04-24 19:49:00+00:00,207.975
2026-04-24 19:50:00+00:00,207.73
2026-04-24 19:51:00+00:00,207.635
2026-04-24 19:52:00+00:00,207.735
2026-04-24 19:53:00+00:00,207.935
2026-04-24 19:54:00+00:00,208.055
2026-04-24 19:55:00+00:00,208.115
2026-04-24 19:56:00+00:00,208.11
2026-04-24 19:57:00+00:00,208.24
2026-04-24 19:58:00+00:00,208.24
2026-04-24 19:59:00+00:00,208.18
2026-04-24 20:00:00+00:00,208.26
2026-04-24 20:19:00+00:00,208.06
2026-04-24 20:44:00+00:00,207.98
2026-04-27 12:00:00+00:00,211.55
2026-04-27 12:19:00+00:00,211.07
2026-04-27 13:30:00+00:00,209.52
2026-04-27 13:31:00+00:00,210.35
2026-04-27 13:32:00+00:00,210.81
2026-04-27 13:33:00+00:00,210.16
2026-04-27 13:34:00+00:00,210.81
2026-04-27 13:35:00+00:00,211.19
2026-04-27 13:36:00+00:00,211.555
2026-04-27 13:37:00+00:00,211.65
2026-04-27 13:38:00+00:00,211.29
2026-04-27 13:39:00+00:00,210.61
2026-04-27 13:40:00+00:00,210.74
2026-04-27 13:41:00+00:00,210.41
2026-04-27 13:42:00+00:00,209.96
2026-04-27 13:43:00+00:00,209.88
2026-04-27 13:44:00+00:00,209.79
2026-04-27 13:45:00+00:00,209.33
2026-04-27 13:46:00+00:00,209.74
2026-04-27 13:47:00+00:00,209.62
2026-04-27 13:48:00+00:00,210.35
2026-04-27 13:49:00+00:00,209.92
2026-04-27 13:50:00+00:00,209.21
2026-04-27 13:51:00+00:00,208.53
2026-04-27 13:52:00+00:00,208.77
2026-04-27 13:53:00+00:00,209.37
2026-04-27 13:54:00+00:00,209.93
2026-04-27 13:55:00+00:00,209.29
2026-04-27 13:56:00+00:00,209.5
2026-04-27 13:57:00+00:00,209.77
2026-04-27 13:58:00+00:00,210.04
2026-04-27 13:59:00+00:00,210.35
2026-04-27 14:00:00+00:00,210.45
2026-04-27 14:01:00+00:00,210.38
2026-04-27 14:02:00+00:00,210.21
2026-04-27 14:03:00+00:00,210.2
2026-04-27 14:04:00+00:00,210.22
2026-04-27 14:05:00+00:00,210.1
2026-04-27 14:06:00+00:00,210.62
2026-04-27 14:07:00+00:00,210.395
2026-04-27 14:08:00+00:00,210.5
2026-04-27 14:09:00+00:00,210.17
2026-04-27 14:10:00+00:00,209.7
2026-04-27 14:11:00+00:00,210.03
2026-04-27 14:12:00+00:00,210.37
2026-04-27 14:13:00+00:00,210.28
2026-04-27 14:14:00+00:00,210.38
2026-04-27 14:15:00+00:00,209.94
2026-04-27 14:16:00+00:00,209.68
2026-04-27 14:17:00+00:00,209.07
2026-04-27 14:18:00+00:00,209.55
2026-04-27 14:19:00+00:00,209.23
2026-04-27 14:20:00+00:00,209.11
2026-04-27 14:21:00+00:00,209.36
2026-04-27 14:22:00+00:00,209.17
2026-04-27 14:23:00+00:00,209.05
2026-04-27 14:24:00+00:00,209.13
2026-04-27 14:25:00+00:00,208.93
2026-04-27 14:26:00+00:00,208.795
2026-04-27 14:27:00+00:00,208.61
2026-04-27 14:28:00+00:00,208.725
2026-04-27 14:29:00+00:00,208.69
2026-04-27 14:30:00+00:00,208.25
2026-04-27 14:31:00+00:00,207.975
2026-04-27 14:32:00+00:00,207.51
2026-04-27 14:33:00+00:00,207.895
2026-04-27 14:34:00+00:00,208.35
2026-04-27 14:35:00+00:00,208.93
2026-04-27 14:36:00+00:00,209.06
2026-04-27 14:37:00+00:00,208.96
2026-04-27 14:38:00+00:00,208.91
2026-04-27 14:39:00+00:00,209.04
2026-04-27 14:40:00+00:00,209.13
2026-04-27 14:41:00+00:00,208.95
2026-04-27 14:42:00+00:00,209.05
2026-04-27 14:43:00+00:00,209.05
2026-04-27 14:44:00+00:00,209.23
2026-04-27 14:45:00+00:00,208.97
2026-04-27 14:46:00+00:00,208.92
2026-04-27 14:47:00+00:00,209.13
2026-04-27 14:48:00+00:00,209.25
2026-04-27 14:49:00+00:00,209.4
2026-04-27 14:50:00+00:00,209.6
2026-04-27 14:51:00+00:00,209.69
2026-04-27 14:52:00+00:00,209.46
2026-04-27 14:53:00+00:00,209.36
2026-04-27 14:54:00+00:00,209.38
2026-04-27 14:55:00+00:00,209.65
2026-04-27 14:56:00+00:00,209.57
2026-04-27 14:57:00+00:00,209.55
2026-04-27 14:58:00+00:00,209.36
2026-04-27 14:59:00+00:00,209.39
2026-04-27 15:00:00+00:00,209.425
2026-04-27 15:01:00+00:00,209.62
2026-04-27 15:02:00+00:00,209.49
2026-04-27 15:03:00+00:00,209.25
2026-04-27 15:04:00+00:00,209.23
2026-04-27 15:05:00+00:00,209.12
2026-04-27 15:06:00+00:00,209.1
2026-04-27 15:07:00+00:00,209.39
2026-04-27 15:08:00+00:00,209.695
2026-04-27 15:09:00+00:00,209.56
2026-04-27 15:10:00+00:00,209.76
2026-04-27 15:11:00+00:00,209.75
2026-04-27 15:12:00+00:00,209.63
2026-04-27 15:13:00+00:00,209.59
2026-04-27 15:14:00+00:00,209.48
2026-04-27 15:15:00+00:00,209.405
2026-04-27 15:16:00+00:00,209.625
2026-04-27 15:17:00+00:00,209.66
2026-04-27 15:18:00+00:00,209.63
2026-04-27 15:19:00+00:00,209.7
2026-04-27 15:20:00+00:00,209.72
2026-04-27 15:21:00+00:00,209.54
2026-04-27 15:22:00+00:00,209.495
2026-04-27 15:23:00+00:00,209.48
2026-04-27 15:24:00+00:00,209.47
2026-04-27 15:25:00+00:00,209.3
2026-04-27 15:26:00+00:00,209.57
2026-04-27 15:27:00+00:00,209.705
2026-04-27 15:28:00+00:00,209.74
2026-04-27 15:29:00+00:00,209.86
2026-04-27 15:30:00+00:00,210.06
2026-04-27 15:31:00+00:00,209.92
2026-04-27 15:32:00+00:00,209.87
2026-04-27 15:33:00+00:00,209.97
2026-04-27 15:34:00+00:00,210.21
2026-04-27 15:35:00+00:00,210.16
2026-04-27 15:36:00+00:00,210.245
2026-04-27 15:37:00+00:00,210.24
2026-04-27 15:38:00+00:00,210.49
2026-04-27 15:39:00+00:00,210.5
2026-04-27 15:40:00+00:00,210.44
2026-04-27 15:41:00+00:00,210.57
2026-04-27 15:42:00+00:00,210.47
2026-04-27 15:43:00+00:00,210.35
2026-04-27 15:44:00+00:00,210.37
2026-04-27 15:45:00+00:00,210.26
2026-04-27 15:46:00+00:00,210.4
2026-04-27 15:47:00+00:00,210.49
2026-04-27 15:48:00+00:00,210.72
2026-04-27 15:49:00+00:00,210.63
2026-04-27 15:50:00+00:00,210.64
2026-04-27 15:51:00+00:00,210.83
2026-04-27 15:52:00+00:00,210.64
2026-04-27 15:53:00+00:00,210.565
2026-04-27 15:54:00+00:00,210.46
2026-04-27 15:55:00+00:00,210.61
2026-04-27 15:56:00+00:00,210.55
2026-04-27 15:57:00+00:00,210.485
2026-04-27 15:58:00+00:00,210.43
2026-04-27 15:59:00+00:00,210.665
2026-04-27 16:00:00+00:00,210.86
2026-04-27 16:01:00+00:00,210.75
2026-04-27 16:02:00+00:00,210.71
2026-04-27 16:03:00+00:00,210.76
2026-04-27 16:04:00+00:00,210.84
2026-04-27 16:05:00+00:00,210.83
2026-04-27 16:06:00+00:00,211.18
2026-04-27 16:07:00+00:00,211.13
2026-04-27 16:08:00+00:00,211.21
2026-04-27 16:09:00+00:00,211.21
2026-04-27 16:10:00+00:00,211.315
2026-04-27 16:11:00+00:00,211.355
2026-04-27 16:12:00+00:00,211.25
2026-04-27 16:13:00+00:00,211.23
2026-04-27 16:14:00+00:00,211.03
2026-04-27 16:15:00+00:00,211.14
2026-04-27 16:16:00+00:00,211.44
2026-04-27 16:17:00+00:00,211.35
2026-04-27 16:18:00+00:00,211.4
2026-04-27 16:19:00+00:00,211.57
2026-04-27 16:20:00+00:00,211.41
2026-04-27 16:21:00+00:00,211.375
2026-04-27 16:22:00+00:00,211.365
2026-04-27 16:23:00+00:00,211.24
2026-04-27 16:24:00+00:00,211.23
2026-04-27 16:25:00+00:00,211.56
2026-04-27 16:26:00+00:00,211.59
2026-04-27 16:27:00+00:00,211.525
2026-04-27 16:28:00+00:00,211.5
2026-04-27 16:29:00+00:00,211.39
2026-04-27 16:30:00+00:00,211.485
2026-04-27 16:31:00+00:00,211.725
2026-04-27 16:32:00+00:00,211.835
2026-04-27 16:33:00+00:00,212.2
2026-04-27 16:34:00+00:00,212.52
2026-04-27 16:35:00+00:00,213.05
2026-04-27 16:36:00+00:00,212.96
2026-04-27 16:37:00+00:00,213.125
2026-04-27 16:38:00+00:00,213.3
2026-04-27 16:39:00+00:00,213.42
2026-04-27 16:40:00+00:00,213.32
2026-04-27 16:41:00+00:00,213.14
2026-04-27 16:42:00+00:00,213.26
2026-04-27 16:43:00+00:00,213.09
2026-04-27 16:44:00+00:00,213.04
2026-04-27 16:45:00+00:00,213.13
2026-04-27 16:46:00+00:00,213.09
2026-04-27 16:47:00+00:00,212.875
2026-04-27 16:48:00+00:00,213.01
2026-04-27 16:49:00+00:00,213.17
2026-04-27 16:50:00+00:00,213.19
2026-04-27 16:51:00+00:00,212.91
2026-04-27 16:52:00+00:00,212.73
2026-04-27 16:53:00+00:00,212.7
2026-04-27 16:54:00+00:00,212.65
2026-04-27 16:55:00+00:00,212.6
2026-04-27 16:56:00+00:00,212.64
2026-04-27 16:57:00+00:00,212.55
2026-04-27 16:58:00+00:00,212.67
2026-04-27 16:59:00+00:00,212.75
2026-04-27 17:00:00+00:00,213.105
2026-04-27 17:01:00+00:00,213.11
2026-04-27 17:02:00+00:00,213.14
2026-04-27 17:03:00+00:00,213.08
2026-04-27 17:04:00+00:00,213.105
2026-04-27 17:05:00+00:00,213.125
2026-04-27 17:06:00+00:00,213.27
2026-04-27 17:07:00+00:00,213.275
2026-04-27 17:08:00+00:00,213.255
2026-04-27 17:09:00+00:00,213.465
2026-04-27 17:10:00+00:00,213.39
2026-04-27 17:11:00+00:00,213.55
2026-04-27 17:12:00+00:00,213.745
2026-04-27 17:13:00+00:00,213.76
2026-04-27 17:14:00+00:00,214.0
2026-04-27 17:15:00+00:00,213.86
2026-04-27 17:16:00+00:00,213.52
2026-04-27 17:17:00+00:00,213.69
2026-04-27 17:18:00+00:00,213.47
2026-04-27 17:19:00+00:00,213.49
2026-04-27 17:20:00+00:00,213.425
2026-04-27 17:21:00+00:00,213.425
2026-04-27 17:22:00+00:00,213.615
2026-04-27 17:23:00+00:00,213.99
2026-04-27 17:24:00+00:00,213.91
2026-04-27 17:25:00+00:00,214.11
2026-04-27 17:26:00+00:00,214.15
2026-04-27 17:27:00+00:00,214.04
2026-04-27 17:28:00+00:00,213.925
2026-04-27 17:29:00+00:00,213.65
2026-04-27 17:30:00+00:00,213.79
2026-04-27 17:31:00+00:00,213.95
2026-04-27 17:32:00+00:00,213.94
2026-04-27 17:33:00+00:00,214.15
2026-04-27 17:34:00+00:00,214.285
2026-04-27 17:35:00+00:00,214.22
2026-04-27 17:36:00+00:00,214.35
2026-04-27 17:37:00+00:00,214.34
2026-04-27 17:38:00+00:00,214.35
2026-04-27 17:39:00+00:00,214.28
2026-04-27 17:40:00+00:00,214.31
2026-04-27 17:41:00+00:00,214.32
2026-04-27 17:42:00+00:00,214.315
2026-04-27 17:43:00+00:00,214.25
2026-04-27 17:44:00+00:00,214.28
2026-04-27 17:45:00+00:00,214.54
2026-04-27 17:46:00+00:00,214.685
2026-04-27 17:47:00+00:00,215.04
2026-04-27 17:48:00+00:00,214.87
2026-04-27 17:49:00+00:00,215.12
2026-04-27 17:50:00+00:00,215.23
2026-04-27 17:51:00+00:00,215.07
2026-04-27 17:52:00+00:00,215.045
2026-04-27 17:53:00+00:00,214.85
2026-04-27 17:54:00+00:00,215.01
2026-04-27 17:55:00+00:00,215.03
2026-04-27 17:56:00+00:00,214.97
2026-04-27 17:57:00+00:00,215.115
2026-04-27 17:58:00+00:00,215.1
2026-04-27 17:59:00+00:00,215.165
2026-04-27 18:00:00+00:00,215.15
2026-04-27 18:01:00+00:00,215.05
2026-04-27 18:02:00+00:00,215.085
2026-04-27 18:03:00+00:00,215.09
2026-04-27 18:04:00+00:00,215.415
2026-04-27 18:05:00+00:00,215.405
2026-04-27 18:06:00+00:00,215.64
2026-04-27 18:07:00+00:00,215.54
2026-04-27 18:08:00+00:00,215.52
2026-04-27 18:09:00+00:00,215.5
2026-04-27 18:10:00+00:00,215.35
2026-04-27 18:11:00+00:00,215.445
2026-04-27 18:12:00+00:00,215.36
2026-04-27 18:13:00+00:00,215.15
2026-04-27 18:14:00+00:00,215.32
2026-04-27 18:15:00+00:00,215.37
2026-04-27 18:16:00+00:00,215.595
2026-04-27 18:17:00+00:00,215.82
2026-04-27 18:18:00+00:00,215.91
2026-04-27 18:19:00+00:00,216.16
2026-04-27 18:20:00+00:00,216.14
2026-04-27 18:21:00+00:00,216.08
2026-04-27 18:22:00+00:00,216.2
2026-04-27 18:23:00+00:00,216.15
2026-04-27 18:24:00+00:00,216.05
2026-04-27 18:25:00+00:00,216.0
2026-04-27 18:26:00+00:00,216.02
2026-04-27 18:27:00+00:00,215.98
2026-04-27 18:28:00+00:00,215.64
2026-04-27 18:29:00+00:00,215.69
2026-04-27 18:30:00+00:00,215.88
2026-04-27 18:31:00+00:00,215.98
2026-04-27 18:32:00+00:00,216.01
2026-04-27 18:33:00+00:00,216.29
2026-04-27 18:34:00+00:00,216.055
2026-04-27 18:35:00+00:00,216.065
2026-04-27 18:36:00+00:00,215.96
2026-04-27 18:37:00+00:00,216.02
2026-04-27 18:38:00+00:00,215.56
2026-04-27 18:39:00+00:00,215.455
2026-04-27 18:40:00+00:00,215.275
2026-04-27 18:41:00+00:00,215.295
2026-04-27 18:42:00+00:00,215.345
2026-04-27 18:43:00+00:00,215.53
2026-04-27 18:44:00+00:00,215.48
2026-04-27 18:45:00+00:00,215.085
2026-04-27 18:46:00+00:00,215.22
2026-04-27 18:47:00+00:00,215.15
2026-04-27 18:48:00+00:00,215.22
2026-04-27 18:49:00+00:00,215.17
2026-04-27 18:50:00+00:00,215.175
2026-04-27 18:51:00+00:00,215.19
2026-04-27 18:52:00+00:00,215.21
2026-04-27 18:53:00+00:00,214.905
2026-04-27 18:54:00+00:00,214.92
2026-04-27 18:55:00+00:00,215.08
2026-04-27 18:56:00+00:00,215.185
2026-04-27 18:57:00+00:00,214.99
2026-04-27 18:58:00+00:00,215.11
2026-04-27 18:59:00+00:00,215.11
2026-04-27 19:00:00+00:00,215.22
2026-04-27 19:01:00+00:00,215.33
2026-04-27 19:02:00+00:00,215.41
2026-04-27 19:03:00+00:00,215.54
2026-04-27 19:04:00+00:00,215.66
2026-04-27 19:05:00+00:00,215.725
2026-04-27 19:06:00+00:00,215.51
2026-04-27 19:07:00+00:00,215.61
2026-04-27 19:08:00+00:00,215.79
2026-04-27 19:09:00+00:00,215.71
2026-04-27 19:10:00+00:00,215.735
2026-04-27 19:11:00+00:00,215.63
2026-04-27 19:12:00+00:00,215.72
2026-04-27 19:13:00+00:00,215.71
2026-04-27 19:14:00+00:00,215.88
2026-04-27 19:15:00+00:00,216.055
2026-04-27 19:16:00+00:00,215.985
2026-04-27 19:17:00+00:00,216.0
2026-04-27 19:18:00+00:00,216.02
2026-04-27 19:19:00+00:00,216.0
2026-04-27 19:20:00+00:00,215.71
2026-04-27 19:21:00+00:00,215.51
2026-04-27 19:22:00+00:00,215.57
2026-04-27 19:23:00+00:00,215.66
2026-04-27 19:24:00+00:00,215.71
2026-04-27 19:25:00+00:00,215.585
2026-04-27 19:26:00+00:00,215.56
2026-04-27 19:27:00+00:00,215.53
2026-04-27 19:28:00+00:00,215.725
2026-04-27 19:29:00+00:00,215.455
2026-04-27 19:30:00+00:00,215.41
2026-04-27 19:31:00+00:00,215.615
2026-04-27 19:32:00+00:00,215.735
2026-04-27 19:33:00+00:00,215.85
2026-04-27 19:34:00+00:00,215.76
2026-04-27 19:35:00+00:00,215.635
2026-04-27 19:36:00+00:00,215.69
2026-04-27 19:37:00+00:00,215.605
2026-04-27 19:38:00+00:00,215.63
2026-04-27 19:39:00+00:00,215.755
2026-04-27 19:40:00+00:00,215.84
2026-04-27 19:41:00+00:00,215.69
2026-04-27 19:42:00+00:00,215.66
2026-04-27 19:43:00+00:00,215.715
2026-04-27 19:44:00+00:00,215.73
2026-04-27 19:45:00+00:00,215.905
2026-04-27 19:46:00+00:00,216.01
2026-04-27 19:47:00+00:00,216.19
2026-04-27 19:48:00+00:00,216.39
2026-04-27 19:49:00+00:00,216.445
2026-04-27 19:50:00+00:00,216.43
2026-04-27 19:51:00+00:00,216.55
2026-04-27 19:52:00+00:00,216.25
2026-04-27 19:53:00+00:00,216.38
2026-04-27 19:54:00+00:00,216.32
2026-04-27 19:55:00+00:00,216.475
2026-04-27 19:56:00+00:00,216.425
2026-04-27 19:57:00+00:00,216.695
2026-04-27 19:58:00+00:00,216.545
2026-04-27 19:59:00+00:00,216.54
2026-04-27 20:10:00+00:00,216.83
2026-04-27 20:17:00+00:00,217.46
2026-04-27 20:19:00+00:00,217.34
2026-04-28 12:00:00+00:00,209.78
2026-04-28 12:02:00+00:00,209.9
2026-04-28 12:03:00+00:00,209.87
2026-04-28 12:08:00+00:00,209.73
2026-04-28 12:12:00+00:00,209.16
2026-04-28 12:13:00+00:00,209.42
2026-04-28 12:14:00+00:00,209.39
2026-04-28 12:19:00+00:00,209.52
2026-04-28 12:20:00+00:00,209.84
2026-04-28 12:21:00+00:00,209.76
2026-04-28 12:22:00+00:00,209.3
2026-04-28 12:23:00+00:00,209.1
2026-04-28 12:24:00+00:00,209.69
2026-04-28 12:27:00+00:00,209.21
2026-04-28 12:28:00+00:00,209.0
2026-04-28 12:29:00+00:00,209.0
2026-04-28 12:30:00+00:00,209.0
2026-04-28 12:31:00+00:00,209.0
2026-04-28 12:32:00+00:00,209.24
2026-04-28 12:33:00+00:00,209.21
2026-04-28 12:34:00+00:00,209.16
2026-04-28 12:36:00+00:00,209.72
2026-04-28 12:39:00+00:00,209.37
2026-04-28 12:40:00+00:00,209.45
2026-04-28 12:41:00+00:00,209.0
2026-04-28 12:43:00+00:00,209.34
2026-04-28 12:44:00+00:00,209.37
2026-04-28 12:46:00+00:00,209.39
2026-04-28 12:50:00+00:00,209.99
2026-04-28 12:51:00+00:00,210.17
2026-04-28 12:59:00+00:00,210.14
2026-04-28 13:01:00+00:00,210.38
2026-04-28 13:02:00+00:00,210.27
2026-04-28 13:06:00+00:00,209.81
2026-04-28 13:08:00+00:00,209.55
2026-04-28 13:09:00+00:00,209.52
2026-04-28 13:14:00+00:00,209.66
2026-04-28 13:27:00+00:00,209.9
2026-04-28 13:28:00+00:00,209.53
2026-04-28 13:30:00+00:00,208.93
2026-04-28 13:31:00+00:00,209.17
2026-04-28 13:32:00+00:00,210.84
2026-04-28 13:33:00+00:00,210.035
2026-04-28 13:34:00+00:00,210.17
2026-04-28 13:35:00+00:00,210.415
2026-04-28 13:36:00+00:00,210.705
2026-04-28 13:37:00+00:00,210.71
2026-04-28 13:38:00+00:00,211.08
2026-04-28 13:39:00+00:00,211.36
2026-04-28 13:40:00+00:00,211.185
2026-04-28 13:41:00+00:00,211.93
2026-04-28 13:42:00+00:00,212.44
2026-04-28 13:43:00+00:00,211.65
2026-04-28 13:44:00+00:00,211.785
2026-04-28 13:45:00+00:00,211.36
2026-04-28 13:46:00+00:00,211.455
2026-04-28 13:47:00+00:00,211.605
2026-04-28 13:48:00+00:00,212.14
2026-04-28 13:49:00+00:00,211.99
2026-04-28 13:50:00+00:00,212.19
2026-04-28 13:51:00+00:00,212.06
2026-04-28 13:52:00+00:00,211.83
2026-04-28 13:53:00+00:00,211.77
2026-04-28 13:54:00+00:00,211.645
2026-04-28 13:55:00+00:00,211.24
2026-04-28 13:56:00+00:00,211.02
2026-04-28 13:57:00+00:00,211.32
2026-04-28 13:58:00+00:00,211.87
2026-04-28 13:59:00+00:00,212.23
2026-04-28 14:00:00+00:00,212.29
2026-04-28 14:01:00+00:00,212.045
2026-04-28 14:02:00+00:00,212.18
2026-04-28 14:03:00+00:00,212.43
2026-04-28 14:04:00+00:00,212.45
2026-04-28 14:05:00+00:00,212.49
2026-04-28 14:06:00+00:00,213.19
2026-04-28 14:07:00+00:00,213.165
2026-04-28 14:08:00+00:00,213.39
2026-04-28 14:09:00+00:00,213.21
2026-04-28 14:10:00+00:00,213.04
2026-04-28 14:11:00+00:00,212.87
2026-04-28 14:12:00+00:00,213.41
2026-04-28 14:13:00+00:00,213.22
2026-04-28 14:14:00+00:00,213.13
2026-04-28 14:15:00+00:00,212.95
2026-04-28 14:16:00+00:00,212.8
2026-04-28 14:17:00+00:00,213.26
2026-04-28 14:18:00+00:00,213.08
2026-04-28 14:19:00+00:00,212.665
2026-04-28 14:20:00+00:00,212.75
2026-04-28 14:21:00+00:00,212.56
2026-04-28 14:22:00+00:00,212.78
2026-04-28 14:23:00+00:00,212.23
2026-04-28 14:24:00+00:00,212.19
2026-04-28 14:25:00+00:00,212.38
2026-04-28 14:26:00+00:00,212.01
2026-04-28 14:27:00+00:00,212.1
2026-04-28 14:28:00+00:00,212.39
2026-04-28 14:29:00+00:00,212.37
2026-04-28 14:30:00+00:00,212.61
2026-04-28 14:31:00+00:00,212.31
2026-04-28 14:32:00+00:00,212.46
2026-04-28 14:33:00+00:00,212.34
2026-04-28 14:34:00+00:00,212.21
2026-04-28 14:35:00+00:00,211.33
2026-04-28 14:36:00+00:00,211.18
2026-04-28 14:37:00+00:00,210.73
2026-04-28 14:38:00+00:00,210.29
2026-04-28 14:39:00+00:00,210.56
2026-04-28 14:40:00+00:00,210.02
2026-04-28 14:41:00+00:00,210.35
2026-04-28 14:42:00+00:00,210.46
2026-04-28 14:43:00+00:00,210.44
2026-04-28 14:44:00+00:00,210.41
2026-04-28 14:45:00+00:00,210.1
2026-04-28 14:46:00+00:00,210.355
2026-04-28 14:47:00+00:00,210.41
2026-04-28 14:48:00+00:00,209.885
2026-04-28 14:49:00+00:00,209.815
2026-04-28 14:50:00+00:00,208.81
2026-04-28 14:51:00+00:00,208.605
2026-04-28 14:52:00+00:00,208.865
2026-04-28 14:53:00+00:00,208.9
2026-04-28 14:54:00+00:00,208.65
2026-04-28 14:55:00+00:00,209.16
2026-04-28 14:56:00+00:00,209.38
2026-04-28 14:57:00+00:00,209.565
2026-04-28 14:58:00+00:00,209.37
2026-04-28 14:59:00+00:00,209.755
2026-04-28 15:00:00+00:00,210.07
2026-04-28 15:01:00+00:00,209.98
2026-04-28 15:02:00+00:00,209.885
2026-04-28 15:03:00+00:00,210.0
2026-04-28 15:04:00+00:00,209.67
2026-04-28 15:05:00+00:00,209.6
2026-04-28 15:06:00+00:00,209.26
2026-04-28 15:07:00+00:00,209.03
2026-04-28 15:08:00+00:00,209.33
2026-04-28 15:09:00+00:00,209.275
2026-04-28 15:10:00+00:00,209.275
2026-04-28 15:11:00+00:00,209.29
2026-04-28 15:12:00+00:00,209.96
2026-04-28 15:13:00+00:00,209.79
2026-04-28 15:14:00+00:00,209.88
2026-04-28 15:15:00+00:00,209.505
2026-04-28 15:16:00+00:00,209.89
2026-04-28 15:17:00+00:00,209.76
2026-04-28 15:18:00+00:00,209.875
2026-04-28 15:19:00+00:00,209.89
2026-04-28 15:20:00+00:00,209.79
2026-04-28 15:21:00+00:00,209.3
2026-04-28 15:22:00+00:00,209.52
2026-04-28 15:23:00+00:00,209.31
2026-04-28 15:24:00+00:00,209.17
2026-04-28 15:25:00+00:00,208.81
2026-04-28 15:26:00+00:00,209.08
2026-04-28 15:27:00+00:00,208.965
2026-04-28 15:28:00+00:00,208.95
2026-04-28 15:29:00+00:00,209.1
2026-04-28 15:30:00+00:00,208.985
2026-04-28 15:31:00+00:00,208.75
2026-04-28 15:32:00+00:00,208.76
2026-04-28 15:33:00+00:00,208.72
2026-04-28 15:34:00+00:00,209.07
2026-04-28 15:35:00+00:00,209.01
2026-04-28 15:36:00+00:00,208.98
2026-04-28 15:37:00+00:00,209.27
2026-04-28 15:38:00+00:00,209.09
2026-04-28 15:39:00+00:00,209.23
2026-04-28 15:40:00+00:00,209.25
2026-04-28 15:41:00+00:00,209.22
2026-04-28 15:42:00+00:00,209.43
2026-04-28 15:43:00+00:00,209.28
2026-04-28 15:44:00+00:00,209.48
2026-04-28 15:45:00+00:00,209.38
2026-04-28 15:46:00+00:00,209.33
2026-04-28 15:47:00+00:00,209.15
2026-04-28 15:48:00+00:00,209.05
2026-04-28 15:49:00+00:00,209.02
2026-04-28 15:50:00+00:00,209.24
2026-04-28 15:51:00+00:00,209.21
2026-04-28 15:52:00+00:00,209.51
2026-04-28 15:53:00+00:00,209.54
2026-04-28 15:54:00+00:00,209.58
2026-04-28 15:55:00+00:00,209.67
2026-04-28 15:56:00+00:00,209.6
2026-04-28 15:57:00+00:00,209.62
2026-04-28 15:58:00+00:00,209.58
2026-04-28 15:59:00+00:00,209.73
2026-04-28 16:00:00+00:00,209.79
2026-04-28 16:01:00+00:00,209.81
2026-04-28 16:02:00+00:00,209.7
2026-04-28 16:03:00+00:00,209.795
2026-04-28 16:04:00+00:00,209.8
2026-04-28 16:05:00+00:00,209.92
2026-04-28 16:06:00+00:00,209.8
2026-04-28 16:07:00+00:00,209.915
2026-04-28 16:08:00+00:00,209.85
2026-04-28 16:09:00+00:00,209.885
2026-04-28 16:10:00+00:00,209.68
2026-04-28 16:11:00+00:00,209.95
2026-04-28 16:12:00+00:00,209.925
2026-04-28 16:13:00+00:00,210.015
2026-04-28 16:14:00+00:00,210.0
2026-04-28 16:15:00+00:00,209.945
2026-04-28 16:16:00+00:00,210.0
2026-04-28 16:17:00+00:00,209.91
2026-04-28 16:18:00+00:00,210.015
2026-04-28 16:19:00+00:00,210.015
2026-04-28 16:20:00+00:00,210.29
2026-04-28 16:21:00+00:00,210.29
2026-04-28 16:22:00+00:00,210.575
2026-04-28 16:23:00+00:00,210.625
2026-04-28 16:24:00+00:00,210.415
2026-04-28 16:25:00+00:00,210.19
2026-04-28 16:26:00+00:00,210.17
2026-04-28 16:27:00+00:00,210.215
2026-04-28 16:28:00+00:00,210.26
2026-04-28 16:29:00+00:00,210.11
2026-04-28 16:30:00+00:00,210.185
2026-04-28 16:31:00+00:00,210.05
2026-04-28 16:32:00+00:00,210.08
2026-04-28 16:33:00+00:00,210.1
2026-04-28 16:34:00+00:00,210.07
2026-04-28 16:35:00+00:00,209.9
2026-04-28 16:36:00+00:00,209.86
2026-04-28 16:37:00+00:00,209.92
2026-04-28 16:38:00+00:00,209.66
2026-04-28 16:39:00+00:00,209.51
2026-04-28 16:40:00+00:00,209.53
2026-04-28 16:41:00+00:00,209.74
2026-04-28 16:42:00+00:00,209.78
2026-04-28 16:43:00+00:00,209.775
2026-04-28 16:44:00+00:00,209.965
2026-04-28 16:45:00+00:00,210.05
2026-04-28 16:46:00+00:00,209.95
2026-04-28 16:47:00+00:00,210.06
2026-04-28 16:48:00+00:00,210.215
2026-04-28 16:49:00+00:00,210.245
2026-04-28 16:50:00+00:00,210.19
2026-04-28 16:51:00+00:00,210.415
2026-04-28 16:52:00+00:00,210.67
2026-04-28 16:53:00+00:00,210.745
2026-04-28 16:54:00+00:00,210.79
2026-04-28 16:55:00+00:00,210.645
2026-04-28 16:56:00+00:00,210.71
2026-04-28 16:57:00+00:00,210.59
2026-04-28 16:58:00+00:00,210.515
2026-04-28 16:59:00+00:00,210.7
2026-04-28 17:00:00+00:00,210.76
2026-04-28 17:01:00+00:00,210.68
2026-04-28 17:02:00+00:00,210.59
2026-04-28 17:03:00+00:00,210.33
2026-04-28 17:04:00+00:00,210.33
2026-04-28 17:05:00+00:00,210.38
2026-04-28 17:06:00+00:00,210.27
2026-04-28 17:07:00+00:00,210.38
2026-04-28 17:08:00+00:00,210.405
2026-04-28 17:09:00+00:00,210.6
2026-04-28 17:10:00+00:00,210.41
2026-04-28 17:11:00+00:00,210.43
2026-04-28 17:12:00+00:00,210.63
2026-04-28 17:13:00+00:00,210.53
2026-04-28 17:14:00+00:00,210.55
2026-04-28 17:15:00+00:00,210.76
2026-04-28 17:16:00+00:00,210.585
2026-04-28 17:17:00+00:00,210.63
2026-04-28 17:18:00+00:00,210.41
2026-04-28 17:19:00+00:00,210.25
2026-04-28 17:20:00+00:00,210.44
2026-04-28 17:21:00+00:00,210.48
2026-04-28 17:22:00+00:00,210.45
2026-04-28 17:23:00+00:00,210.405
2026-04-28 17:24:00+00:00,210.53
2026-04-28 17:25:00+00:00,210.485
2026-04-28 17:26:00+00:00,210.6
2026-04-28 17:27:00+00:00,210.76
2026-04-28 17:28:00+00:00,210.89
2026-04-28 17:29:00+00:00,210.79
2026-04-28 17:30:00+00:00,211.04
2026-04-28 17:31:00+00:00,210.82
2026-04-28 17:32:00+00:00,210.91
2026-04-28 17:33:00+00:00,211.025
2026-04-28 17:34:00+00:00,211.02
2026-04-28 17:35:00+00:00,211.15
2026-04-28 17:36:00+00:00,211.115
2026-04-28 17:37:00+00:00,211.235
2026-04-28 17:38:00+00:00,211.19
2026-04-28 17:39:00+00:00,211.22
2026-04-28 17:40:00+00:00,211.27
2026-04-28 17:41:00+00:00,211.38
2026-04-28 17:42:00+00:00,211.27
2026-04-28 17:43:00+00:00,211.305
2026-04-28 17:44:00+00:00,211.29
2026-04-28 17:45:00+00:00,211.42
2026-04-28 17:46:00+00:00,211.42
2026-04-28 17:47:00+00:00,211.355
2026-04-28 17:48:00+00:00,211.19
2026-04-28 17:49:00+00:00,211.25
2026-04-28 17:50:00+00:00,211.2
2026-04-28 17:51:00+00:00,211.27
2026-04-28 17:52:00+00:00,211.18
2026-04-28 17:53:00+00:00,211.34
2026-04-28 17:54:00+00:00,211.32
2026-04-28 17:55:00+00:00,211.56
2026-04-28 17:56:00+00:00,211.615
2026-04-28 17:57:00+00:00,211.63
2026-04-28 17:58:00+00:00,211.615
2026-04-28 17:59:00+00:00,211.77
2026-04-28 18:00:00+00:00,211.83
2026-04-28 18:01:00+00:00,211.84
2026-04-28 18:02:00+00:00,211.82
2026-04-28 18:03:00+00:00,211.73
2026-04-28 18:04:00+00:00,211.73
2026-04-28 18:05:00+00:00,211.93
2026-04-28 18:06:00+00:00,211.725
2026-04-28 18:07:00+00:00,211.78
2026-04-28 18:08:00+00:00,211.845
2026-04-28 18:09:00+00:00,211.99
2026-04-28 18:10:00+00:00,211.925
2026-04-28 18:11:00+00:00,211.98
2026-04-28 18:12:00+00:00,211.91
2026-04-28 18:13:00+00:00,212.0
2026-04-28 18:14:00+00:00,212.2
2026-04-28 18:15:00+00:00,212.355
2026-04-28 18:16:00+00:00,212.22
2026-04-28 18:17:00+00:00,212.35
2026-04-28 18:18:00+00:00,212.47
2026-04-28 18:19:00+00:00,212.41
2026-04-28 18:20:00+00:00,212.6
2026-04-28 18:21:00+00:00,212.71
2026-04-28 18:22:00+00:00,212.625
2026-04-28 18:23:00+00:00,212.795
2026-04-28 18:24:00+00:00,212.93
2026-04-28 18:25:00+00:00,212.985
2026-04-28 18:26:00+00:00,212.9
2026-04-28 18:27:00+00:00,212.89
2026-04-28 18:28:00+00:00,212.93
2026-04-28 18:29:00+00:00,212.84
2026-04-28 18:30:00+00:00,212.94
2026-04-28 18:31:00+00:00,212.85
2026-04-28 18:32:00+00:00,212.7
2026-04-28 18:33:00+00:00,212.59
2026-04-28 18:34:00+00:00,212.78
2026-04-28 18:35:00+00:00,212.76
2026-04-28 18:36:00+00:00,212.965
2026-04-28 18:37:00+00:00,213.03
2026-04-28 18:38:00+00:00,213.27
2026-04-28 18:39:00+00:00,213.41
2026-04-28 18:40:00+00:00,213.51
2026-04-28 18:41:00+00:00,213.71
2026-04-28 18:42:00+00:00,213.69
2026-04-28 18:43:00+00:00,213.7
2026-04-28 18:44:00+00:00,213.9
2026-04-28 18:45:00+00:00,213.7
2026-04-28 18:46:00+00:00,213.58
2026-04-28 18:47:00+00:00,213.59
2026-04-28 18:48:00+00:00,213.59
2026-04-28 18:49:00+00:00,213.59
2026-04-28 18:50:00+00:00,213.685
2026-04-28 18:51:00+00:00,213.8
2026-04-28 18:52:00+00:00,213.64
2026-04-28 18:53:00+00:00,213.74
2026-04-28 18:54:00+00:00,213.84
2026-04-28 18:55:00+00:00,213.67
2026-04-28 18:56:00+00:00,213.72
2026-04-28 18:57:00+00:00,213.665
2026-04-28 18:58:00+00:00,213.97
2026-04-28 18:59:00+00:00,214.05
2026-04-28 19:00:00+00:00,213.985
2026-04-28 19:01:00+00:00,213.955
2026-04-28 19:02:00+00:00,214.07
2026-04-28 19:03:00+00:00,214.17
2026-04-28 19:04:00+00:00,214.19
2026-04-28 19:05:00+00:00,214.24
2026-04-28 19:06:00+00:00,214.41
2026-04-28 19:07:00+00:00,214.28
2026-04-28 19:08:00+00:00,214.53
2026-04-28 19:09:00+00:00,214.525
2026-04-28 19:10:00+00:00,214.5
2026-04-28 19:11:00+00:00,214.68
2026-04-28 19:12:00+00:00,214.51
2026-04-28 19:13:00+00:00,214.505
2026-04-28 19:14:00+00:00,214.18
2026-04-28 19:15:00+00:00,214.06
2026-04-28 19:16:00+00:00,213.985
2026-04-28 19:17:00+00:00,213.855
2026-04-28 19:18:00+00:00,213.815
2026-04-28 19:19:00+00:00,213.66
2026-04-28 19:20:00+00:00,213.585
2026-04-28 19:21:00+00:00,213.74
2026-04-28 19:22:00+00:00,213.75
2026-04-28 19:23:00+00:00,214.01
2026-04-28 19:24:00+00:00,214.02
2026-04-28 19:25:00+00:00,214.095
2026-04-28 19:26:00+00:00,214.08
2026-04-28 19:27:00+00:00,214.21
2026-04-28 19:28:00+00:00,214.16
2026-04-28 19:29:00+00:00,214.05
2026-04-28 19:30:00+00:00,214.225
2026-04-28 19:31:00+00:00,214.29
2026-04-28 19:32:00+00:00,214.29
2026-04-28 19:33:00+00:00,214.37
2026-04-28 19:34:00+00:00,214.21
2026-04-28 19:35:00+00:00,214.05
2026-04-28 19:36:00+00:00,214.005
2026-04-28 19:37:00+00:00,213.97
2026-04-28 19:38:00+00:00,214.015
2026-04-28 19:39:00+00:00,213.92
2026-04-28 19:40:00+00:00,213.83
2026-04-28 19:41:00+00:00,213.85
2026-04-28 19:42:00+00:00,213.78
2026-04-28 19:43:00+00:00,213.66
2026-04-28 19:44:00+00:00,213.69
2026-04-28 19:45:00+00:00,213.64
2026-04-28 19:46:00+00:00,213.63
2026-04-28 19:47:00+00:00,213.53
2026-04-28 19:48:00+00:00,213.32
2026-04-28 19:49:00+00:00,213.39
2026-04-28 19:50:00+00:00,213.6
2026-04-28 19:51:00+00:00,213.5
2026-04-28 19:52:00+00:00,213.44
2026-04-28 19:53:00+00:00,213.46
2026-04-28 19:54:00+00:00,213.53
2026-04-28 19:55:00+00:00,213.295
2026-04-28 19:56:00+00:00,213.395
2026-04-28 19:57:00+00:00,213.44
2026-04-28 19:58:00+00:00,213.49
2026-04-28 19:59:00+00:00,213.15
2026-04-28 20:00:00+00:00,213.75
2026-04-28 20:16:00+00:00,213.02
2026-04-29 12:01:00+00:00,213.66
2026-04-29 13:25:00+00:00,213.3
2026-04-29 13:28:00+00:00,212.69
2026-04-29 13:30:00+00:00,211.545
2026-04-29 13:31:00+00:00,211.13
2026-04-29 13:32:00+00:00,211.155
2026-04-29 13:33:00+00:00,210.695
2026-04-29 13:34:00+00:00,211.03
2026-04-29 13:35:00+00:00,211.375
2026-04-29 13:36:00+00:00,211.51
2026-04-29 13:37:00+00:00,211.58
2026-04-29 13:38:00+00:00,211.41
2026-04-29 13:39:00+00:00,211.72
2026-04-29 13:40:00+00:00,211.46
2026-04-29 13:41:00+00:00,211.09
2026-04-29 13:42:00+00:00,211.38
2026-04-29 13:43:00+00:00,210.86
2026-04-29 13:44:00+00:00,211.03
2026-04-29 13:45:00+00:00,210.545
2026-04-29 13:46:00+00:00,210.39
2026-04-29 13:47:00+00:00,210.78
2026-04-29 13:48:00+00:00,210.69
2026-04-29 13:49:00+00:00,210.525
2026-04-29 13:50:00+00:00,211.15
2026-04-29 13:51:00+00:00,211.235
2026-04-29 13:52:00+00:00,210.67
2026-04-29 13:53:00+00:00,211.07
2026-04-29 13:54:00+00:00,211.355
2026-04-29 13:55:00+00:00,211.18
2026-04-29 13:56:00+00:00,211.08
2026-04-29 13:57:00+00:00,211.14
2026-04-29 13:58:00+00:00,211.08
2026-04-29 13:59:00+00:00,210.79
2026-04-29 14:00:00+00:00,210.13
2026-04-29 14:01:00+00:00,209.91
2026-04-29 14:02:00+00:00,210.135
2026-04-29 14:03:00+00:00,210.24
2026-04-29 14:04:00+00:00,210.445
2026-04-29 14:05:00+00:00,210.6
2026-04-29 14:06:00+00:00,210.41
2026-04-29 14:07:00+00:00,210.39
2026-04-29 14:08:00+00:00,210.16
2026-04-29 14:09:00+00:00,210.29
2026-04-29 14:10:00+00:00,210.245
2026-04-29 14:11:00+00:00,210.29
2026-04-29 14:12:00+00:00,210.53
2026-04-29 14:13:00+00:00,210.86
2026-04-29 14:14:00+00:00,211.21
2026-04-29 14:15:00+00:00,210.945
2026-04-29 14:16:00+00:00,210.88
2026-04-29 14:17:00+00:00,210.79
2026-04-29 14:18:00+00:00,210.88
2026-04-29 14:19:00+00:00,211.02
2026-04-29 14:20:00+00:00,210.81
2026-04-29 14:21:00+00:00,210.56
2026-04-29 14:22:00+00:00,210.5
2026-04-29 14:23:00+00:00,210.7
2026-04-29 14:24:00+00:00,210.72
2026-04-29 14:25:00+00:00,210.79
2026-04-29 14:26:00+00:00,210.8
2026-04-29 14:27:00+00:00,210.82
2026-04-29 14:28:00+00:00,211.15
2026-04-29 14:29:00+00:00,211.11
2026-04-29 14:30:00+00:00,210.94
2026-04-29 14:31:00+00:00,211.085
2026-04-29 14:32:00+00:00,211.12
2026-04-29 14:33:00+00:00,211.27
2026-04-29 14:34:00+00:00,211.37
2026-04-29 14:35:00+00:00,211.29
2026-04-29 14:36:00+00:00,211.46
2026-04-29 14:37:00+00:00,211.46
2026-04-29 14:38:00+00:00,211.62
2026-04-29 14:39:00+00:00,211.535
2026-04-29 14:40:00+00:00,211.465
2026-04-29 14:41:00+00:00,211.28
2026-04-29 14:42:00+00:00,211.48
2026-04-29 14:43:00+00:00,211.32
2026-04-29 14:44:00+00:00,211.47
2026-04-29 14:45:00+00:00,211.6
2026-04-29 14:46:00+00:00,211.76
2026-04-29 14:47:00+00:00,211.445
2026-04-29 14:48:00+00:00,211.53
2026-04-29 14:49:00+00:00,211.025
2026-04-29 14:50:00+00:00,210.93
2026-04-29 14:51:00+00:00,210.765
2026-04-29 14:52:00+00:00,210.94
2026-04-29 14:53:00+00:00,210.99
2026-04-29 14:54:00+00:00,210.75
2026-04-29 14:55:00+00:00,210.79
2026-04-29 14:56:00+00:00,210.82
2026-04-29 14:57:00+00:00,211.15
2026-04-29 14:58:00+00:00,211.335
2026-04-29 14:59:00+00:00,211.3
2026-04-29 15:00:00+00:00,211.3
2026-04-29 15:01:00+00:00,211.135
2026-04-29 15:02:00+00:00,211.06
2026-04-29 15:03:00+00:00,210.86
2026-04-29 15:04:00+00:00,210.85
2026-04-29 15:05:00+00:00,210.93
2026-04-29 15:06:00+00:00,211.0
2026-04-29 15:07:00+00:00,210.96
2026-04-29 15:08:00+00:00,210.895
2026-04-29 15:09:00+00:00,210.68
2026-04-29 15:10:00+00:00,210.8
2026-04-29 15:11:00+00:00,210.76
2026-04-29 15:12:00+00:00,210.62
2026-04-29 15:13:00+00:00,210.49
2026-04-29 15:14:00+00:00,210.4
2026-04-29 15:15:00+00:00,210.575
2026-04-29 15:16:00+00:00,210.625
2026-04-29 15:17:00+00:00,210.75
2026-04-29 15:18:00+00:00,210.755
2026-04-29 15:19:00+00:00,210.89
2026-04-29 15:20:00+00:00,210.97
2026-04-29 15:21:00+00:00,211.03
2026-04-29 15:22:00+00:00,210.98
2026-04-29 15:23:00+00:00,210.96
2026-04-29 15:24:00+00:00,210.84
2026-04-29 15:25:00+00:00,210.91
2026-04-29 15:26:00+00:00,211.005
2026-04-29 15:27:00+00:00,210.86
2026-04-29 15:28:00+00:00,210.83
2026-04-29 15:29:00+00:00,210.78
2026-04-29 15:30:00+00:00,210.795
2026-04-29 15:31:00+00:00,210.845
2026-04-29 15:32:00+00:00,211.04
2026-04-29 15:33:00+00:00,211.185
2026-04-29 15:34:00+00:00,211.335
2026-04-29 15:35:00+00:00,211.365
2026-04-29 15:36:00+00:00,211.24
2026-04-29 15:37:00+00:00,211.0
2026-04-29 15:38:00+00:00,211.08
2026-04-29 15:39:00+00:00,211.165
2026-04-29 15:40:00+00:00,211.035
2026-04-29 15:41:00+00:00,210.88
2026-04-29 15:42:00+00:00,210.92
2026-04-29 15:43:00+00:00,211.12
2026-04-29 15:44:00+00:00,211.01
2026-04-29 15:45:00+00:00,211.18
2026-04-29 15:46:00+00:00,211.2
2026-04-29 15:47:00+00:00,211.13
2026-04-29 15:48:00+00:00,210.995
2026-04-29 15:49:00+00:00,211.05
2026-04-29 15:50:00+00:00,211.16
2026-04-29 15:51:00+00:00,210.84
2026-04-29 15:52:00+00:00,210.91
2026-04-29 15:53:00+00:00,210.62
2026-04-29 15:54:00+00:00,210.36
2026-04-29 15:55:00+00:00,210.56
2026-04-29 15:56:00+00:00,210.46
2026-04-29 15:57:00+00:00,210.355
2026-04-29 15:58:00+00:00,210.605
2026-04-29 15:59:00+00:00,210.64
2026-04-29 16:00:00+00:00,210.655
2026-04-29 16:01:00+00:00,210.68
2026-04-29 16:02:00+00:00,210.74
2026-04-29 16:03:00+00:00,210.74
2026-04-29 16:04:00+00:00,210.845
2026-04-29 16:05:00+00:00,210.86
2026-04-29 16:06:00+00:00,210.91
2026-04-29 16:07:00+00:00,210.97
2026-04-29 16:08:00+00:00,211.19
2026-04-29 16:09:00+00:00,211.12
2026-04-29 16:10:00+00:00,211.07
2026-04-29 16:11:00+00:00,210.965
2026-04-29 16:12:00+00:00,210.8
2026-04-29 16:13:00+00:00,210.685
2026-04-29 16:14:00+00:00,210.5
2026-04-29 16:15:00+00:00,210.54
2026-04-29 16:16:00+00:00,210.49
2026-04-29 16:17:00+00:00,210.31
2026-04-29 16:18:00+00:00,210.09
2026-04-29 16:19:00+00:00,209.92
2026-04-29 16:20:00+00:00,210.22
2026-04-29 16:21:00+00:00,210.2
2026-04-29 16:22:00+00:00,210.28
2026-04-29 16:23:00+00:00,210.335
2026-04-29 16:24:00+00:00,210.34
2026-04-29 16:25:00+00:00,210.13
2026-04-29 16:26:00+00:00,210.2
2026-04-29 16:27:00+00:00,210.005
2026-04-29 16:28:00+00:00,209.995
2026-04-29 16:29:00+00:00,209.67
2026-04-29 16:30:00+00:00,209.3
2026-04-29 16:31:00+00:00,209.15
2026-04-29 16:32:00+00:00,209.17
2026-04-29 16:33:00+00:00,209.165
2026-04-29 16:34:00+00:00,209.26
2026-04-29 16:35:00+00:00,209.35
2026-04-29 16:36:00+00:00,209.32
2026-04-29 16:37:00+00:00,209.37
2026-04-29 16:38:00+00:00,209.59
2026-04-29 16:39:00+00:00,209.57
2026-04-29 16:40:00+00:00,209.84
2026-04-29 16:41:00+00:00,209.615
2026-04-29 16:42:00+00:00,209.65
2026-04-29 16:43:00+00:00,209.7
2026-04-29 16:44:00+00:00,209.59
2026-04-29 16:45:00+00:00,209.39
2026-04-29 16:46:00+00:00,209.3
2026-04-29 16:47:00+00:00,209.48
2026-04-29 16:48:00+00:00,209.41
2026-04-29 16:49:00+00:00,209.59
2026-04-29 16:50:00+00:00,209.6
2026-04-29 16:51:00+00:00,209.57
2026-04-29 16:52:00+00:00,209.335
2026-04-29 16:53:00+00:00,209.15
2026-04-29 16:54:00+00:00,209.21
2026-04-29 16:55:00+00:00,209.205
2026-04-29 16:56:00+00:00,208.99
2026-04-29 16:57:00+00:00,208.63
2026-04-29 16:58:00+00:00,208.72
2026-04-29 16:59:00+00:00,208.9
2026-04-29 17:00:00+00:00,208.94
2026-04-29 17:01:00+00:00,208.735
2026-04-29 17:02:00+00:00,209.05
2026-04-29 17:03:00+00:00,208.97
2026-04-29 17:04:00+00:00,209.145
2026-04-29 17:05:00+00:00,209.39
2026-04-29 17:06:00+00:00,209.45
2026-04-29 17:07:00+00:00,209.56
2026-04-29 17:08:00+00:00,209.45
2026-04-29 17:09:00+00:00,209.54
2026-04-29 17:10:00+00:00,209.62
2026-04-29 17:11:00+00:00,209.64
2026-04-29 17:12:00+00:00,209.55
2026-04-29 17:13:00+00:00,209.62
2026-04-29 17:14:00+00:00,209.495
2026-04-29 17:15:00+00:00,209.265
2026-04-29 17:16:00+00:00,209.35
2026-04-29 17:17:00+00:00,209.5
2026-04-29 17:18:00+00:00,209.31
2026-04-29 17:19:00+00:00,209.33
2026-04-29 17:20:00+00:00,209.52
2026-04-29 17:21:00+00:00,209.485
2026-04-29 17:22:00+00:00,209.455
2026-04-29 17:23:00+00:00,209.51
2026-04-29 17:24:00+00:00,209.29
2026-04-29 17:25:00+00:00,209.31
2026-04-29 17:26:00+00:00,209.27
2026-04-29 17:27:00+00:00,209.305
2026-04-29 17:28:00+00:00,209.43
2026-04-29 17:29:00+00:00,209.44
2026-04-29 17:30:00+00:00,209.51
2026-04-29 17:31:00+00:00,209.46
2026-04-29 17:32:00+00:00,209.48
2026-04-29 17:33:00+00:00,209.515
2026-04-29 17:34:00+00:00,209.3
2026-04-29 17:35:00+00:00,209.27
2026-04-29 17:36:00+00:00,209.25
2026-04-29 17:37:00+00:00,209.31
2026-04-29 17:38:00+00:00,209.155
2026-04-29 17:39:00+00:00,209.23
2026-04-29 17:40:00+00:00,209.17
2026-04-29 17:41:00+00:00,209.11
2026-04-29 17:42:00+00:00,209.185
2026-04-29 17:43:00+00:00,209.205
2026-04-29 17:44:00+00:00,209.27
2026-04-29 17:45:00+00:00,209.45
2026-04-29 17:46:00+00:00,209.36
2026-04-29 17:47:00+00:00,209.4
2026-04-29 17:48:00+00:00,209.5
2026-04-29 17:49:00+00:00,209.46
2026-04-29 17:50:00+00:00,209.56
2026-04-29 17:51:00+00:00,209.585
2026-04-29 17:52:00+00:00,209.39
2026-04-29 17:53:00+00:00,209.235
2026-04-29 17:54:00+00:00,209.12
2026-04-29 17:55:00+00:00,209.21
2026-04-29 17:56:00+00:00,209.3
2026-04-29 17:57:00+00:00,209.14
2026-04-29 17:58:00+00:00,209.045
2026-04-29 17:59:00+00:00,209.095
2026-04-29 18:00:00+00:00,208.84
2026-04-29 18:01:00+00:00,208.83
2026-04-29 18:02:00+00:00,208.71
2026-04-29 18:03:00+00:00,208.555
2026-04-29 18:04:00+00:00,208.425
2026-04-29 18:05:00+00:00,208.49
2026-04-29 18:06:00+00:00,208.555
2026-04-29 18:07:00+00:00,208.63
2026-04-29 18:08:00+00:00,208.07
2026-04-29 18:09:00+00:00,207.84
2026-04-29 18:10:00+00:00,207.77
2026-04-29 18:11:00+00:00,207.94
2026-04-29 18:12:00+00:00,208.0
2026-04-29 18:13:00+00:00,208.0
2026-04-29 18:14:00+00:00,207.92
2026-04-29 18:15:00+00:00,208.25
2026-04-29 18:16:00+00:00,208.39
2026-04-29 18:17:00+00:00,208.64
2026-04-29 18:18:00+00:00,208.55
2026-04-29 18:19:00+00:00,208.475
2026-04-29 18:20:00+00:00,208.46
2026-04-29 18:21:00+00:00,208.33
2026-04-29 18:22:00+00:00,208.18
2026-04-29 18:23:00+00:00,208.28
2026-04-29 18:24:00+00:00,208.37
2026-04-29 18:25:00+00:00,208.245
2026-04-29 18:26:00+00:00,208.175
2026-04-29 18:27:00+00:00,208.25
2026-04-29 18:28:00+00:00,208.11
2026-04-29 18:29:00+00:00,208.065
2026-04-29 18:30:00+00:00,207.855
2026-04-29 18:31:00+00:00,207.685
2026-04-29 18:32:00+00:00,207.84
2026-04-29 18:33:00+00:00,207.97
2026-04-29 18:34:00+00:00,207.925
2026-04-29 18:35:00+00:00,208.195
2026-04-29 18:36:00+00:00,208.59
2026-04-29 18:37:00+00:00,208.35
2026-04-29 18:38:00+00:00,208.16
2026-04-29 18:39:00+00:00,208.23
2026-04-29 18:40:00+00:00,208.23
2026-04-29 18:41:00+00:00,208.275
2026-04-29 18:42:00+00:00,208.375
2026-04-29 18:43:00+00:00,208.31
2026-04-29 18:44:00+00:00,208.02
2026-04-29 18:45:00+00:00,208.22
2026-04-29 18:46:00+00:00,208.24
2026-04-29 18:47:00+00:00,208.58
2026-04-29 18:48:00+00:00,208.52
2026-04-29 18:49:00+00:00,208.56
2026-04-29 18:50:00+00:00,208.61
2026-04-29 18:51:00+00:00,208.635
2026-04-29 18:52:00+00:00,208.71
2026-04-29 18:53:00+00:00,208.465
2026-04-29 18:54:00+00:00,208.43
2026-04-29 18:55:00+00:00,208.8
2026-04-29 18:56:00+00:00,208.82
2026-04-29 18:57:00+00:00,208.96
2026-04-29 18:58:00+00:00,208.88
2026-04-29 18:59:00+00:00,208.97
2026-04-29 19:00:00+00:00,208.965
2026-04-29 19:01:00+00:00,208.8
2026-04-29 19:02:00+00:00,208.695
2026-04-29 19:03:00+00:00,208.95
2026-04-29 19:04:00+00:00,208.93
2026-04-29 19:05:00+00:00,208.77
2026-04-29 19:06:00+00:00,208.63
2026-04-29 19:07:00+00:00,208.88
2026-04-29 19:08:00+00:00,208.895
2026-04-29 19:09:00+00:00,208.825
2026-04-29 19:10:00+00:00,208.99
2026-04-29 19:11:00+00:00,208.91
2026-04-29 19:12:00+00:00,209.035
2026-04-29 19:13:00+00:00,209.11
2026-04-29 19:14:00+00:00,209.17
2026-04-29 19:15:00+00:00,209.315
2026-04-29 19:16:00+00:00,209.325
2026-04-29 19:17:00+00:00,209.31
2026-04-29 19:18:00+00:00,209.36
2026-04-29 19:19:00+00:00,209.36
2026-04-29 19:20:00+00:00,209.11
2026-04-29 19:21:00+00:00,209.13
2026-04-29 19:22:00+00:00,209.08
2026-04-29 19:23:00+00:00,209.11
2026-04-29 19:24:00+00:00,209.245
2026-04-29 19:25:00+00:00,209.295
2026-04-29 19:26:00+00:00,209.305
2026-04-29 19:27:00+00:00,209.36
2026-04-29 19:28:00+00:00,209.36
2026-04-29 19:29:00+00:00,209.34
2026-04-29 19:30:00+00:00,209.31
2026-04-29 19:31:00+00:00,209.27
2026-04-29 19:32:00+00:00,209.12
2026-04-29 19:33:00+00:00,209.145
2026-04-29 19:34:00+00:00,209.06
2026-04-29 19:35:00+00:00,208.95
2026-04-29 19:36:00+00:00,209.21
2026-04-29 19:37:00+00:00,209.21
2026-04-29 19:38:00+00:00,209.175
2026-04-29 19:39:00+00:00,209.185
2026-04-29 19:40:00+00:00,209.03
2026-04-29 19:41:00+00:00,209.12
2026-04-29 19:42:00+00:00,209.11
2026-04-29 19:43:00+00:00,209.025
2026-04-29 19:44:00+00:00,208.98
2026-04-29 19:45:00+00:00,209.065
2026-04-29 19:46:00+00:00,208.99
2026-04-29 19:47:00+00:00,209.03
2026-04-29 19:48:00+00:00,208.91
2026-04-29 19:49:00+00:00,209.03
2026-04-29 19:50:00+00:00,208.74
2026-04-29 19:51:00+00:00,208.75
2026-04-29 19:52:00+00:00,208.805
2026-04-29 19:53:00+00:00,209.02
2026-04-29 19:54:00+00:00,209.07
2026-04-29 19:55:00+00:00,208.92
2026-04-29 19:56:00+00:00,208.97
2026-04-29 19:57:00+00:00,209.08
2026-04-29 19:58:00+00:00,208.99
2026-04-29 19:59:00+00:00,209.35
2026-04-29 20:04:00+00:00,210.03
2026-04-29 20:10:00+00:00,209.36
2026-04-29 20:18:00+00:00,207.0
2026-04-29 20:20:00+00:00,207.96
2026-04-29 20:21:00+00:00,208.47
2026-04-29 20:28:00+00:00,208.67
2026-04-29 20:35:00+00:00,209.0
2026-04-30 12:22:00+00:00,210.9
2026-04-30 12:35:00+00:00,210.71
2026-04-30 13:06:00+00:00,210.9
2026-04-30 13:17:00+00:00,210.44
2026-04-30 13:29:00+00:00,209.97
2026-04-30 13:30:00+00:00,209.795
2026-04-30 13:31:00+00:00,208.705
2026-04-30 13:32:00+00:00,209.24
2026-04-30 13:33:00+00:00,208.78
2026-04-30 13:34:00+00:00,208.755
2026-04-30 13:35:00+00:00,208.09
2026-04-30 13:36:00+00:00,208.45
2026-04-30 13:37:00+00:00,207.87
2026-04-30 13:38:00+00:00,207.855
2026-04-30 13:39:00+00:00,207.63
2026-04-30 13:40:00+00:00,206.72
2026-04-30 13:41:00+00:00,205.87
2026-04-30 13:42:00+00:00,206.545
2026-04-30 13:43:00+00:00,206.59
2026-04-30 13:44:00+00:00,206.78
2026-04-30 13:45:00+00:00,206.77
2026-04-30 13:46:00+00:00,205.405
2026-04-30 13:47:00+00:00,205.855
2026-04-30 13:48:00+00:00,206.18
2026-04-30 13:49:00+00:00,206.39
2026-04-30 13:50:00+00:00,206.09
2026-04-30 13:51:00+00:00,205.36
2026-04-30 13:52:00+00:00,204.77
2026-04-30 13:53:00+00:00,204.65
2026-04-30 13:54:00+00:00,204.0
2026-04-30 13:55:00+00:00,203.95
2026-04-30 13:56:00+00:00,203.44
2026-04-30 13:57:00+00:00,203.08
2026-04-30 13:58:00+00:00,203.42
2026-04-30 13:59:00+00:00,203.92
2026-04-30 14:00:00+00:00,203.545
2026-04-30 14:01:00+00:00,203.3
2026-04-30 14:02:00+00:00,203.61
2026-04-30 14:03:00+00:00,202.865
2026-04-30 14:04:00+00:00,202.88
2026-04-30 14:05:00+00:00,202.67
2026-04-30 14:06:00+00:00,202.34
2026-04-30 14:07:00+00:00,203.0
2026-04-30 14:08:00+00:00,201.92
2026-04-30 14:09:00+00:00,202.0
2026-04-30 14:10:00+00:00,201.67
2026-04-30 14:11:00+00:00,201.55
2026-04-30 14:12:00+00:00,202.33
2026-04-30 14:13:00+00:00,202.43
2026-04-30 14:14:00+00:00,201.915
2026-04-30 14:15:00+00:00,201.09
2026-04-30 14:16:00+00:00,199.79
2026-04-30 14:17:00+00:00,200.24
2026-04-30 14:18:00+00:00,200.52
2026-04-30 14:19:00+00:00,201.02
2026-04-30 14:20:00+00:00,201.16
2026-04-30 14:21:00+00:00,201.18
2026-04-30 14:22:00+00:00,201.82
2026-04-30 14:23:00+00:00,201.46
2026-04-30 14:24:00+00:00,201.31
2026-04-30 14:25:00+00:00,200.87
2026-04-30 14:26:00+00:00,200.11
2026-04-30 14:27:00+00:00,200.05
2026-04-30 14:28:00+00:00,200.35
2026-04-30 14:29:00+00:00,200.61
2026-04-30 14:30:00+00:00,200.325
2026-04-30 14:31:00+00:00,200.65
2026-04-30 14:32:00+00:00,200.79
2026-04-30 14:33:00+00:00,200.42
2026-04-30 14:34:00+00:00,200.07
2026-04-30 14:35:00+00:00,200.085
2026-04-30 14:36:00+00:00,199.22
2026-04-30 14:37:00+00:00,199.405
2026-04-30 14:38:00+00:00,199.375
2026-04-30 14:39:00+00:00,198.85
2026-04-30 14:40:00+00:00,199.58
2026-04-30 14:41:00+00:00,200.38
2026-04-30 14:42:00+00:00,200.61
2026-04-30 14:43:00+00:00,200.62
2026-04-30 14:44:00+00:00,200.65
2026-04-30 14:45:00+00:00,200.97
2026-04-30 14:46:00+00:00,201.32
2026-04-30 14:47:00+00:00,201.39
2026-04-30 14:48:00+00:00,201.39
2026-04-30 14:49:00+00:00,201.28
2026-04-30 14:50:00+00:00,201.43
2026-04-30 14:51:00+00:00,201.35
2026-04-30 14:52:00+00:00,201.58
2026-04-30 14:53:00+00:00,201.7
2026-04-30 14:54:00+00:00,201.69
2026-04-30 14:55:00+00:00,201.85
2026-04-30 14:56:00+00:00,201.735
2026-04-30 14:57:00+00:00,201.98
2026-04-30 14:58:00+00:00,202.03
2026-04-30 14:59:00+00:00,201.78
2026-04-30 15:00:00+00:00,202.25
2026-04-30 15:01:00+00:00,202.345
2026-04-30 15:02:00+00:00,201.91
2026-04-30 15:03:00+00:00,201.63
2026-04-30 15:04:00+00:00,201.75
2026-04-30 15:05:00+00:00,201.825
2026-04-30 15:06:00+00:00,201.24
2026-04-30 15:07:00+00:00,201.47
2026-04-30 15:08:00+00:00,201.9
2026-04-30 15:09:00+00:00,202.36
2026-04-30 15:10:00+00:00,202.175
2026-04-30 15:11:00+00:00,202.09
2026-04-30 15:12:00+00:00,201.45
2026-04-30 15:13:00+00:00,201.57
2026-04-30 15:14:00+00:00,201.82
2026-04-30 15:15:00+00:00,201.83
2026-04-30 15:16:00+00:00,201.96
2026-04-30 15:17:00+00:00,202.09
2026-04-30 15:18:00+00:00,202.015
2026-04-30 15:19:00+00:00,201.845
2026-04-30 15:20:00+00:00,201.91
2026-04-30 15:21:00+00:00,201.34
2026-04-30 15:22:00+00:00,201.35
2026-04-30 15:23:00+00:00,201.505
2026-04-30 15:24:00+00:00,201.24
2026-04-30 15:25:00+00:00,201.19
2026-04-30 15:26:00+00:00,201.15
2026-04-30 15:27:00+00:00,201.2
2026-04-30 15:28:00+00:00,201.14
2026-04-30 15:29:00+00:00,201.39
2026-04-30 15:30:00+00:00,201.63
2026-04-30 15:31:00+00:00,201.585
2026-04-30 15:32:00+00:00,201.28
2026-04-30 15:33:00+00:00,201.31
2026-04-30 15:34:00+00:00,201.12
2026-04-30 15:35:00+00:00,200.59
2026-04-30 15:36:00+00:00,200.83
2026-04-30 15:37:00+00:00,200.36
2026-04-30 15:38:00+00:00,200.74
2026-04-30 15:39:00+00:00,200.635
2026-04-30 15:40:00+00:00,200.25
2026-04-30 15:41:00+00:00,200.47
2026-04-30 15:42:00+00:00,200.31
2026-04-30 15:43:00+00:00,200.64
2026-04-30 15:44:00+00:00,200.59
2026-04-30 15:45:00+00:00,200.51
2026-04-30 15:46:00+00:00,200.53
2026-04-30 15:47:00+00:00,200.35
2026-04-30 15:48:00+00:00,200.68
2026-04-30 15:49:00+00:00,200.7
2026-04-30 15:50:00+00:00,200.94
2026-04-30 15:51:00+00:00,201.21
2026-04-30 15:52:00+00:00,201.14
2026-04-30 15:53:00+00:00,201.17
2026-04-30 15:54:00+00:00,201.28
2026-04-30 15:55:00+00:00,201.21
2026-04-30 15:56:00+00:00,201.1
2026-04-30 15:57:00+00:00,200.825
2026-04-30 15:58:00+00:00,200.88
2026-04-30 15:59:00+00:00,200.605
2026-04-30 16:00:00+00:00,200.52
2026-04-30 16:01:00+00:00,200.16
2026-04-30 16:02:00+00:00,199.9
2026-04-30 16:03:00+00:00,200.19
2026-04-30 16:04:00+00:00,200.355
2026-04-30 16:05:00+00:00,200.5
2026-04-30 16:06:00+00:00,200.53
2026-04-30 16:07:00+00:00,200.36
2026-04-30 16:08:00+00:00,200.61
2026-04-30 16:09:00+00:00,200.35
2026-04-30 16:10:00+00:00,200.39
2026-04-30 16:11:00+00:00,200.45
2026-04-30 16:12:00+00:00,200.6
2026-04-30 16:13:00+00:00,200.7
2026-04-30 16:14:00+00:00,200.765
2026-04-30 16:15:00+00:00,200.66
2026-04-30 16:16:00+00:00,200.505
2026-04-30 16:17:00+00:00,200.39
2026-04-30 16:18:00+00:00,200.6
2026-04-30 16:19:00+00:00,200.68
2026-04-30 16:20:00+00:00,200.67
2026-04-30 16:21:00+00:00,200.535
2026-04-30 16:22:00+00:00,200.54
2026-04-30 16:23:00+00:00,200.23
2026-04-30 16:24:00+00:00,200.11
2026-04-30 16:25:00+00:00,199.66
2026-04-30 16:26:00+00:00,199.955
2026-04-30 16:27:00+00:00,199.95
2026-04-30 16:28:00+00:00,200.2
2026-04-30 16:29:00+00:00,200.145
2026-04-30 16:30:00+00:00,200.07
2026-04-30 16:31:00+00:00,199.885
2026-04-30 16:32:00+00:00,200.03
2026-04-30 16:33:00+00:00,200.02
2026-04-30 16:34:00+00:00,200.02
2026-04-30 16:35:00+00:00,199.93
2026-04-30 16:36:00+00:00,199.9
2026-04-30 16:37:00+00:00,199.68
2026-04-30 16:38:00+00:00,200.19
2026-04-30 16:39:00+00:00,200.24
2026-04-30 16:40:00+00:00,200.15
2026-04-30 16:41:00+00:00,200.27
2026-04-30 16:42:00+00:00,200.06
2026-04-30 16:43:00+00:00,200.04
2026-04-30 16:44:00+00:00,199.56
2026-04-30 16:45:00+00:00,199.43
2026-04-30 16:46:00+00:00,199.48
2026-04-30 16:47:00+00:00,199.52
2026-04-30 16:48:00+00:00,199.39
2026-04-30 16:49:00+00:00,199.65
2026-04-30 16:50:00+00:00,199.805
2026-04-30 16:51:00+00:00,199.84
2026-04-30 16:52:00+00:00,200.03
2026-04-30 16:53:00+00:00,199.975
2026-04-30 16:54:00+00:00,199.95
2026-04-30 16:55:00+00:00,199.81
2026-04-30 16:56:00+00:00,199.63
2026-04-30 16:57:00+00:00,199.6
2026-04-30 16:58:00+00:00,199.89
2026-04-30 16:59:00+00:00,199.73
2026-04-30 17:00:00+00:00,200.295
2026-04-30 17:01:00+00:00,200.57
2026-04-30 17:02:00+00:00,200.445
2026-04-30 17:03:00+00:00,200.605
2026-04-30 17:04:00+00:00,200.69
2026-04-30 17:05:00+00:00,200.78
2026-04-30 17:06:00+00:00,200.735
2026-04-30 17:07:00+00:00,200.5
2026-04-30 17:08:00+00:00,200.52
2026-04-30 17:09:00+00:00,200.735
2026-04-30 17:10:00+00:00,200.96
2026-04-30 17:11:00+00:00,200.99
2026-04-30 17:12:00+00:00,200.67
2026-04-30 17:13:00+00:00,200.41
2026-04-30 17:14:00+00:00,200.47
2026-04-30 17:15:00+00:00,200.32
2026-04-30 17:16:00+00:00,200.195
2026-04-30 17:17:00+00:00,200.26
2026-04-30 17:18:00+00:00,200.27
2026-04-30 17:19:00+00:00,200.46
2026-04-30 17:20:00+00:00,200.62
2026-04-30 17:21:00+00:00,200.37
2026-04-30 17:22:00+00:00,200.18
2026-04-30 17:23:00+00:00,200.25
2026-04-30 17:24:00+00:00,200.42
2026-04-30 17:25:00+00:00,200.42
2026-04-30 17:26:00+00:00,200.28
2026-04-30 17:27:00+00:00,200.4
2026-04-30 17:28:00+00:00,200.4
2026-04-30 17:29:00+00:00,200.46
2026-04-30 17:30:00+00:00,200.785
2026-04-30 17:31:00+00:00,200.63
2026-04-30 17:32:00+00:00,200.67
2026-04-30 17:33:00+00:00,200.505
2026-04-30 17:34:00+00:00,200.81
2026-04-30 17:35:00+00:00,200.65
2026-04-30 17:36:00+00:00,200.86
2026-04-30 17:37:00+00:00,201.145
2026-04-30 17:38:00+00:00,201.005
2026-04-30 17:39:00+00:00,201.11
2026-04-30 17:40:00+00:00,200.815
2026-04-30 17:41:00+00:00,200.715
2026-04-30 17:42:00+00:00,200.475
2026-04-30 17:43:00+00:00,200.535
2026-04-30 17:44:00+00:00,200.51
2026-04-30 17:45:00+00:00,200.86
2026-04-30 17:46:00+00:00,200.86
2026-04-30 17:47:00+00:00,200.65
2026-04-30 17:48:00+00:00,200.67
2026-04-30 17:49:00+00:00,200.64
2026-04-30 17:50:00+00:00,200.8
2026-04-30 17:51:00+00:00,200.88
2026-04-30 17:52:00+00:00,200.72
2026-04-30 17:53:00+00:00,200.86
2026-04-30 17:54:00+00:00,200.855
2026-04-30 17:55:00+00:00,200.84
2026-04-30 17:56:00+00:00,201.02
2026-04-30 17:57:00+00:00,201.1
2026-04-30 17:58:00+00:00,201.105
2026-04-30 17:59:00+00:00,201.26
2026-04-30 18:00:00+00:00,201.445
2026-04-30 18:01:00+00:00,201.32
2026-04-30 18:02:00+00:00,201.55
2026-04-30 18:03:00+00:00,201.625
2026-04-30 18:04:00+00:00,201.49
2026-04-30 18:05:00+00:00,201.115
2026-04-30 18:06:00+00:00,201.095
2026-04-30 18:07:00+00:00,200.64
2026-04-30 18:08:00+00:00,200.57
2026-04-30 18:09:00+00:00,200.63
2026-04-30 18:10:00+00:00,200.57
2026-04-30 18:11:00+00:00,200.33
2026-04-30 18:12:00+00:00,200.63
2026-04-30 18:13:00+00:00,200.65
2026-04-30 18:14:00+00:00,200.66
2026-04-30 18:15:00+00:00,200.74
2026-04-30 18:16:00+00:00,201.0
2026-04-30 18:17:00+00:00,200.84
2026-04-30 18:18:00+00:00,200.985
2026-04-30 18:19:00+00:00,200.7
2026-04-30 18:20:00+00:00,200.605
2026-04-30 18:21:00+00:00,200.56
2026-04-30 18:22:00+00:00,200.43
2026-04-30 18:23:00+00:00,200.665
2026-04-30 18:24:00+00:00,200.62
2026-04-30 18:25:00+00:00,200.53
2026-04-30 18:26:00+00:00,200.605
2026-04-30 18:27:00+00:00,200.67
2026-04-30 18:28:00+00:00,200.675
2026-04-30 18:29:00+00:00,200.76
2026-04-30 18:30:00+00:00,200.825
2026-04-30 18:31:00+00:00,200.9
2026-04-30 18:32:00+00:00,200.915
2026-04-30 18:33:00+00:00,201.14
2026-04-30 18:34:00+00:00,201.01
2026-04-30 18:35:00+00:00,201.01
2026-04-30 18:36:00+00:00,201.08
2026-04-30 18:37:00+00:00,201.03
2026-04-30 18:38:00+00:00,201.11
2026-04-30 18:39:00+00:00,201.09
2026-04-30 18:40:00+00:00,201.32
2026-04-30 18:41:00+00:00,201.44
2026-04-30 18:42:00+00:00,201.28
2026-04-30 18:43:00+00:00,201.41
2026-04-30 18:44:00+00:00,201.46
2026-04-30 18:45:00+00:00,201.91
2026-04-30 18:46:00+00:00,201.83
2026-04-30 18:47:00+00:00,201.935
2026-04-30 18:48:00+00:00,201.92
2026-04-30 18:49:00+00:00,201.71
2026-04-30 18:50:00+00:00,201.64
2026-04-30 18:51:00+00:00,201.785
2026-04-30 18:52:00+00:00,201.835
2026-04-30 18:53:00+00:00,201.7
2026-04-30 18:54:00+00:00,201.675
2026-04-30 18:55:00+00:00,201.755
2026-04-30 18:56:00+00:00,201.685
2026-04-30 18:57:00+00:00,201.695
2026-04-30 18:58:00+00:00,201.82
2026-04-30 18:59:00+00:00,201.855
2026-04-30 19:00:00+00:00,201.885
2026-04-30 19:01:00+00:00,201.71
2026-04-30 19:02:00+00:00,201.84
2026-04-30 19:03:00+00:00,201.4
2026-04-30 19:04:00+00:00,201.185
2026-04-30 19:05:00+00:00,201.145
2026-04-30 19:06:00+00:00,201.205
2026-04-30 19:07:00+00:00,201.37
2026-04-30 19:08:00+00:00,201.29
2026-04-30 19:09:00+00:00,201.38
2026-04-30 19:10:00+00:00,201.57
2026-04-30 19:11:00+00:00,201.4
2026-04-30 19:12:00+00:00,201.19
2026-04-30 19:13:00+00:00,201.265
2026-04-30 19:14:00+00:00,201.46
2026-04-30 19:15:00+00:00,201.45
2026-04-30 19:16:00+00:00,201.34
2026-04-30 19:17:00+00:00,201.26
2026-04-30 19:18:00+00:00,201.02
2026-04-30 19:19:00+00:00,201.05
2026-04-30 19:20:00+00:00,201.0
2026-04-30 19:21:00+00:00,201.005
2026-04-30 19:22:00+00:00,201.02
2026-04-30 19:23:00+00:00,201.04
2026-04-30 19:24:00+00:00,201.02
2026-04-30 19:25:00+00:00,201.035
2026-04-30 19:26:00+00:00,200.99
2026-04-30 19:27:00+00:00,200.98
2026-04-30 19:28:00+00:00,201.055
2026-04-30 19:29:00+00:00,200.83
2026-04-30 19:30:00+00:00,200.61
2026-04-30 19:31:00+00:00,200.86
2026-04-30 19:32:00+00:00,200.815
2026-04-30 19:33:00+00:00,200.835
2026-04-30 19:34:00+00:00,200.75
2026-04-30 19:35:00+00:00,200.64
2026-04-30 19:36:00+00:00,200.88
2026-04-30 19:37:00+00:00,200.67
2026-04-30 19:38:00+00:00,200.73
2026-04-30 19:39:00+00:00,200.71
2026-04-30 19:40:00+00:00,200.64
2026-04-30 19:41:00+00:00,200.71
2026-04-30 19:42:00+00:00,200.71
2026-04-30 19:43:00+00:00,200.99
2026-04-30 19:44:00+00:00,200.76
2026-04-30 19:45:00+00:00,200.625
2026-04-30 19:46:00+00:00,200.8
2026-04-30 19:47:00+00:00,200.6
2026-04-30 19:48:00+00:00,200.51
2026-04-30 19:49:00+00:00,200.56
2026-04-30 19:50:00+00:00,200.21
2026-04-30 19:51:00+00:00,200.35
2026-04-30 19:52:00+00:00,200.755
2026-04-30 19:53:00+00:00,200.74
2026-04-30 19:54:00+00:00,200.585
2026-04-30 19:55:00+00:00,200.0
2026-04-30 19:56:00+00:00,199.96
2026-04-30 19:57:00+00:00,200.0
2026-04-30 19:58:00+00:00,199.98
2026-04-30 19:59:00+00:00,199.54
2026-04-30 20:40:00+00:00,199.82
2026-05-01 12:36:00+00:00,201.21
2026-05-01 13:30:00+00:00,201.59
2026-05-01 13:31:00+00:00,202.52
2026-05-01 13:32:00+00:00,202.295
2026-05-01 13:33:00+00:00,201.95
2026-05-01 13:34:00+00:00,201.675
2026-05-01 13:35:00+00:00,201.76
2026-05-01 13:36:00+00:00,201.26
2026-05-01 13:37:00+00:00,201.32
2026-05-01 13:38:00+00:00,201.32
2026-05-01 13:39:00+00:00,201.64
2026-05-01 13:40:00+00:00,202.3
2026-05-01 13:41:00+00:00,202.14
2026-05-01 13:42:00+00:00,202.185
2026-05-01 13:43:00+00:00,201.875
2026-05-01 13:44:00+00:00,201.91
2026-05-01 13:45:00+00:00,201.665
2026-05-01 13:46:00+00:00,200.67
2026-05-01 13:47:00+00:00,200.36
2026-05-01 13:48:00+00:00,200.32
2026-05-01 13:49:00+00:00,200.275
2026-05-01 13:50:00+00:00,199.94
2026-05-01 13:51:00+00:00,199.6
2026-05-01 13:52:00+00:00,199.83
2026-05-01 13:53:00+00:00,199.51
2026-05-01 13:54:00+00:00,199.27
2026-05-01 13:55:00+00:00,200.03
2026-05-01 13:56:00+00:00,199.43
2026-05-01 13:57:00+00:00,199.99
2026-05-01 13:58:00+00:00,200.2
2026-05-01 13:59:00+00:00,200.345
2026-05-01 14:00:00+00:00,200.06
2026-05-01 14:01:00+00:00,200.24
2026-05-01 14:02:00+00:00,200.14
2026-05-01 14:03:00+00:00,200.105
2026-05-01 14:04:00+00:00,199.65
2026-05-01 14:05:00+00:00,199.8
2026-05-01 14:06:00+00:00,200.11
2026-05-01 14:07:00+00:00,200.43
2026-05-01 14:08:00+00:00,200.0
2026-05-01 14:09:00+00:00,200.17
2026-05-01 14:10:00+00:00,200.09
2026-05-01 14:11:00+00:00,200.09
2026-05-01 14:12:00+00:00,200.1
2026-05-01 14:13:00+00:00,200.22
2026-05-01 14:14:00+00:00,199.995
2026-05-01 14:15:00+00:00,199.69
2026-05-01 14:16:00+00:00,199.74
2026-05-01 14:17:00+00:00,199.54
2026-05-01 14:18:00+00:00,199.58
2026-05-01 14:19:00+00:00,200.01
2026-05-01 14:20:00+00:00,199.73
2026-05-01 14:21:00+00:00,199.815
2026-05-01 14:22:00+00:00,199.96
2026-05-01 14:23:00+00:00,199.83
2026-05-01 14:24:00+00:00,199.75
2026-05-01 14:25:00+00:00,199.31
2026-05-01 14:26:00+00:00,199.53
2026-05-01 14:27:00+00:00,199.495
2026-05-01 14:28:00+00:00,199.575
2026-05-01 14:29:00+00:00,199.305
2026-05-01 14:30:00+00:00,198.66
2026-05-01 14:31:00+00:00,198.45
2026-05-01 14:32:00+00:00,197.68
2026-05-01 14:33:00+00:00,197.91
2026-05-01 14:34:00+00:00,197.57
2026-05-01 14:35:00+00:00,197.64
2026-05-01 14:36:00+00:00,197.77
2026-05-01 14:37:00+00:00,197.64
2026-05-01 14:38:00+00:00,198.39
2026-05-01 14:39:00+00:00,198.75
2026-05-01 14:40:00+00:00,198.83
2026-05-01 14:41:00+00:00,198.71
2026-05-01 14:42:00+00:00,198.8
2026-05-01 14:43:00+00:00,199.16
2026-05-01 14:44:00+00:00,199.255
2026-05-01 14:45:00+00:00,199.69
2026-05-01 14:46:00+00:00,199.57
2026-05-01 14:47:00+00:00,199.68
2026-05-01 14:48:00+00:00,199.9
2026-05-01 14:49:00+00:00,199.79
2026-05-01 14:50:00+00:00,199.5
2026-05-01 14:51:00+00:00,199.74
2026-05-01 14:52:00+00:00,199.85
2026-05-01 14:53:00+00:00,199.85
2026-05-01 14:54:00+00:00,199.74
2026-05-01 14:55:00+00:00,199.79
2026-05-01 14:56:00+00:00,199.71
2026-05-01 14:57:00+00:00,199.69
2026-05-01 14:58:00+00:00,199.52
2026-05-01 14:59:00+00:00,199.645
2026-05-01 15:00:00+00:00,199.49
2026-05-01 15:01:00+00:00,199.21
2026-05-01 15:02:00+00:00,199.04
2026-05-01 15:03:00+00:00,199.2
2026-05-01 15:04:00+00:00,199.655
2026-05-01 15:05:00+00:00,199.76
2026-05-01 15:06:00+00:00,199.59
2026-05-01 15:07:00+00:00,199.42
2026-05-01 15:08:00+00:00,199.355
2026-05-01 15:09:00+00:00,199.385
2026-05-01 15:10:00+00:00,199.43
2026-05-01 15:11:00+00:00,199.405
2026-05-01 15:12:00+00:00,199.48
2026-05-01 15:13:00+00:00,199.48
2026-05-01 15:14:00+00:00,199.49
2026-05-01 15:15:00+00:00,199.56
2026-05-01 15:16:00+00:00,199.565
2026-05-01 15:17:00+00:00,199.52
2026-05-01 15:18:00+00:00,199.53
2026-05-01 15:19:00+00:00,199.57
2026-05-01 15:20:00+00:00,199.53
2026-05-01 15:21:00+00:00,199.68
2026-05-01 15:22:00+00:00,199.52
2026-05-01 15:23:00+00:00,199.63
2026-05-01 15:24:00+00:00,199.14
2026-05-01 15:25:00+00:00,199.135
2026-05-01 15:26:00+00:00,198.985
2026-05-01 15:27:00+00:00,198.83
2026-05-01 15:28:00+00:00,198.75
2026-05-01 15:29:00+00:00,198.94
2026-05-01 15:30:00+00:00,199.19
2026-05-01 15:31:00+00:00,198.945
2026-05-01 15:32:00+00:00,199.0
2026-05-01 15:33:00+00:00,198.84
2026-05-01 15:34:00+00:00,198.78
2026-05-01 15:35:00+00:00,198.8
2026-05-01 15:36:00+00:00,198.89
2026-05-01 15:37:00+00:00,199.28
2026-05-01 15:38:00+00:00,199.16
2026-05-01 15:39:00+00:00,199.21
2026-05-01 15:40:00+00:00,199.23
2026-05-01 15:41:00+00:00,199.365
2026-05-01 15:42:00+00:00,199.37
2026-05-01 15:43:00+00:00,199.6
2026-05-01 15:44:00+00:00,199.54
2026-05-01 15:45:00+00:00,199.59
2026-05-01 15:46:00+00:00,199.72
2026-05-01 15:47:00+00:00,199.84
2026-05-01 15:48:00+00:00,199.75
2026-05-01 15:49:00+00:00,199.67
2026-05-01 15:50:00+00:00,199.23
2026-05-01 15:51:00+00:00,199.32
2026-05-01 15:52:00+00:00,199.245
2026-05-01 15:53:00+00:00,199.11
2026-05-01 15:54:00+00:00,199.19
2026-05-01 15:55:00+00:00,199.28
2026-05-01 15:56:00+00:00,199.3
2026-05-01 15:57:00+00:00,198.93
2026-05-01 15:58:00+00:00,198.99
2026-05-01 15:59:00+00:00,199.03
2026-05-01 16:00:00+00:00,199.02
2026-05-01 16:01:00+00:00,199.19
2026-05-01 16:02:00+00:00,199.02
2026-05-01 16:03:00+00:00,199.07
2026-05-01 16:04:00+00:00,199.035
2026-05-01 16:05:00+00:00,199.01
2026-05-01 16:06:00+00:00,199.095
2026-05-01 16:07:00+00:00,198.8
2026-05-01 16:08:00+00:00,198.79
2026-05-01 16:09:00+00:00,198.59
2026-05-01 16:10:00+00:00,198.63
2026-05-01 16:11:00+00:00,198.85
2026-05-01 16:12:00+00:00,198.89
2026-05-01 16:13:00+00:00,198.93
2026-05-01 16:14:00+00:00,198.91
2026-05-01 16:15:00+00:00,198.93
2026-05-01 16:16:00+00:00,198.98
2026-05-01 16:17:00+00:00,199.025
2026-05-01 16:18:00+00:00,198.875
2026-05-01 16:19:00+00:00,199.005
2026-05-01 16:20:00+00:00,198.9
2026-05-01 16:21:00+00:00,199.1
2026-05-01 16:22:00+00:00,199.225
2026-05-01 16:23:00+00:00,199.09
2026-05-01 16:24:00+00:00,199.215
2026-05-01 16:25:00+00:00,198.705
2026-05-01 16:26:00+00:00,198.83
2026-05-01 16:27:00+00:00,198.82
2026-05-01 16:28:00+00:00,198.82
2026-05-01 16:29:00+00:00,198.665
2026-05-01 16:30:00+00:00,198.77
2026-05-01 16:31:00+00:00,198.745
2026-05-01 16:32:00+00:00,198.75
2026-05-01 16:33:00+00:00,198.695
2026-05-01 16:34:00+00:00,198.77
2026-05-01 16:35:00+00:00,198.83
2026-05-01 16:36:00+00:00,198.775
2026-05-01 16:37:00+00:00,198.73
2026-05-01 16:38:00+00:00,198.8
2026-05-01 16:39:00+00:00,198.95
2026-05-01 16:40:00+00:00,198.83
2026-05-01 16:41:00+00:00,198.94
2026-05-01 16:42:00+00:00,198.785
2026-05-01 16:43:00+00:00,198.71
2026-05-01 16:44:00+00:00,198.645
2026-05-01 16:45:00+00:00,198.79
2026-05-01 16:46:00+00:00,198.75
2026-05-01 16:47:00+00:00,198.87
2026-05-01 16:48:00+00:00,198.82
2026-05-01 16:49:00+00:00,198.92
2026-05-01 16:50:00+00:00,199.05
2026-05-01 16:51:00+00:00,199.14
2026-05-01 16:52:00+00:00,199.08
2026-05-01 16:53:00+00:00,199.13
2026-05-01 16:54:00+00:00,199.26
2026-05-01 16:55:00+00:00,199.195
2026-05-01 16:56:00+00:00,199.19
2026-05-01 16:57:00+00:00,199.28
2026-05-01 16:58:00+00:00,199.21
2026-05-01 16:59:00+00:00,199.13
2026-05-01 17:00:00+00:00,199.2
2026-05-01 17:01:00+00:00,199.255
2026-05-01 17:02:00+00:00,199.29
2026-05-01 17:03:00+00:00,199.255
2026-05-01 17:04:00+00:00,199.32
2026-05-01 17:05:00+00:00,199.38
2026-05-01 17:06:00+00:00,199.5
2026-05-01 17:07:00+00:00,199.575
2026-05-01 17:08:00+00:00,199.59
2026-05-01 17:09:00+00:00,199.61
2026-05-01 17:10:00+00:00,199.69
2026-05-01 17:11:00+00:00,199.755
2026-05-01 17:12:00+00:00,199.7
2026-05-01 17:13:00+00:00,199.73
2026-05-01 17:14:00+00:00,199.84
2026-05-01 17:15:00+00:00,200.045
2026-05-01 17:16:00+00:00,199.92
2026-05-01 17:17:00+00:00,199.94
2026-05-01 17:18:00+00:00,200.16
2026-05-01 17:19:00+00:00,200.13
2026-05-01 17:20:00+00:00,200.12
2026-05-01 17:21:00+00:00,200.145
2026-05-01 17:22:00+00:00,200.135
2026-05-01 17:23:00+00:00,200.08
2026-05-01 17:24:00+00:00,199.86
2026-05-01 17:25:00+00:00,199.78
2026-05-01 17:26:00+00:00,199.69
2026-05-01 17:27:00+00:00,199.68
2026-05-01 17:28:00+00:00,199.81
2026-05-01 17:29:00+00:00,199.84
2026-05-01 17:30:00+00:00,199.83
2026-05-01 17:31:00+00:00,199.82
2026-05-01 17:32:00+00:00,199.85
2026-05-01 17:33:00+00:00,199.86
2026-05-01 17:34:00+00:00,200.0
2026-05-01 17:35:00+00:00,199.95
2026-05-01 17:36:00+00:00,199.96
2026-05-01 17:37:00+00:00,199.93
2026-05-01 17:38:00+00:00,199.91
2026-05-01 17:39:00+00:00,200.1
2026-05-01 17:40:00+00:00,200.05
2026-05-01 17:41:00+00:00,200.03
2026-05-01 17:42:00+00:00,199.98
2026-05-01 17:43:00+00:00,200.12
2026-05-01 17:44:00+00:00,200.06
2026-05-01 17:45:00+00:00,200.065
2026-05-01 17:46:00+00:00,200.035
2026-05-01 17:47:00+00:00,199.84
2026-05-01 17:48:00+00:00,199.815
2026-05-01 17:49:00+00:00,199.95
2026-05-01 17:50:00+00:00,199.9
2026-05-01 17:51:00+00:00,199.83
2026-05-01 17:52:00+00:00,199.93
2026-05-01 17:53:00+00:00,199.955
2026-05-01 17:54:00+00:00,199.97
2026-05-01 17:55:00+00:00,199.985
2026-05-01 17:56:00+00:00,199.9
2026-05-01 17:57:00+00:00,199.75
2026-05-01 17:58:00+00:00,199.64
2026-05-01 17:59:00+00:00,199.645
2026-05-01 18:00:00+00:00,199.7
2026-05-01 18:01:00+00:00,199.7
2026-05-01 18:02:00+00:00,199.38
2026-05-01 18:03:00+00:00,199.39
2026-05-01 18:04:00+00:00,199.255
2026-05-01 18:05:00+00:00,199.18
2026-05-01 18:06:00+00:00,199.3
2026-05-01 18:07:00+00:00,199.19
2026-05-01 18:08:00+00:00,199.39
2026-05-01 18:09:00+00:00,199.505
2026-05-01 18:10:00+00:00,199.56
2026-05-01 18:11:00+00:00,199.39
2026-05-01 18:12:00+00:00,199.33
2026-05-01 18:13:00+00:00,199.355
2026-05-01 18:14:00+00:00,199.24
2026-05-01 18:15:00+00:00,199.23
2026-05-01 18:16:00+00:00,199.02
2026-05-01 18:17:00+00:00,199.125
2026-05-01 18:18:00+00:00,199.13
2026-05-01 18:19:00+00:00,199.11
2026-05-01 18:20:00+00:00,199.02
2026-05-01 18:21:00+00:00,199.115
2026-05-01 18:22:00+00:00,199.185
2026-05-01 18:23:00+00:00,199.31
2026-05-01 18:24:00+00:00,199.285
2026-05-01 18:25:00+00:00,199.14
2026-05-01 18:26:00+00:00,199.055
2026-05-01 18:27:00+00:00,199.085
2026-05-01 18:28:00+00:00,199.035
2026-05-01 18:29:00+00:00,199.14
2026-05-01 18:30:00+00:00,199.09
2026-05-01 18:31:00+00:00,199.01
2026-05-01 18:32:00+00:00,199.14
2026-05-01 18:33:00+00:00,199.01
2026-05-01 18:34:00+00:00,198.97
2026-05-01 18:35:00+00:00,198.905
2026-05-01 18:36:00+00:00,198.95
2026-05-01 18:37:00+00:00,198.73
2026-05-01 18:38:00+00:00,198.795
2026-05-01 18:39:00+00:00,198.765
2026-05-01 18:40:00+00:00,198.73
2026-05-01 18:41:00+00:00,198.715
2026-05-01 18:42:00+00:00,198.695
2026-05-01 18:43:00+00:00,198.53
2026-05-01 18:44:00+00:00,198.63
2026-05-01 18:45:00+00:00,198.41
2026-05-01 18:46:00+00:00,198.4
2026-05-01 18:47:00+00:00,198.4
2026-05-01 18:48:00+00:00,198.34
2026-05-01 18:49:00+00:00,198.42
2026-05-01 18:50:00+00:00,198.6
2026-05-01 18:51:00+00:00,198.455
2026-05-01 18:52:00+00:00,198.325
2026-05-01 18:53:00+00:00,198.45
2026-05-01 18:54:00+00:00,198.435
2026-05-01 18:55:00+00:00,198.58
2026-05-01 18:56:00+00:00,198.41
2026-05-01 18:57:00+00:00,198.43
2026-05-01 18:58:00+00:00,198.45
2026-05-01 18:59:00+00:00,198.355
2026-05-01 19:00:00+00:00,198.22
2026-05-01 19:01:00+00:00,198.41
2026-05-01 19:02:00+00:00,198.59
2026-05-01 19:03:00+00:00,198.535
2026-05-01 19:04:00+00:00,198.45
2026-05-01 19:05:00+00:00,198.46
2026-05-01 19:06:00+00:00,198.45
2026-05-01 19:07:00+00:00,198.425
2026-05-01 19:08:00+00:00,198.47
2026-05-01 19:09:00+00:00,198.665
2026-05-01 19:10:00+00:00,198.5
2026-05-01 19:11:00+00:00,198.69
2026-05-01 19:12:00+00:00,198.635
2026-05-01 19:13:00+00:00,198.835
2026-05-01 19:14:00+00:00,199.02
2026-05-01 19:15:00+00:00,199.08
2026-05-01 19:16:00+00:00,199.35
2026-05-01 19:17:00+00:00,199.17
2026-05-01 19:18:00+00:00,199.395
2026-05-01 19:19:00+00:00,199.41
2026-05-01 19:20:00+00:00,199.435
2026-05-01 19:21:00+00:00,199.51
2026-05-01 19:22:00+00:00,199.5
2026-05-01 19:23:00+00:00,199.605
2026-05-01 19:24:00+00:00,199.66
2026-05-01 19:25:00+00:00,199.73
2026-05-01 19:26:00+00:00,199.72
2026-05-01 19:27:00+00:00,199.71
2026-05-01 19:28:00+00:00,199.71
2026-05-01 19:29:00+00:00,199.745
2026-05-01 19:30:00+00:00,199.64
2026-05-01 19:31:00+00:00,199.63
2026-05-01 19:32:00+00:00,199.73
2026-05-01 19:33:00+00:00,199.78
2026-05-01 19:34:00+00:00,199.85
2026-05-01 19:35:00+00:00,199.71
2026-05-01 19:36:00+00:00,199.83
2026-05-01 19:37:00+00:00,199.795
2026-05-01 19:38:00+00:00,199.73
2026-05-01 19:39:00+00:00,199.665
2026-05-01 19:40:00+00:00,199.82
2026-05-01 19:41:00+00:00,199.71
2026-05-01 19:42:00+00:00,199.675
2026-05-01 19:43:00+00:00,199.79
2026-05-01 19:44:00+00:00,199.57
2026-05-01 19:45:00+00:00,199.58
2026-05-01 19:46:00+00:00,199.525
2026-05-01 19:47:00+00:00,199.21
2026-05-01 19:48:00+00:00,199.155
2026-05-01 19:49:00+00:00,199.165
2026-05-01 19:50:00+00:00,198.83
2026-05-01 19:51:00+00:00,198.98
2026-05-01 19:52:00+00:00,198.9
2026-05-01 19:53:00+00:00,198.875
2026-05-01 19:54:00+00:00,199.03
2026-05-01 19:55:00+00:00,198.63
2026-05-01 19:56:00+00:00,198.64
2026-05-01 19:57:00+00:00,198.69
2026-05-01 19:58:00+00:00,198.61
2026-05-01 19:59:00+00:00,198.39
2026-05-01 20:27:00+00:00,198.44
2026-05-01 20:58:00+00:00,198.23
2026-05-04 12:01:00+00:00,198.44
2026-05-04 12:46:00+00:00,199.11
2026-05-04 13:06:00+00:00,199.07
2026-05-04 13:30:00+00:00,198.55
2026-05-04 13:31:00+00:00,198.52
2026-05-04 13:32:00+00:00,199.58
2026-05-04 13:33:00+00:00,199.84
2026-05-04 13:34:00+00:00,199.98
2026-05-04 13:35:00+00:00,200.63
2026-05-04 13:36:00+00:00,201.48
2026-05-04 13:37:00+00:00,200.37
2026-05-04 13:38:00+00:00,200.315
2026-05-04 13:39:00+00:00,200.31
2026-05-04 13:40:00+00:00,200.85
2026-05-04 13:41:00+00:00,201.56
2026-05-04 13:42:00+00:00,200.66
2026-05-04 13:43:00+00:00,200.69
2026-05-04 13:44:00+00:00,200.435
2026-05-04 13:45:00+00:00,200.44
2026-05-04 13:46:00+00:00,199.97
2026-05-04 13:47:00+00:00,199.68
2026-05-04 13:48:00+00:00,199.65
2026-05-04 13:49:00+00:00,199.33
2026-05-04 13:50:00+00:00,199.51
2026-05-04 13:51:00+00:00,199.46
2026-05-04 13:52:00+00:00,199.3
2026-05-04 13:53:00+00:00,198.74
2026-05-04 13:54:00+00:00,198.53
2026-05-04 13:55:00+00:00,197.95
2026-05-04 13:56:00+00:00,198.25
2026-05-04 13:57:00+00:00,197.81
2026-05-04 13:58:00+00:00,198.53
2026-05-04 13:59:00+00:00,198.66
2026-05-04 14:00:00+00:00,198.95
2026-05-04 14:01:00+00:00,198.64
2026-05-04 14:02:00+00:00,198.53
2026-05-04 14:03:00+00:00,198.29
2026-05-04 14:04:00+00:00,198.4
2026-05-04 14:05:00+00:00,198.06
2026-05-04 14:06:00+00:00,197.87
2026-05-04 14:07:00+00:00,198.69
2026-05-04 14:08:00+00:00,198.09
2026-05-04 14:09:00+00:00,197.93
2026-05-04 14:10:00+00:00,198.62
2026-05-04 14:11:00+00:00,198.875
2026-05-04 14:12:00+00:00,198.77
2026-05-04 14:13:00+00:00,198.8
2026-05-04 14:14:00+00:00,198.77
2026-05-04 14:15:00+00:00,198.62
2026-05-04 14:16:00+00:00,198.81
2026-05-04 14:17:00+00:00,198.21
2026-05-04 14:18:00+00:00,198.22
2026-05-04 14:19:00+00:00,198.115
2026-05-04 14:20:00+00:00,198.04
2026-05-04 14:21:00+00:00,198.08
2026-05-04 14:22:00+00:00,198.12
2026-05-04 14:23:00+00:00,197.88
2026-05-04 14:24:00+00:00,198.08
2026-05-04 14:25:00+00:00,197.78
2026-05-04 14:26:00+00:00,197.75
2026-05-04 14:27:00+00:00,197.75
2026-05-04 14:28:00+00:00,197.79
2026-05-04 14:29:00+00:00,197.36
2026-05-04 14:30:00+00:00,197.71
2026-05-04 14:31:00+00:00,197.79
2026-05-04 14:32:00+00:00,197.81
2026-05-04 14:33:00+00:00,197.85
2026-05-04 14:34:00+00:00,197.78
2026-05-04 14:35:00+00:00,197.8
2026-05-04 14:36:00+00:00,197.68
2026-05-04 14:37:00+00:00,197.815
2026-05-04 14:38:00+00:00,197.76
2026-05-04 14:39:00+00:00,197.78
2026-05-04 14:40:00+00:00,197.815
2026-05-04 14:41:00+00:00,197.71
2026-05-04 14:42:00+00:00,197.86
2026-05-04 14:43:00+00:00,197.98
2026-05-04 14:44:00+00:00,197.93
2026-05-04 14:45:00+00:00,198.21
2026-05-04 14:46:00+00:00,198.25
2026-05-04 14:47:00+00:00,198.29
2026-05-04 14:48:00+00:00,198.06
2026-05-04 14:49:00+00:00,198.0
2026-05-04 14:50:00+00:00,197.885
2026-05-04 14:51:00+00:00,198.04
2026-05-04 14:52:00+00:00,198.04
2026-05-04 14:53:00+00:00,197.91
2026-05-04 14:54:00+00:00,197.98
2026-05-04 14:55:00+00:00,198.07
2026-05-04 14:56:00+00:00,197.795
2026-05-04 14:57:00+00:00,197.43
2026-05-04 14:58:00+00:00,197.435
2026-05-04 14:59:00+00:00,197.23
2026-05-04 15:00:00+00:00,197.5
2026-05-04 15:01:00+00:00,197.67
2026-05-04 15:02:00+00:00,197.87
2026-05-04 15:03:00+00:00,197.84
2026-05-04 15:04:00+00:00,197.89
2026-05-04 15:05:00+00:00,197.89
2026-05-04 15:06:00+00:00,197.66
2026-05-04 15:07:00+00:00,197.7
2026-05-04 15:08:00+00:00,197.63
2026-05-04 15:09:00+00:00,197.71
2026-05-04 15:10:00+00:00,197.8
2026-05-04 15:11:00+00:00,197.57
2026-05-04 15:12:00+00:00,197.53
2026-05-04 15:13:00+00:00,197.3
2026-05-04 15:14:00+00:00,196.99
2026-05-04 15:15:00+00:00,196.82
2026-05-04 15:16:00+00:00,196.88
2026-05-04 15:17:00+00:00,196.71
2026-05-04 15:18:00+00:00,196.44
2026-05-04 15:19:00+00:00,195.86
2026-05-04 15:20:00+00:00,195.71
2026-05-04 15:21:00+00:00,194.905
2026-05-04 15:22:00+00:00,195.47
2026-05-04 15:23:00+00:00,195.11
2026-05-04 15:24:00+00:00,194.955
2026-05-04 15:25:00+00:00,195.305
2026-05-04 15:26:00+00:00,195.815
2026-05-04 15:27:00+00:00,195.87
2026-05-04 15:28:00+00:00,195.8
2026-05-04 15:29:00+00:00,195.785
2026-05-04 15:30:00+00:00,195.685
2026-05-04 15:31:00+00:00,195.73
2026-05-04 15:32:00+00:00,195.36
2026-05-04 15:33:00+00:00,195.68
2026-05-04 15:34:00+00:00,195.855
2026-05-04 15:35:00+00:00,195.59
2026-05-04 15:36:00+00:00,195.7
2026-05-04 15:37:00+00:00,195.89
2026-05-04 15:38:00+00:00,196.11
2026-05-04 15:39:00+00:00,195.88
2026-05-04 15:40:00+00:00,195.67
2026-05-04 15:41:00+00:00,196.17
2026-05-04 15:42:00+00:00,196.31
2026-05-04 15:43:00+00:00,196.34
2026-05-04 15:44:00+00:00,196.39
2026-05-04 15:45:00+00:00,196.33
2026-05-04 15:46:00+00:00,196.39
2026-05-04 15:47:00+00:00,196.32
2026-05-04 15:48:00+00:00,196.17
2026-05-04 15:49:00+00:00,196.15
2026-05-04 15:50:00+00:00,195.98
2026-05-04 15:51:00+00:00,195.935
2026-05-04 15:52:00+00:00,196.14
2026-05-04 15:53:00+00:00,195.95
2026-05-04 15:54:00+00:00,196.15
2026-05-04 15:55:00+00:00,195.96
2026-05-04 15:56:00+00:00,195.88
2026-05-04 15:57:00+00:00,195.735
2026-05-04 15:58:00+00:00,195.72
2026-05-04 15:59:00+00:00,195.68
2026-05-04 16:00:00+00:00,195.74
2026-05-04 16:01:00+00:00,195.48
2026-05-04 16:02:00+00:00,195.52
2026-05-04 16:03:00+00:00,195.595
2026-05-04 16:04:00+00:00,195.88
2026-05-04 16:05:00+00:00,195.74
2026-05-04 16:06:00+00:00,195.71
2026-05-04 16:07:00+00:00,195.22
2026-05-04 16:08:00+00:00,195.26
2026-05-04 16:09:00+00:00,195.41
2026-05-04 16:10:00+00:00,195.18
2026-05-04 16:11:00+00:00,195.35
2026-05-04 16:12:00+00:00,195.47
2026-05-04 16:13:00+00:00,195.58
2026-05-04 16:14:00+00:00,195.51
2026-05-04 16:15:00+00:00,195.43
2026-05-04 16:16:00+00:00,195.48
2026-05-04 16:17:00+00:00,195.79
2026-05-04 16:18:00+00:00,196.17
2026-05-04 16:19:00+00:00,196.31
2026-05-04 16:20:00+00:00,196.47
2026-05-04 16:21:00+00:00,196.3
2026-05-04 16:22:00+00:00,196.27
2026-05-04 16:23:00+00:00,196.285
2026-05-04 16:24:00+00:00,196.29
2026-05-04 16:25:00+00:00,196.285
2026-05-04 16:26:00+00:00,196.56
2026-05-04 16:27:00+00:00,196.165
2026-05-04 16:28:00+00:00,196.235
2026-05-04 16:29:00+00:00,196.18
2026-05-04 16:30:00+00:00,196.3
2026-05-04 16:31:00+00:00,196.265
2026-05-04 16:32:00+00:00,196.17
2026-05-04 16:33:00+00:00,196.47
2026-05-04 16:34:00+00:00,196.48
2026-05-04 16:35:00+00:00,196.37
2026-05-04 16:36:00+00:00,196.42
2026-05-04 16:37:00+00:00,196.57
2026-05-04 16:38:00+00:00,196.37
2026-05-04 16:39:00+00:00,196.185
2026-05-04 16:40:00+00:00,196.34
2026-05-04 16:41:00+00:00,196.435
2026-05-04 16:42:00+00:00,196.68
2026-05-04 16:43:00+00:00,196.81
2026-05-04 16:44:00+00:00,196.73
2026-05-04 16:45:00+00:00,196.74
2026-05-04 16:46:00+00:00,196.66
2026-05-04 16:47:00+00:00,196.62
2026-05-04 16:48:00+00:00,196.69
2026-05-04 16:49:00+00:00,196.855
2026-05-04 16:50:00+00:00,196.775
2026-05-04 16:51:00+00:00,196.705
2026-05-04 16:52:00+00:00,196.69
2026-05-04 16:53:00+00:00,196.7
2026-05-04 16:54:00+00:00,196.68
2026-05-04 16:55:00+00:00,196.705
2026-05-04 16:56:00+00:00,196.68
2026-05-04 16:57:00+00:00,196.74
2026-05-04 16:58:00+00:00,196.69
2026-05-04 16:59:00+00:00,196.715
2026-05-04 17:00:00+00:00,196.95
2026-05-04 17:01:00+00:00,197.05
2026-05-04 17:02:00+00:00,196.89
2026-05-04 17:03:00+00:00,197.0
2026-05-04 17:04:00+00:00,197.01
2026-05-04 17:05:00+00:00,196.965
2026-05-04 17:06:00+00:00,197.1
2026-05-04 17:07:00+00:00,197.05
2026-05-04 17:08:00+00:00,196.955
2026-05-04 17:09:00+00:00,197.12
2026-05-04 17:10:00+00:00,197.215
2026-05-04 17:11:00+00:00,197.12
2026-05-04 17:12:00+00:00,197.11
2026-05-04 17:13:00+00:00,197.07
2026-05-04 17:14:00+00:00,197.25
2026-05-04 17:15:00+00:00,197.19
2026-05-04 17:16:00+00:00,197.3
2026-05-04 17:17:00+00:00,197.57
2026-05-04 17:18:00+00:00,197.66
2026-05-04 17:19:00+00:00,197.73
2026-05-04 17:20:00+00:00,197.68
2026-05-04 17:21:00+00:00,197.675
2026-05-04 17:22:00+00:00,197.59
2026-05-04 17:23:00+00:00,197.65
2026-05-04 17:24:00+00:00,197.65
2026-05-04 17:25:00+00:00,197.44
2026-05-04 17:26:00+00:00,197.325
2026-05-04 17:27:00+00:00,197.4
2026-05-04 17:28:00+00:00,197.39
2026-05-04 17:29:00+00:00,197.29
2026-05-04 17:30:00+00:00,197.165
2026-05-04 17:31:00+00:00,197.285
2026-05-04 17:32:00+00:00,197.175
2026-05-04 17:33:00+00:00,197.1
2026-05-04 17:34:00+00:00,197.06
2026-05-04 17:35:00+00:00,196.93
2026-05-04 17:36:00+00:00,197.09
2026-05-04 17:37:00+00:00,197.18
2026-05-04 17:38:00+00:00,197.26
2026-05-04 17:39:00+00:00,197.43
2026-05-04 17:40:00+00:00,197.52
2026-05-04 17:41:00+00:00,197.58
2026-05-04 17:42:00+00:00,197.545
2026-05-04 17:43:00+00:00,197.68
2026-05-04 17:44:00+00:00,197.665
2026-05-04 17:45:00+00:00,197.6
2026-05-04 17:46:00+00:00,197.59
2026-05-04 17:47:00+00:00,197.47
2026-05-04 17:48:00+00:00,197.65
2026-05-04 17:49:00+00:00,197.71
2026-05-04 17:50:00+00:00,197.85
2026-05-04 17:51:00+00:00,198.0
2026-05-04 17:52:00+00:00,197.96
2026-05-04 17:53:00+00:00,197.81
2026-05-04 17:54:00+00:00,197.91
2026-05-04 17:55:00+00:00,198.14
2026-05-04 17:56:00+00:00,198.29
2026-05-04 17:57:00+00:00,198.35
2026-05-04 17:58:00+00:00,198.26
2026-05-04 17:59:00+00:00,198.325
2026-05-04 18:00:00+00:00,198.42
2026-05-04 18:01:00+00:00,198.54
2026-05-04 18:02:00+00:00,198.61
2026-05-04 18:03:00+00:00,198.77
2026-05-04 18:04:00+00:00,198.98
2026-05-04 18:05:00+00:00,199.08
2026-05-04 18:06:00+00:00,199.02
2026-05-04 18:07:00+00:00,198.95
2026-05-04 18:08:00+00:00,199.075
2026-05-04 18:09:00+00:00,198.97
2026-05-04 18:10:00+00:00,198.92
2026-05-04 18:11:00+00:00,199.06
2026-05-04 18:12:00+00:00,198.99
2026-05-04 18:13:00+00:00,198.8
2026-05-04 18:14:00+00:00,198.67
2026-05-04 18:15:00+00:00,198.57
2026-05-04 18:16:00+00:00,198.64
2026-05-04 18:17:00+00:00,198.5
2026-05-04 18:18:00+00:00,198.54
2026-05-04 18:19:00+00:00,198.52
2026-05-04 18:20:00+00:00,198.51
2026-05-04 18:21:00+00:00,198.46
2026-05-04 18:22:00+00:00,198.39
2026-05-04 18:23:00+00:00,198.25
2026-05-04 18:24:00+00:00,198.25
2026-05-04 18:25:00+00:00,198.04
2026-05-04 18:26:00+00:00,197.97
2026-05-04 18:27:00+00:00,197.94
2026-05-04 18:28:00+00:00,198.075
2026-05-04 18:29:00+00:00,198.23
2026-05-04 18:30:00+00:00,198.12
2026-05-04 18:31:00+00:00,197.96
2026-05-04 18:32:00+00:00,197.91
2026-05-04 18:33:00+00:00,197.93
2026-05-04 18:34:00+00:00,197.99
2026-05-04 18:35:00+00:00,197.99
2026-05-04 18:36:00+00:00,197.95
2026-05-04 18:37:00+00:00,197.81
2026-05-04 18:38:00+00:00,197.8
2026-05-04 18:39:00+00:00,197.85
2026-05-04 18:40:00+00:00,197.84
2026-05-04 18:41:00+00:00,197.695
2026-05-04 18:42:00+00:00,197.65
2026-05-04 18:43:00+00:00,197.46
2026-05-04 18:44:00+00:00,197.44
2026-05-04 18:45:00+00:00,197.54
2026-05-04 18:46:00+00:00,197.48
2026-05-04 18:47:00+00:00,197.52
2026-05-04 18:48:00+00:00,197.485
2026-05-04 18:49:00+00:00,197.63
2026-05-04 18:50:00+00:00,197.545
2026-05-04 18:51:00+00:00,197.765
2026-05-04 18:52:00+00:00,197.58
2026-05-04 18:53:00+00:00,197.665
2026-05-04 18:54:00+00:00,197.71
2026-05-04 18:55:00+00:00,197.89
2026-05-04 18:56:00+00:00,198.02
2026-05-04 18:57:00+00:00,198.08
2026-05-04 18:58:00+00:00,198.09
2026-05-04 18:59:00+00:00,198.21
2026-05-04 19:00:00+00:00,198.14
2026-05-04 19:01:00+00:00,198.22
2026-05-04 19:02:00+00:00,197.96
2026-05-04 19:03:00+00:00,198.09
2026-05-04 19:04:00+00:00,198.0
2026-05-04 19:05:00+00:00,198.12
2026-05-04 19:06:00+00:00,198.14
2026-05-04 19:07:00+00:00,198.04
2026-05-04 19:08:00+00:00,198.18
2026-05-04 19:09:00+00:00,198.29
2026-05-04 19:10:00+00:00,198.34
2026-05-04 19:11:00+00:00,198.285
2026-05-04 19:12:00+00:00,198.34
2026-05-04 19:13:00+00:00,198.29
2026-05-04 19:14:00+00:00,198.36
2026-05-04 19:15:00+00:00,198.335
2026-05-04 19:16:00+00:00,198.45
2026-05-04 19:17:00+00:00,198.35
2026-05-04 19:18:00+00:00,198.32
2026-05-04 19:19:00+00:00,198.14
2026-05-04 19:20:00+00:00,198.19
2026-05-04 19:21:00+00:00,198.225
2026-05-04 19:22:00+00:00,198.275
2026-05-04 19:23:00+00:00,198.37
2026-05-04 19:24:00+00:00,198.375
2026-05-04 19:25:00+00:00,198.26
2026-05-04 19:26:00+00:00,198.32
2026-05-04 19:27:00+00:00,198.42
2026-05-04 19:28:00+00:00,198.66
2026-05-04 19:29:00+00:00,198.65
2026-05-04 19:30:00+00:00,198.55
2026-05-04 19:31:00+00:00,198.84
2026-05-04 19:32:00+00:00,198.925
2026-05-04 19:33:00+00:00,199.12
2026-05-04 19:34:00+00:00,198.99
2026-05-04 19:35:00+00:00,198.88
2026-05-04 19:36:00+00:00,198.94
2026-05-04 19:37:00+00:00,199.0
2026-05-04 19:38:00+00:00,198.99
2026-05-04 19:39:00+00:00,198.83
2026-05-04 19:40:00+00:00,198.66
2026-05-04 19:41:00+00:00,198.59
2026-05-04 19:42:00+00:00,198.62
2026-05-04 19:43:00+00:00,198.64
2026-05-04 19:44:00+00:00,198.74
2026-05-04 19:45:00+00:00,198.7
2026-05-04 19:46:00+00:00,198.69
2026-05-04 19:47:00+00:00,198.84
2026-05-04 19:48:00+00:00,198.78
2026-05-04 19:49:00+00:00,198.82
2026-05-04 19:50:00+00:00,198.61
2026-05-04 19:51:00+00:00,198.72
2026-05-04 19:52:00+00:00,198.63
2026-05-04 19:53:00+00:00,198.72
2026-05-04 19:54:00+00:00,198.4
2026-05-04 19:55:00+00:00,198.1
2026-05-04 19:56:00+00:00,198.17
2026-05-04 19:57:00+00:00,198.39
2026-05-04 19:58:00+00:00,198.5
2026-05-04 19:59:00+00:00,198.56
2026-05-04 20:09:00+00:00,198.01
2026-05-04 20:22:00+00:00,197.86
