timestamp,close
2026-04-06 12:11:00+00:00,656.27
2026-04-06 12:22:00+00:00,656.03
2026-04-06 13:21:00+00:00,656.0
2026-04-06 13:30:00+00:00,656.735
2026-04-06 13:31:00+00:00,656.74
2026-04-06 13:32:00+00:00,656.06
2026-04-06 13:33:00+00:00,657.275
2026-04-06 13:34:00+00:00,657.395
2026-04-06 13:35:00+00:00,657.24
2026-04-06 13:36:00+00:00,655.9
2026-04-06 13:37:00+00:00,655.91
2026-04-06 13:38:00+00:00,656.05
2026-04-06 13:39:00+00:00,656.44
2026-04-06 13:40:00+00:00,656.595
2026-04-06 13:41:00+00:00,656.915
2026-04-06 13:42:00+00:00,657.0
2026-04-06 13:43:00+00:00,657.01
2026-04-06 13:44:00+00:00,656.87
2026-04-06 13:45:00+00:00,657.44
2026-04-06 13:46:00+00:00,657.435
2026-04-06 13:47:00+00:00,657.24
2026-04-06 13:48:00+00:00,657.18
2026-04-06 13:49:00+00:00,657.11
2026-04-06 13:50:00+00:00,657.33
2026-04-06 13:51:00+00:00,657.62
2026-04-06 13:52:00+00:00,657.51
2026-04-06 13:53:00+00:00,657.81
2026-04-06 13:54:00+00:00,657.61
2026-04-06 13:55:00+00:00,657.33
2026-04-06 13:56:00+00:00,657.74
2026-04-06 13:57:00+00:00,657.935
2026-04-06 13:58:00+00:00,657.84
2026-04-06 13:59:00+00:00,658.52
2026-04-06 14:00:00+00:00,658.46
2026-04-06 14:01:00+00:00,658.16
2026-04-06 14:02:00+00:00,657.81
2026-04-06 14:03:00+00:00,657.53
2026-04-06 14:04:00+00:00,656.5
2026-04-06 14:05:00+00:00,656.12
2026-04-06 14:06:00+00:00,656.64
2026-04-06 14:07:00+00:00,656.565
2026-04-06 14:08:00+00:00,656.8
2026-04-06 14:09:00+00:00,657.13
2026-04-06 14:10:00+00:00,656.7
2026-04-06 14:11:00+00:00,657.455
2026-04-06 14:12:00+00:00,657.33
2026-04-06 14:13:00+00:00,657.825
2026-04-06 14:14:00+00:00,658.06
2026-04-06 14:15:00+00:00,658.27
2026-04-06 14:16:00+00:00,658.2
2026-04-06 14:17:00+00:00,658.08
2026-04-06 14:18:00+00:00,657.89
2026-04-06 14:19:00+00:00,658.4
2026-04-06 14:20:00+00:00,658.52
2026-04-06 14:21:00+00:00,658.86
2026-04-06 14:22:00+00:00,658.67
2026-04-06 14:23:00+00:00,658.71
2026-04-06 14:24:00+00:00,658.68
2026-04-06 14:25:00+00:00,658.195
2026-04-06 14:26:00+00:00,658.55
2026-04-06 14:27:00+00:00,658.65
2026-04-06 14:28:00+00:00,658.61
2026-04-06 14:29:00+00:00,658.45
2026-04-06 14:30:00+00:00,658.82
2026-04-06 14:31:00+00:00,658.965
2026-04-06 14:32:00+00:00,658.5
2026-04-06 14:33:00+00:00,658.335
2026-04-06 14:34:00+00:00,658.46
2026-04-06 14:35:00+00:00,658.4
2026-04-06 14:36:00+00:00,658.17
2026-04-06 14:37:00+00:00,658.16
2026-04-06 14:38:00+00:00,656.9
2026-04-06 14:39:00+00:00,657.15
2026-04-06 14:40:00+00:00,658.03
2026-04-06 14:41:00+00:00,657.885
2026-04-06 14:42:00+00:00,657.86
2026-04-06 14:43:00+00:00,657.775
2026-04-06 14:44:00+00:00,657.675
2026-04-06 14:45:00+00:00,657.52
2026-04-06 14:46:00+00:00,657.34
2026-04-06 14:47:00+00:00,657.24
2026-04-06 14:48:00+00:00,656.91
2026-04-06 14:49:00+00:00,656.69
2026-04-06 14:50:00+00:00,656.84
2026-04-06 14:51:00+00:00,657.06
2026-04-06 14:52:00+00:00,657.28
2026-04-06 14:53:00+00:00,657.31
2026-04-06 14:54:00+00:00,657.24
2026-04-06 14:55:00+00:00,657.3
2026-04-06 14:56:00+00:00,657.61
2026-04-06 14:57:00+00:00,657.66
2026-04-06 14:58:00+00:00,657.73
2026-04-06 14:59:00+00:00,657.51
2026-04-06 15:00:00+00:00,657.63
2026-04-06 15:01:00+00:00,657.83
2026-04-06 15:02:00+00:00,657.64
2026-04-06 15:03:00+00:00,657.165
2026-04-06 15:04:00+00:00,657.34
2026-04-06 15:05:00+00:00,657.71
2026-04-06 15:06:00+00:00,657.24
2026-04-06 15:07:00+00:00,657.63
2026-04-06 15:08:00+00:00,657.72
2026-04-06 15:09:00+00:00,657.65
2026-04-06 15:10:00+00:00,657.29
2026-04-06 15:11:00+00:00,657.25
2026-04-06 15:12:00+00:00,657.21
2026-04-06 15:13:00+00:00,657.43
2026-04-06 15:14:00+00:00,657.29
2026-04-06 15:15:00+00:00,657.28
2026-04-06 15:16:00+00:00,657.265
2026-04-06 15:17:00+00:00,657.6
2026-04-06 15:18:00+00:00,657.39
2026-04-06 15:19:00+00:00,657.33
2026-04-06 15:20:00+00:00,657.26
2026-04-06 15:21:00+00:00,657.195
2026-04-06 15:22:00+00:00,657.41
2026-04-06 15:23:00+00:00,657.13
2026-04-06 15:24:00+00:00,657.04
2026-04-06 15:25:00+00:00,656.81
2026-04-06 15:26:00+00:00,656.98
2026-04-06 15:27:00+00:00,657.16
2026-04-06 15:28:00+00:00,657.03
2026-04-06 15:29:00+00:00,656.96
2026-04-06 15:30:00+00:00,656.88
2026-04-06 15:31:00+00:00,656.86
2026-04-06 15:32:00+00:00,656.67
2026-04-06 15:33:00+00:00,656.64
2026-04-06 15:34:00+00:00,656.865
2026-04-06 15:35:00+00:00,657.03
2026-04-06 15:36:00+00:00,656.58
2026-04-06 15:37:00+00:00,656.65
2026-04-06 15:38:00+00:00,656.7
2026-04-06 15:39:00+00:00,656.97
2026-04-06 15:40:00+00:00,656.91
2026-04-06 15:41:00+00:00,656.89
2026-04-06 15:42:00+00:00,657.17
2026-04-06 15:43:00+00:00,657.06
2026-04-06 15:44:00+00:00,657.095
2026-04-06 15:45:00+00:00,656.995
2026-04-06 15:46:00+00:00,657.29
2026-04-06 15:47:00+00:00,657.47
2026-04-06 15:48:00+00:00,657.43
2026-04-06 15:49:00+00:00,657.4
2026-04-06 15:50:00+00:00,657.7
2026-04-06 15:51:00+00:00,657.75
2026-04-06 15:52:00+00:00,657.82
2026-04-06 15:53:00+00:00,657.83
2026-04-06 15:54:00+00:00,657.845
2026-04-06 15:55:00+00:00,657.79
2026-04-06 15:56:00+00:00,657.68
2026-04-06 15:57:00+00:00,657.64
2026-04-06 15:58:00+00:00,657.725
2026-04-06 15:59:00+00:00,657.87
2026-04-06 16:00:00+00:00,657.83
2026-04-06 16:01:00+00:00,657.93
2026-04-06 16:02:00+00:00,657.54
2026-04-06 16:03:00+00:00,657.74
2026-04-06 16:04:00+00:00,657.46
2026-04-06 16:05:00+00:00,657.6
2026-04-06 16:06:00+00:00,657.56
2026-04-06 16:07:00+00:00,657.58
2026-04-06 16:08:00+00:00,657.345
2026-04-06 16:09:00+00:00,657.31
2026-04-06 16:10:00+00:00,657.395
2026-04-06 16:11:00+00:00,657.495
2026-04-06 16:12:00+00:00,657.49
2026-04-06 16:13:00+00:00,657.5
2026-04-06 16:14:00+00:00,657.58
2026-04-06 16:15:00+00:00,657.48
2026-04-06 16:16:00+00:00,657.6
2026-04-06 16:17:00+00:00,657.61
2026-04-06 16:18:00+00:00,657.6
2026-04-06 16:19:00+00:00,657.58
2026-04-06 16:20:00+00:00,657.75
2026-04-06 16:21:00+00:00,657.73
2026-04-06 16:22:00+00:00,657.48
2026-04-06 16:23:00+00:00,657.435
2026-04-06 16:24:00+00:00,657.7
2026-04-06 16:25:00+00:00,657.865
2026-04-06 16:26:00+00:00,657.765
2026-04-06 16:27:00+00:00,657.67
2026-04-06 16:28:00+00:00,657.835
2026-04-06 16:29:00+00:00,657.79
2026-04-06 16:30:00+00:00,657.68
2026-04-06 16:31:00+00:00,657.825
2026-04-06 16:32:00+00:00,658.03
2026-04-06 16:33:00+00:00,657.82
2026-04-06 16:34:00+00:00,657.99
2026-04-06 16:35:00+00:00,658.04
2026-04-06 16:36:00+00:00,657.955
2026-04-06 16:37:00+00:00,658.35
2026-04-06 16:38:00+00:00,658.26
2026-04-06 16:39:00+00:00,658.14
2026-04-06 16:40:00+00:00,658.205
2026-04-06 16:41:00+00:00,658.29
2026-04-06 16:42:00+00:00,658.19
2026-04-06 16:43:00+00:00,658.12
2026-04-06 16:44:00+00:00,658.28
2026-04-06 16:45:00+00:00,658.24
2026-04-06 16:46:00+00:00,658.26
2026-04-06 16:47:00+00:00,658.32
2026-04-06 16:48:00+00:00,658.37
2026-04-06 16:49:00+00:00,658.32
2026-04-06 16:50:00+00:00,658.42
2026-04-06 16:51:00+00:00,658.16
2026-04-06 16:52:00+00:00,658.12
2026-04-06 16:53:00+00:00,658.05
2026-04-06 16:54:00+00:00,658.01
2026-04-06 16:55:00+00:00,657.935
2026-04-06 16:56:00+00:00,657.77
2026-04-06 16:57:00+00:00,657.865
2026-04-06 16:58:00+00:00,657.85
2026-04-06 16:59:00+00:00,657.99
2026-04-06 17:00:00+00:00,657.59
2026-04-06 17:01:00+00:00,657.39
2026-04-06 17:02:00+00:00,656.93
2026-04-06 17:03:00+00:00,657.19
2026-04-06 17:04:00+00:00,657.33
2026-04-06 17:05:00+00:00,657.15
2026-04-06 17:06:00+00:00,656.97
2026-04-06 17:07:00+00:00,657.13
2026-04-06 17:08:00+00:00,657.34
2026-04-06 17:09:00+00:00,657.27
2026-04-06 17:10:00+00:00,656.955
2026-04-06 17:11:00+00:00,656.91
2026-04-06 17:12:00+00:00,656.14
2026-04-06 17:13:00+00:00,655.63
2026-04-06 17:14:00+00:00,656.04
2026-04-06 17:15:00+00:00,656.06
2026-04-06 17:16:00+00:00,656.22
2026-04-06 17:17:00+00:00,656.37
2026-04-06 17:18:00+00:00,656.24
2026-04-06 17:19:00+00:00,656.48
2026-04-06 17:20:00+00:00,656.11
2026-04-06 17:21:00+00:00,656.51
2026-04-06 17:22:00+00:00,656.84
2026-04-06 17:23:00+00:00,657.065
2026-04-06 17:24:00+00:00,657.26
2026-04-06 17:25:00+00:00,657.24
2026-04-06 17:26:00+00:00,656.98
2026-04-06 17:27:00+00:00,657.29
2026-04-06 17:28:00+00:00,657.31
2026-04-06 17:29:00+00:00,657.395
2026-04-06 17:30:00+00:00,657.23
2026-04-06 17:31:00+00:00,657.6
2026-04-06 17:32:00+00:00,657.56
2026-04-06 17:33:00+00:00,657.42
2026-04-06 17:34:00+00:00,657.45
2026-04-06 17:35:00+00:00,657.49
2026-04-06 17:36:00+00:00,657.635
2026-04-06 17:37:00+00:00,657.27
2026-04-06 17:38:00+00:00,657.23
2026-04-06 17:39:00+00:00,657.155
2026-04-06 17:40:00+00:00,657.12
2026-04-06 17:41:00+00:00,656.92
2026-04-06 17:42:00+00:00,656.95
2026-04-06 17:43:00+00:00,656.99
2026-04-06 17:44:00+00:00,657.16
2026-04-06 17:45:00+00:00,656.94
2026-04-06 17:46:00+00:00,656.73
2026-04-06 17:47:00+00:00,656.685
2026-04-06 17:48:00+00:00,656.7
2026-04-06 17:49:00+00:00,656.8
2026-04-06 17:50:00+00:00,656.695
2026-04-06 17:51:00+00:00,656.82
2026-04-06 17:52:00+00:00,656.81
2026-04-06 17:53:00+00:00,656.64
2026-04-06 17:54:00+00:00,656.61
2026-04-06 17:55:00+00:00,656.755
2026-04-06 17:56:00+00:00,656.68
2026-04-06 17:57:00+00:00,656.555
2026-04-06 17:58:00+00:00,656.5
2026-04-06 17:59:00+00:00,656.51
2026-04-06 18:00:00+00:00,656.48
2026-04-06 18:01:00+00:00,656.475
2026-04-06 18:02:00+00:00,656.445
2026-04-06 18:03:00+00:00,656.41
2026-04-06 18:04:00+00:00,656.37
2026-04-06 18:05:00+00:00,656.5
2026-04-06 18:06:00+00:00,656.415
2026-04-06 18:07:00+00:00,656.61
2026-04-06 18:08:00+00:00,656.525
2026-04-06 18:09:00+00:00,656.72
2026-04-06 18:10:00+00:00,657.37
2026-04-06 18:11:00+00:00,657.5
2026-04-06 18:12:00+00:00,657.32
2026-04-06 18:13:00+00:00,657.37
2026-04-06 18:14:00+00:00,657.3
2026-04-06 18:15:00+00:00,657.47
2026-04-06 18:16:00+00:00,657.64
2026-04-06 18:17:00+00:00,657.72
2026-04-06 18:18:00+00:00,657.9
2026-04-06 18:19:00+00:00,657.95
2026-04-06 18:20:00+00:00,657.89
2026-04-06 18:21:00+00:00,658.14
2026-04-06 18:22:00+00:00,658.05
2026-04-06 18:23:00+00:00,658.21
2026-04-06 18:24:00+00:00,658.43
2026-04-06 18:25:00+00:00,658.16
2026-04-06 18:26:00+00:00,657.99
2026-04-06 18:27:00+00:00,658.39
2026-04-06 18:28:00+00:00,658.34
2026-04-06 18:29:00+00:00,658.19
2026-04-06 18:30:00+00:00,658.385
2026-04-06 18:31:00+00:00,658.365
2026-04-06 18:32:00+00:00,658.13
2026-04-06 18:33:00+00:00,658.08
2026-04-06 18:34:00+00:00,657.94
2026-04-06 18:35:00+00:00,658.21
2026-04-06 18:36:00+00:00,658.07
2026-04-06 18:37:00+00:00,658.08
2026-04-06 18:38:00+00:00,658.11
2026-04-06 18:39:00+00:00,657.96
2026-04-06 18:40:00+00:00,657.79
2026-04-06 18:41:00+00:00,657.8
2026-04-06 18:42:00+00:00,657.91
2026-04-06 18:43:00+00:00,657.87
2026-04-06 18:44:00+00:00,657.94
2026-04-06 18:45:00+00:00,658.03
2026-04-06 18:46:00+00:00,658.01
2026-04-06 18:48:00+00:00,658.06
2026-04-06 18:49:00+00:00,658.08
2026-04-06 18:50:00+00:00,658.205
2026-04-06 18:51:00+00:00,658.18
2026-04-06 18:52:00+00:00,658.21
2026-04-06 18:53:00+00:00,658.26
2026-04-06 18:54:00+00:00,658.36
2026-04-06 18:55:00+00:00,658.28
2026-04-06 18:56:00+00:00,658.325
2026-04-06 18:57:00+00:00,658.24
2026-04-06 18:58:00+00:00,658.29
2026-04-06 18:59:00+00:00,658.32
2026-04-06 19:00:00+00:00,658.27
2026-04-06 19:01:00+00:00,658.33
2026-04-06 19:02:00+00:00,658.28
2026-04-06 19:03:00+00:00,658.16
2026-04-06 19:04:00+00:00,658.325
2026-04-06 19:05:00+00:00,658.31
2026-04-06 19:06:00+00:00,658.21
2026-04-06 19:07:00+00:00,658.145
2026-04-06 19:08:00+00:00,657.95
2026-04-06 19:09:00+00:00,657.98
2026-04-06 19:10:00+00:00,657.95
2026-04-06 19:11:00+00:00,657.995
2026-04-06 19:12:00+00:00,657.905
2026-04-06 19:13:00+00:00,658.06
2026-04-06 19:14:00+00:00,658.1
2026-04-06 19:15:00+00:00,658.14
2026-04-06 19:16:00+00:00,658.0
2026-04-06 19:17:00+00:00,658.05
2026-04-06 19:18:00+00:00,657.91
2026-04-06 19:19:00+00:00,658.035
2026-04-06 19:20:00+00:00,658.14
2026-04-06 19:21:00+00:00,658.25
2026-04-06 19:22:00+00:00,658.01
2026-04-06 19:23:00+00:00,658.0
2026-04-06 19:24:00+00:00,657.97
2026-04-06 19:25:00+00:00,658.06
2026-04-06 19:26:00+00:00,658.02
2026-04-06 19:27:00+00:00,657.91
2026-04-06 19:28:00+00:00,657.91
2026-04-06 19:29:00+00:00,657.89
2026-04-06 19:30:00+00:00,657.98
2026-04-06 19:31:00+00:00,657.89
2026-04-06 19:32:00+00:00,658.015
2026-04-06 19:33:00+00:00,658.17
2026-04-06 19:34:00+00:00,658.105
2026-04-06 19:35:00+00:00,658.16
2026-04-06 19:36:00+00:00,658.14
2026-04-06 19:37:00+00:00,658.19
2026-04-06 19:38:00+00:00,658.13
2026-04-06 19:39:00+00:00,658.11
2026-04-06 19:40:00+00:00,658.09
2026-04-06 19:41:00+00:00,657.88
2026-04-06 19:42:00+00:00,657.98
2026-04-06 19:43:00+00:00,658.04
2026-04-06 19:44:00+00:00,658.265
2026-04-06 19:45:00+00:00,658.48
2026-04-06 19:46:00+00:00,658.39
2026-04-06 19:47:00+00:00,658.285
2026-04-06 19:48:00+00:00,658.52
2026-04-06 19:49:00+00:00,658.71
2026-04-06 19:50:00+00:00,658.645
2026-04-06 19:51:00+00:00,658.61
2026-04-06 19:52:00+00:00,658.355
2026-04-06 19:53:00+00:00,658.54
2026-04-06 19:54:00+00:00,658.29
2026-04-06 19:55:00+00:00,658.25
2026-04-06 19:56:00+00:00,658.26
2026-04-06 19:57:00+00:00,658.47
2026-04-06 19:58:00+00:00,658.635
2026-04-06 19:59:00+00:00,658.885
2026-04-06 20:03:00+00:00,658.9
2026-04-06 20:33:00+00:00,658.79
2026-04-07 12:00:00+00:00,655.58
2026-04-07 12:06:00+00:00,654.87
2026-04-07 12:07:00+00:00,654.14
2026-04-07 12:08:00+00:00,654.69
2026-04-07 12:09:00+00:00,655.06
2026-04-07 12:10:00+00:00,654.7
2026-04-07 12:11:00+00:00,655.24
2026-04-07 12:12:00+00:00,655.06
2026-04-07 12:16:00+00:00,654.59
2026-04-07 12:17:00+00:00,655.09
2026-04-07 12:18:00+00:00,655.88
2026-04-07 12:19:00+00:00,655.97
2026-04-07 12:22:00+00:00,656.11
2026-04-07 12:24:00+00:00,655.87
2026-04-07 12:26:00+00:00,656.17
2026-04-07 12:31:00+00:00,656.26
2026-04-07 12:56:00+00:00,656.68
2026-04-07 13:07:00+00:00,656.7
2026-04-07 13:14:00+00:00,656.18
2026-04-07 13:16:00+00:00,656.5
2026-04-07 13:17:00+00:00,656.32
2026-04-07 13:19:00+00:00,656.09
2026-04-07 13:27:00+00:00,656.28
2026-04-07 13:29:00+00:00,656.48
2026-04-07 13:30:00+00:00,656.61
2026-04-07 13:31:00+00:00,655.985
2026-04-07 13:32:00+00:00,655.92
2026-04-07 13:33:00+00:00,655.93
2026-04-07 13:34:00+00:00,655.82
2026-04-07 13:35:00+00:00,655.51
2026-04-07 13:36:00+00:00,655.78
2026-04-07 13:37:00+00:00,655.94
2026-04-07 13:38:00+00:00,655.83
2026-04-07 13:39:00+00:00,655.26
2026-04-07 13:40:00+00:00,654.97
2026-04-07 13:41:00+00:00,654.95
2026-04-07 13:42:00+00:00,655.165
2026-04-07 13:43:00+00:00,655.24
2026-04-07 13:44:00+00:00,655.035
2026-04-07 13:45:00+00:00,654.75
2026-04-07 13:46:00+00:00,654.86
2026-04-07 13:47:00+00:00,654.475
2026-04-07 13:48:00+00:00,654.33
2026-04-07 13:49:00+00:00,654.565
2026-04-07 13:50:00+00:00,654.57
2026-04-07 13:51:00+00:00,654.53
2026-04-07 13:52:00+00:00,654.96
2026-04-07 13:53:00+00:00,655.19
2026-04-07 13:54:00+00:00,655.74
2026-04-07 13:55:00+00:00,655.53
2026-04-07 13:56:00+00:00,654.63
2026-04-07 13:57:00+00:00,654.67
2026-04-07 13:58:00+00:00,654.7
2026-04-07 13:59:00+00:00,654.02
2026-04-07 14:00:00+00:00,653.75
2026-04-07 14:01:00+00:00,653.59
2026-04-07 14:02:00+00:00,653.66
2026-04-07 14:03:00+00:00,653.51
2026-04-07 14:04:00+00:00,653.5
2026-04-07 14:05:00+00:00,653.28
2026-04-07 14:06:00+00:00,652.27
2026-04-07 14:07:00+00:00,652.35
2026-04-07 14:08:00+00:00,652.0
2026-04-07 14:09:00+00:00,652.365
2026-04-07 14:10:00+00:00,652.66
2026-04-07 14:11:00+00:00,652.5
2026-04-07 14:12:00+00:00,652.47
2026-04-07 14:13:00+00:00,652.54
2026-04-07 14:14:00+00:00,652.77
2026-04-07 14:15:00+00:00,652.98
2026-04-07 14:16:00+00:00,653.05
2026-04-07 14:17:00+00:00,652.97
2026-04-07 14:18:00+00:00,653.025
2026-04-07 14:19:00+00:00,653.27
2026-04-07 14:20:00+00:00,653.67
2026-04-07 14:21:00+00:00,654.35
2026-04-07 14:22:00+00:00,654.06
2026-04-07 14:23:00+00:00,654.39
2026-04-07 14:24:00+00:00,654.49
2026-04-07 14:25:00+00:00,654.46
2026-04-07 14:26:00+00:00,654.34
2026-04-07 14:27:00+00:00,653.89
2026-04-07 14:28:00+00:00,653.81
2026-04-07 14:29:00+00:00,654.39
2026-04-07 14:30:00+00:00,654.33
2026-04-07 14:31:00+00:00,654.15
2026-04-07 14:32:00+00:00,654.1
2026-04-07 14:33:00+00:00,655.18
2026-04-07 14:34:00+00:00,654.66
2026-04-07 14:35:00+00:00,654.465
2026-04-07 14:36:00+00:00,654.59
2026-04-07 14:37:00+00:00,654.72
2026-04-07 14:38:00+00:00,654.74
2026-04-07 14:39:00+00:00,654.35
2026-04-07 14:40:00+00:00,654.35
2026-04-07 14:41:00+00:00,654.35
2026-04-07 14:42:00+00:00,654.145
2026-04-07 14:43:00+00:00,653.77
2026-04-07 14:44:00+00:00,654.21
2026-04-07 14:45:00+00:00,653.87
2026-04-07 14:46:00+00:00,654.36
2026-04-07 14:47:00+00:00,654.08
2026-04-07 14:48:00+00:00,653.91
2026-04-07 14:49:00+00:00,654.26
2026-04-07 14:50:00+00:00,653.69
2026-04-07 14:51:00+00:00,653.45
2026-04-07 14:52:00+00:00,653.54
2026-04-07 14:53:00+00:00,653.97
2026-04-07 14:54:00+00:00,653.7
2026-04-07 14:55:00+00:00,653.4
2026-04-07 14:56:00+00:00,653.445
2026-04-07 14:57:00+00:00,653.37
2026-04-07 14:58:00+00:00,652.94
2026-04-07 14:59:00+00:00,652.61
2026-04-07 15:00:00+00:00,652.41
2026-04-07 15:01:00+00:00,652.35
2026-04-07 15:02:00+00:00,652.07
2026-04-07 15:03:00+00:00,652.14
2026-04-07 15:04:00+00:00,651.85
2026-04-07 15:05:00+00:00,651.24
2026-04-07 15:06:00+00:00,651.29
2026-04-07 15:07:00+00:00,651.46
2026-04-07 15:08:00+00:00,651.23
2026-04-07 15:09:00+00:00,651.39
2026-04-07 15:10:00+00:00,651.905
2026-04-07 15:11:00+00:00,652.355
2026-04-07 15:12:00+00:00,652.125
2026-04-07 15:13:00+00:00,651.96
2026-04-07 15:14:00+00:00,651.93
2026-04-07 15:15:00+00:00,653.32
2026-04-07 15:16:00+00:00,652.815
2026-04-07 15:17:00+00:00,652.83
2026-04-07 15:18:00+00:00,652.68
2026-04-07 15:19:00+00:00,653.015
2026-04-07 15:20:00+00:00,652.95
2026-04-07 15:21:00+00:00,652.66
2026-04-07 15:22:00+00:00,652.79
2026-04-07 15:23:00+00:00,652.57
2026-04-07 15:24:00+00:00,652.5
2026-04-07 15:25:00+00:00,652.87
2026-04-07 15:26:00+00:00,652.95
2026-04-07 15:27:00+00:00,652.81
2026-04-07 15:28:00+00:00,652.85
2026-04-07 15:29:00+00:00,653.3
2026-04-07 15:30:00+00:00,653.09
2026-04-07 15:31:00+00:00,653.15
2026-04-07 15:32:00+00:00,653.32
2026-04-07 15:33:00+00:00,653.18
2026-04-07 15:34:00+00:00,653.355
2026-04-07 15:35:00+00:00,653.495
2026-04-07 15:36:00+00:00,653.705
2026-04-07 15:37:00+00:00,653.21
2026-04-07 15:38:00+00:00,653.27
2026-04-07 15:39:00+00:00,653.03
2026-04-07 15:40:00+00:00,652.96
2026-04-07 15:41:00+00:00,652.72
2026-04-07 15:42:00+00:00,652.82
2026-04-07 15:43:00+00:00,653.02
2026-04-07 15:44:00+00:00,652.595
2026-04-07 15:45:00+00:00,652.67
2026-04-07 15:46:00+00:00,653.09
2026-04-07 15:47:00+00:00,652.995
2026-04-07 15:48:00+00:00,652.85
2026-04-07 15:49:00+00:00,652.84
2026-04-07 15:50:00+00:00,652.9
2026-04-07 15:51:00+00:00,652.79
2026-04-07 15:52:00+00:00,652.89
2026-04-07 15:53:00+00:00,652.96
2026-04-07 15:54:00+00:00,653.38
2026-04-07 15:55:00+00:00,653.83
2026-04-07 15:56:00+00:00,653.46
2026-04-07 15:57:00+00:00,653.46
2026-04-07 15:58:00+00:00,653.67
2026-04-07 15:59:00+00:00,653.71
2026-04-07 16:00:00+00:00,654.12
2026-04-07 16:01:00+00:00,654.12
2026-04-07 16:02:00+00:00,655.74
2026-04-07 16:03:00+00:00,655.67
2026-04-07 16:04:00+00:00,655.48
2026-04-07 16:05:00+00:00,655.33
2026-04-07 16:06:00+00:00,655.49
2026-04-07 16:07:00+00:00,655.26
2026-04-07 16:08:00+00:00,654.975
2026-04-07 16:09:00+00:00,654.77
2026-04-07 16:10:00+00:00,654.83
2026-04-07 16:11:00+00:00,655.185
2026-04-07 16:12:00+00:00,655.26
2026-04-07 16:13:00+00:00,655.23
2026-04-07 16:14:00+00:00,655.3
2026-04-07 16:15:00+00:00,655.43
2026-04-07 16:16:00+00:00,655.5
2026-04-07 16:17:00+00:00,655.42
2026-04-07 16:18:00+00:00,655.165
2026-04-07 16:19:00+00:00,655.2
2026-04-07 16:20:00+00:00,654.98
2026-04-07 16:21:00+00:00,655.31
2026-04-07 16:22:00+00:00,655.26
2026-04-07 16:23:00+00:00,655.6
2026-04-07 16:24:00+00:00,655.83
2026-04-07 16:25:00+00:00,655.78
2026-04-07 16:26:00+00:00,655.88
2026-04-07 16:27:00+00:00,656.15
2026-04-07 16:28:00+00:00,655.93
2026-04-07 16:29:00+00:00,655.965
2026-04-07 16:30:00+00:00,655.9
2026-04-07 16:31:00+00:00,656.08
2026-04-07 16:32:00+00:00,655.92
2026-04-07 16:33:00+00:00,655.97
2026-04-07 16:34:00+00:00,656.26
2026-04-07 16:35:00+00:00,656.195
2026-04-07 16:36:00+00:00,655.915
2026-04-07 16:37:00+00:00,655.88
2026-04-07 16:38:00+00:00,655.67
2026-04-07 16:39:00+00:00,655.57
2026-04-07 16:40:00+00:00,655.68
2026-04-07 16:41:00+00:00,655.76
2026-04-07 16:42:00+00:00,655.83
2026-04-07 16:43:00+00:00,655.71
2026-04-07 16:44:00+00:00,656.04
2026-04-07 16:45:00+00:00,656.39
2026-04-07 16:46:00+00:00,656.66
2026-04-07 16:47:00+00:00,656.62
2026-04-07 16:48:00+00:00,656.67
2026-04-07 16:49:00+00:00,656.58
2026-04-07 16:50:00+00:00,656.68
2026-04-07 16:51:00+00:00,656.69
2026-04-07 16:52:00+00:00,656.745
2026-04-07 16:53:00+00:00,656.7
2026-04-07 16:54:00+00:00,656.46
2026-04-07 16:55:00+00:00,656.32
2026-04-07 16:56:00+00:00,656.07
2026-04-07 16:57:00+00:00,656.25
2026-04-07 16:58:00+00:00,656.395
2026-04-07 16:59:00+00:00,656.04
2026-04-07 17:00:00+00:00,656.18
2026-04-07 17:01:00+00:00,656.23
2026-04-07 17:02:00+00:00,656.41
2026-04-07 17:03:00+00:00,656.785
2026-04-07 17:04:00+00:00,656.8
2026-04-07 17:05:00+00:00,656.61
2026-04-07 17:06:00+00:00,656.79
2026-04-07 17:07:00+00:00,656.45
2026-04-07 17:08:00+00:00,656.5
2026-04-07 17:09:00+00:00,656.55
2026-04-07 17:10:00+00:00,656.55
2026-04-07 17:11:00+00:00,656.3
2026-04-07 17:12:00+00:00,656.43
2026-04-07 17:13:00+00:00,656.42
2026-04-07 17:14:00+00:00,656.32
2026-04-07 17:15:00+00:00,656.06
2026-04-07 17:16:00+00:00,656.0
2026-04-07 17:17:00+00:00,655.98
2026-04-07 17:18:00+00:00,655.93
2026-04-07 17:19:00+00:00,656.07
2026-04-07 17:20:00+00:00,655.62
2026-04-07 17:21:00+00:00,655.63
2026-04-07 17:22:00+00:00,655.72
2026-04-07 17:23:00+00:00,655.84
2026-04-07 17:24:00+00:00,655.88
2026-04-07 17:25:00+00:00,655.66
2026-04-07 17:26:00+00:00,656.05
2026-04-07 17:27:00+00:00,655.83
2026-04-07 17:28:00+00:00,655.64
2026-04-07 17:29:00+00:00,655.81
2026-04-07 17:30:00+00:00,655.78
2026-04-07 17:31:00+00:00,655.85
2026-04-07 17:32:00+00:00,656.37
2026-04-07 17:33:00+00:00,656.44
2026-04-07 17:34:00+00:00,656.765
2026-04-07 17:35:00+00:00,657.56
2026-04-07 17:36:00+00:00,657.91
2026-04-07 17:37:00+00:00,657.83
2026-04-07 17:38:00+00:00,657.56
2026-04-07 17:39:00+00:00,657.46
2026-04-07 17:40:00+00:00,657.05
2026-04-07 17:41:00+00:00,657.23
2026-04-07 17:42:00+00:00,657.055
2026-04-07 17:43:00+00:00,656.91
2026-04-07 17:44:00+00:00,656.71
2026-04-07 17:45:00+00:00,656.41
2026-04-07 17:46:00+00:00,656.65
2026-04-07 17:47:00+00:00,656.79
2026-04-07 17:48:00+00:00,656.675
2026-04-07 17:49:00+00:00,656.86
2026-04-07 17:50:00+00:00,656.93
2026-04-07 17:51:00+00:00,657.02
2026-04-07 17:52:00+00:00,657.1
2026-04-07 17:53:00+00:00,657.185
2026-04-07 17:54:00+00:00,656.99
2026-04-07 17:55:00+00:00,656.92
2026-04-07 17:56:00+00:00,656.925
2026-04-07 17:57:00+00:00,656.72
2026-04-07 17:58:00+00:00,656.75
2026-04-07 17:59:00+00:00,656.71
2026-04-07 18:00:00+00:00,657.01
2026-04-07 18:01:00+00:00,656.81
2026-04-07 18:02:00+00:00,656.87
2026-04-07 18:03:00+00:00,656.88
2026-04-07 18:04:00+00:00,656.63
2026-04-07 18:05:00+00:00,656.52
2026-04-07 18:06:00+00:00,656.36
2026-04-07 18:07:00+00:00,656.19
2026-04-07 18:08:00+00:00,656.31
2026-04-07 18:09:00+00:00,656.37
2026-04-07 18:10:00+00:00,656.18
2026-04-07 18:11:00+00:00,656.27
2026-04-07 18:12:00+00:00,656.27
2026-04-07 18:13:00+00:00,656.5
2026-04-07 18:14:00+00:00,656.45
2026-04-07 18:15:00+00:00,656.42
2026-04-07 18:16:00+00:00,656.41
2026-04-07 18:17:00+00:00,656.47
2026-04-07 18:18:00+00:00,656.655
2026-04-07 18:19:00+00:00,656.85
2026-04-07 18:20:00+00:00,656.66
2026-04-07 18:21:00+00:00,656.62
2026-04-07 18:22:00+00:00,656.81
2026-04-07 18:23:00+00:00,656.49
2026-04-07 18:24:00+00:00,656.17
2026-04-07 18:25:00+00:00,656.25
2026-04-07 18:26:00+00:00,656.28
2026-04-07 18:27:00+00:00,656.21
2026-04-07 18:28:00+00:00,656.22
2026-04-07 18:29:00+00:00,656.1
2026-04-07 18:30:00+00:00,656.11
2026-04-07 18:31:00+00:00,655.99
2026-04-07 18:32:00+00:00,656.01
2026-04-07 18:33:00+00:00,656.155
2026-04-07 18:34:00+00:00,656.26
2026-04-07 18:35:00+00:00,656.105
2026-04-07 18:36:00+00:00,656.18
2026-04-07 18:37:00+00:00,655.965
2026-04-07 18:38:00+00:00,655.95
2026-04-07 18:39:00+00:00,655.82
2026-04-07 18:40:00+00:00,655.68
2026-04-07 18:41:00+00:00,655.455
2026-04-07 18:42:00+00:00,655.37
2026-04-07 18:43:00+00:00,655.41
2026-04-07 18:44:00+00:00,655.55
2026-04-07 18:45:00+00:00,655.24
2026-04-07 18:46:00+00:00,655.415
2026-04-07 18:47:00+00:00,655.23
2026-04-07 18:48:00+00:00,655.1
2026-04-07 18:49:00+00:00,655.035
2026-04-07 18:50:00+00:00,654.93
2026-04-07 18:51:00+00:00,654.93
2026-04-07 18:52:00+00:00,654.8
2026-04-07 18:53:00+00:00,654.5
2026-04-07 18:54:00+00:00,654.23
2026-04-07 18:55:00+00:00,653.445
2026-04-07 18:56:00+00:00,653.79
2026-04-07 18:57:00+00:00,653.945
2026-04-07 18:58:00+00:00,654.05
2026-04-07 18:59:00+00:00,653.98
2026-04-07 19:00:00+00:00,653.82
2026-04-07 19:01:00+00:00,653.62
2026-04-07 19:02:00+00:00,654.32
2026-04-07 19:03:00+00:00,654.09
2026-04-07 19:04:00+00:00,654.06
2026-04-07 19:05:00+00:00,653.76
2026-04-07 19:06:00+00:00,653.71
2026-04-07 19:07:00+00:00,653.5
2026-04-07 19:08:00+00:00,653.83
2026-04-07 19:09:00+00:00,653.87
2026-04-07 19:10:00+00:00,654.12
2026-04-07 19:11:00+00:00,654.32
2026-04-07 19:12:00+00:00,654.28
2026-04-07 19:13:00+00:00,654.39
2026-04-07 19:14:00+00:00,654.435
2026-04-07 19:15:00+00:00,654.68
2026-04-07 19:16:00+00:00,654.885
2026-04-07 19:17:00+00:00,654.98
2026-04-07 19:18:00+00:00,656.21
2026-04-07 19:19:00+00:00,657.175
2026-04-07 19:20:00+00:00,657.155
2026-04-07 19:21:00+00:00,656.54
2026-04-07 19:22:00+00:00,656.95
2026-04-07 19:23:00+00:00,656.24
2026-04-07 19:24:00+00:00,656.66
2026-04-07 19:25:00+00:00,656.525
2026-04-07 19:26:00+00:00,656.25
2026-04-07 19:27:00+00:00,656.585
2026-04-07 19:28:00+00:00,656.845
2026-04-07 19:29:00+00:00,656.66
2026-04-07 19:30:00+00:00,656.585
2026-04-07 19:31:00+00:00,656.34
2026-04-07 19:32:00+00:00,656.59
2026-04-07 19:33:00+00:00,656.515
2026-04-07 19:34:00+00:00,656.45
2026-04-07 19:35:00+00:00,656.16
2026-04-07 19:36:00+00:00,656.24
2026-04-07 19:37:00+00:00,656.23
2026-04-07 19:38:00+00:00,656.1
2026-04-07 19:39:00+00:00,656.03
2026-04-07 19:40:00+00:00,656.42
2026-04-07 19:41:00+00:00,656.51
2026-04-07 19:42:00+00:00,656.23
2026-04-07 19:43:00+00:00,656.25
2026-04-07 19:44:00+00:00,656.79
2026-04-07 19:45:00+00:00,658.92
2026-04-07 19:46:00+00:00,658.265
2026-04-07 19:47:00+00:00,658.17
2026-04-07 19:48:00+00:00,658.09
2026-04-07 19:49:00+00:00,657.71
2026-04-07 19:50:00+00:00,658.26
2026-04-07 19:51:00+00:00,658.49
2026-04-07 19:52:00+00:00,658.22
2026-04-07 19:53:00+00:00,658.265
2026-04-07 19:54:00+00:00,658.42
2026-04-07 19:55:00+00:00,658.59
2026-04-07 19:56:00+00:00,658.82
2026-04-07 19:57:00+00:00,658.53
2026-04-07 19:58:00+00:00,658.545
2026-04-07 19:59:00+00:00,659.23
2026-04-07 20:07:00+00:00,659.13
2026-04-07 20:09:00+00:00,659.63
2026-04-07 20:11:00+00:00,659.71
2026-04-07 20:17:00+00:00,659.41
2026-04-07 20:27:00+00:00,659.41
2026-04-07 20:57:00+00:00,659.74
2026-04-08 12:02:00+00:00,677.6
2026-04-08 12:06:00+00:00,677.89
2026-04-08 12:07:00+00:00,677.86
2026-04-08 12:08:00+00:00,677.41
2026-04-08 12:09:00+00:00,677.51
2026-04-08 12:13:00+00:00,677.55
2026-04-08 12:16:00+00:00,677.48
2026-04-08 12:17:00+00:00,677.45
2026-04-08 12:19:00+00:00,676.93
2026-04-08 12:20:00+00:00,676.25
2026-04-08 12:21:00+00:00,675.63
2026-04-08 12:22:00+00:00,676.22
2026-04-08 12:23:00+00:00,676.01
2026-04-08 12:24:00+00:00,675.89
2026-04-08 12:25:00+00:00,675.69
2026-04-08 12:26:00+00:00,676.21
2026-04-08 12:27:00+00:00,676.02
2026-04-08 12:28:00+00:00,676.27
2026-04-08 12:29:00+00:00,676.68
2026-04-08 12:31:00+00:00,676.78
2026-04-08 12:33:00+00:00,676.93
2026-04-08 12:34:00+00:00,676.83
2026-04-08 12:46:00+00:00,676.33
2026-04-08 12:50:00+00:00,676.49
2026-04-08 13:19:00+00:00,676.7
2026-04-08 13:30:00+00:00,676.265
2026-04-08 13:31:00+00:00,675.44
2026-04-08 13:32:00+00:00,675.88
2026-04-08 13:33:00+00:00,675.72
2026-04-08 13:34:00+00:00,676.04
2026-04-08 13:35:00+00:00,675.95
2026-04-08 13:36:00+00:00,676.09
2026-04-08 13:37:00+00:00,675.83
2026-04-08 13:38:00+00:00,675.91
2026-04-08 13:39:00+00:00,675.415
2026-04-08 13:40:00+00:00,675.22
2026-04-08 13:41:00+00:00,675.02
2026-04-08 13:42:00+00:00,674.92
2026-04-08 13:43:00+00:00,675.1
2026-04-08 13:44:00+00:00,675.07
2026-04-08 13:45:00+00:00,675.11
2026-04-08 13:46:00+00:00,676.25
2026-04-08 13:47:00+00:00,676.15
2026-04-08 13:48:00+00:00,675.98
2026-04-08 13:49:00+00:00,676.115
2026-04-08 13:50:00+00:00,675.68
2026-04-08 13:51:00+00:00,674.36
2026-04-08 13:52:00+00:00,674.605
2026-04-08 13:53:00+00:00,674.23
2026-04-08 13:54:00+00:00,674.135
2026-04-08 13:55:00+00:00,674.16
2026-04-08 13:56:00+00:00,674.4
2026-04-08 13:57:00+00:00,674.345
2026-04-08 13:58:00+00:00,674.4
2026-04-08 13:59:00+00:00,674.66
2026-04-08 14:00:00+00:00,674.87
2026-04-08 14:01:00+00:00,674.875
2026-04-08 14:02:00+00:00,674.96
2026-04-08 14:03:00+00:00,674.9
2026-04-08 14:04:00+00:00,675.035
2026-04-08 14:05:00+00:00,675.15
2026-04-08 14:06:00+00:00,675.0
2026-04-08 14:07:00+00:00,675.03
2026-04-08 14:08:00+00:00,674.515
2026-04-08 14:09:00+00:00,674.83
2026-04-08 14:10:00+00:00,674.83
2026-04-08 14:11:00+00:00,674.95
2026-04-08 14:12:00+00:00,674.9
2026-04-08 14:13:00+00:00,674.935
2026-04-08 14:14:00+00:00,674.915
2026-04-08 14:15:00+00:00,675.07
2026-04-08 14:16:00+00:00,675.0
2026-04-08 14:17:00+00:00,674.995
2026-04-08 14:18:00+00:00,674.72
2026-04-08 14:19:00+00:00,674.595
2026-04-08 14:20:00+00:00,674.92
2026-04-08 14:21:00+00:00,674.96
2026-04-08 14:22:00+00:00,675.06
2026-04-08 14:23:00+00:00,674.8
2026-04-08 14:24:00+00:00,674.71
2026-04-08 14:25:00+00:00,674.35
2026-04-08 14:26:00+00:00,674.57
2026-04-08 14:27:00+00:00,674.665
2026-04-08 14:28:00+00:00,674.3
2026-04-08 14:29:00+00:00,674.13
2026-04-08 14:30:00+00:00,674.1
2026-04-08 14:31:00+00:00,673.92
2026-04-08 14:32:00+00:00,673.705
2026-04-08 14:33:00+00:00,673.73
2026-04-08 14:34:00+00:00,673.7
2026-04-08 14:35:00+00:00,673.34
2026-04-08 14:36:00+00:00,673.36
2026-04-08 14:37:00+00:00,673.78
2026-04-08 14:38:00+00:00,673.43
2026-04-08 14:39:00+00:00,673.45
2026-04-08 14:40:00+00:00,673.49
2026-04-08 14:41:00+00:00,673.65
2026-04-08 14:42:00+00:00,673.83
2026-04-08 14:43:00+00:00,673.46
2026-04-08 14:44:00+00:00,673.45
2026-04-08 14:45:00+00:00,673.345
2026-04-08 14:46:00+00:00,673.07
2026-04-08 14:47:00+00:00,672.85
2026-04-08 14:48:00+00:00,673.54
2026-04-08 14:49:00+00:00,673.46
2026-04-08 14:50:00+00:00,673.45
2026-04-08 14:51:00+00:00,672.99
2026-04-08 14:52:00+00:00,672.925
2026-04-08 14:53:00+00:00,672.84
2026-04-08 14:54:00+00:00,673.07
2026-04-08 14:55:00+00:00,672.34
2026-04-08 14:56:00+00:00,671.93
2026-04-08 14:57:00+00:00,672.54
2026-04-08 14:58:00+00:00,672.77
2026-04-08 14:59:00+00:00,672.85
2026-04-08 15:00:00+00:00,672.95
2026-04-08 15:01:00+00:00,673.44
2026-04-08 15:02:00+00:00,673.59
2026-04-08 15:03:00+00:00,673.81
2026-04-08 15:04:00+00:00,673.665
2026-04-08 15:05:00+00:00,673.53
2026-04-08 15:06:00+00:00,673.565
2026-04-08 15:07:00+00:00,673.54
2026-04-08 15:08:00+00:00,673.19
2026-04-08 15:09:00+00:00,672.72
2026-04-08 15:10:00+00:00,672.74
2026-04-08 15:11:00+00:00,672.84
2026-04-08 15:12:00+00:00,673.01
2026-04-08 15:13:00+00:00,673.205
2026-04-08 15:14:00+00:00,673.16
2026-04-08 15:15:00+00:00,673.15
2026-04-08 15:16:00+00:00,673.295
2026-04-08 15:17:00+00:00,673.07
2026-04-08 15:18:00+00:00,673.01
2026-04-08 15:19:00+00:00,673.41
2026-04-08 15:20:00+00:00,673.43
2026-04-08 15:21:00+00:00,673.27
2026-04-08 15:22:00+00:00,673.35
2026-04-08 15:23:00+00:00,673.36
2026-04-08 15:24:00+00:00,673.5
2026-04-08 15:25:00+00:00,673.4
2026-04-08 15:26:00+00:00,673.47
2026-04-08 15:27:00+00:00,673.19
2026-04-08 15:28:00+00:00,673.29
2026-04-08 15:29:00+00:00,673.03
2026-04-08 15:30:00+00:00,673.285
2026-04-08 15:31:00+00:00,673.22
2026-04-08 15:32:00+00:00,673.6
2026-04-08 15:33:00+00:00,673.565
2026-04-08 15:34:00+00:00,673.79
2026-04-08 15:35:00+00:00,673.88
2026-04-08 15:36:00+00:00,674.12
2026-04-08 15:37:00+00:00,674.13
2026-04-08 15:38:00+00:00,674.24
2026-04-08 15:39:00+00:00,674.23
2026-04-08 15:40:00+00:00,673.95
2026-04-08 15:41:00+00:00,674.17
2026-04-08 15:42:00+00:00,674.22
2026-04-08 15:43:00+00:00,674.17
2026-04-08 15:44:00+00:00,674.145
2026-04-08 15:45:00+00:00,674.4
2026-04-08 15:46:00+00:00,674.63
2026-04-08 15:47:00+00:00,674.72
2026-04-08 15:48:00+00:00,674.7
2026-04-08 15:49:00+00:00,674.785
2026-04-08 15:50:00+00:00,674.87
2026-04-08 15:51:00+00:00,674.915
2026-04-08 15:52:00+00:00,674.895
2026-04-08 15:53:00+00:00,675.04
2026-04-08 15:54:00+00:00,674.88
2026-04-08 15:55:00+00:00,674.94
2026-04-08 15:56:00+00:00,674.94
2026-04-08 15:57:00+00:00,675.08
2026-04-08 15:58:00+00:00,675.06
2026-04-08 15:59:00+00:00,674.9
2026-04-08 16:00:00+00:00,675.19
2026-04-08 16:01:00+00:00,675.395
2026-04-08 16:02:00+00:00,675.41
2026-04-08 16:03:00+00:00,675.62
2026-04-08 16:04:00+00:00,675.325
2026-04-08 16:05:00+00:00,675.32
2026-04-08 16:06:00+00:00,675.36
2026-04-08 16:07:00+00:00,675.28
2026-04-08 16:08:00+00:00,675.26
2026-04-08 16:09:00+00:00,675.18
2026-04-08 16:10:00+00:00,675.22
2026-04-08 16:11:00+00:00,675.3
2026-04-08 16:12:00+00:00,675.1
2026-04-08 16:13:00+00:00,675.26
2026-04-08 16:14:00+00:00,674.89
2026-04-08 16:15:00+00:00,674.85
2026-04-08 16:16:00+00:00,674.75
2026-04-08 16:17:00+00:00,674.63
2026-04-08 16:18:00+00:00,674.745
2026-04-08 16:19:00+00:00,674.79
2026-04-08 16:20:00+00:00,674.7
2026-04-08 16:21:00+00:00,674.84
2026-04-08 16:22:00+00:00,674.84
2026-04-08 16:23:00+00:00,674.855
2026-04-08 16:24:00+00:00,674.89
2026-04-08 16:25:00+00:00,674.85
2026-04-08 16:26:00+00:00,675.06
2026-04-08 16:27:00+00:00,674.965
2026-04-08 16:28:00+00:00,674.93
2026-04-08 16:29:00+00:00,675.03
2026-04-08 16:30:00+00:00,674.985
2026-04-08 16:31:00+00:00,675.0
2026-04-08 16:32:00+00:00,675.255
2026-04-08 16:33:00+00:00,675.37
2026-04-08 16:34:00+00:00,675.36
2026-04-08 16:35:00+00:00,675.38
2026-04-08 16:36:00+00:00,675.305
2026-04-08 16:37:00+00:00,675.43
2026-04-08 16:38:00+00:00,675.35
2026-04-08 16:39:00+00:00,675.505
2026-04-08 16:40:00+00:00,675.66
2026-04-08 16:41:00+00:00,675.84
2026-04-08 16:42:00+00:00,675.79
2026-04-08 16:43:00+00:00,675.735
2026-04-08 16:44:00+00:00,675.86
2026-04-08 16:45:00+00:00,675.88
2026-04-08 16:46:00+00:00,675.995
2026-04-08 16:47:00+00:00,675.975
2026-04-08 16:48:00+00:00,676.03
2026-04-08 16:49:00+00:00,675.975
2026-04-08 16:50:00+00:00,676.03
2026-04-08 16:51:00+00:00,676.05
2026-04-08 16:52:00+00:00,675.98
2026-04-08 16:53:00+00:00,675.935
2026-04-08 16:54:00+00:00,676.0
2026-04-08 16:55:00+00:00,676.11
2026-04-08 16:56:00+00:00,676.135
2026-04-08 16:57:00+00:00,676.2
2026-04-08 16:58:00+00:00,676.13
2026-04-08 16:59:00+00:00,676.06
2026-04-08 17:00:00+00:00,676.145
2026-04-08 17:01:00+00:00,676.375
2026-04-08 17:02:00+00:00,676.35
2026-04-08 17:03:00+00:00,676.225
2026-04-08 17:04:00+00:00,676.085
2026-04-08 17:05:00+00:00,675.97
2026-04-08 17:06:00+00:00,675.87
2026-04-08 17:07:00+00:00,675.9
2026-04-08 17:08:00+00:00,675.8
2026-04-08 17:09:00+00:00,675.815
2026-04-08 17:10:00+00:00,675.95
2026-04-08 17:11:00+00:00,675.97
2026-04-08 17:12:00+00:00,675.805
2026-04-08 17:13:00+00:00,675.89
2026-04-08 17:14:00+00:00,675.865
2026-04-08 17:15:00+00:00,675.985
2026-04-08 17:16:00+00:00,675.88
2026-04-08 17:17:00+00:00,675.74
2026-04-08 17:18:00+00:00,675.7
2026-04-08 17:19:00+00:00,675.73
2026-04-08 17:20:00+00:00,675.615
2026-04-08 17:21:00+00:00,675.65
2026-04-08 17:22:00+00:00,675.48
2026-04-08 17:23:00+00:00,675.34
2026-04-08 17:24:00+00:00,675.22
2026-04-08 17:25:00+00:00,675.37
2026-04-08 17:26:00+00:00,675.25
2026-04-08 17:27:00+00:00,674.98
2026-04-08 17:28:00+00:00,675.11
2026-04-08 17:29:00+00:00,675.04
2026-04-08 17:30:00+00:00,675.08
2026-04-08 17:31:00+00:00,675.27
2026-04-08 17:32:00+00:00,675.2
2026-04-08 17:33:00+00:00,675.04
2026-04-08 17:34:00+00:00,675.18
2026-04-08 17:35:00+00:00,675.09
2026-04-08 17:36:00+00:00,675.48
2026-04-08 17:37:00+00:00,675.04
2026-04-08 17:38:00+00:00,675.125
2026-04-08 17:39:00+00:00,675.3
2026-04-08 17:40:00+00:00,675.3
2026-04-08 17:41:00+00:00,675.295
2026-04-08 17:42:00+00:00,675.41
2026-04-08 17:43:00+00:00,675.57
2026-04-08 17:44:00+00:00,675.61
2026-04-08 17:45:00+00:00,675.57
2026-04-08 17:46:00+00:00,675.61
2026-04-08 17:47:00+00:00,675.55
2026-04-08 17:48:00+00:00,675.55
2026-04-08 17:49:00+00:00,675.37
2026-04-08 17:50:00+00:00,675.53
2026-04-08 17:51:00+00:00,675.62
2026-04-08 17:52:00+00:00,675.69
2026-04-08 17:53:00+00:00,675.715
2026-04-08 17:54:00+00:00,675.64
2026-04-08 17:55:00+00:00,675.66
2026-04-08 17:56:00+00:00,675.66
2026-04-08 17:57:00+00:00,675.74
2026-04-08 17:58:00+00:00,675.84
2026-04-08 17:59:00+00:00,675.79
2026-04-08 18:00:00+00:00,675.69
2026-04-08 18:01:00+00:00,676.05
2026-04-08 18:02:00+00:00,676.05
2026-04-08 18:03:00+00:00,676.17
2026-04-08 18:04:00+00:00,676.21
2026-04-08 18:05:00+00:00,676.325
2026-04-08 18:06:00+00:00,676.28
2026-04-08 18:07:00+00:00,676.38
2026-04-08 18:08:00+00:00,676.395
2026-04-08 18:09:00+00:00,676.445
2026-04-08 18:10:00+00:00,676.38
2026-04-08 18:11:00+00:00,676.41
2026-04-08 18:12:00+00:00,676.345
2026-04-08 18:13:00+00:00,676.39
2026-04-08 18:14:00+00:00,676.34
2026-04-08 18:15:00+00:00,676.445
2026-04-08 18:16:00+00:00,676.555
2026-04-08 18:17:00+00:00,676.295
2026-04-08 18:18:00+00:00,675.45
2026-04-08 18:19:00+00:00,674.83
2026-04-08 18:20:00+00:00,674.8
2026-04-08 18:21:00+00:00,675.15
2026-04-08 18:22:00+00:00,674.89
2026-04-08 18:23:00+00:00,675.09
2026-04-08 18:24:00+00:00,675.03
2026-04-08 18:25:00+00:00,674.85
2026-04-08 18:26:00+00:00,675.355
2026-04-08 18:27:00+00:00,675.05
2026-04-08 18:28:00+00:00,675.19
2026-04-08 18:29:00+00:00,674.89
2026-04-08 18:30:00+00:00,675.14
2026-04-08 18:31:00+00:00,675.215
2026-04-08 18:32:00+00:00,675.055
2026-04-08 18:33:00+00:00,674.81
2026-04-08 18:34:00+00:00,674.84
2026-04-08 18:35:00+00:00,674.865
2026-04-08 18:36:00+00:00,674.89
2026-04-08 18:37:00+00:00,674.79
2026-04-08 18:38:00+00:00,674.81
2026-04-08 18:39:00+00:00,674.56
2026-04-08 18:40:00+00:00,674.36
2026-04-08 18:41:00+00:00,674.23
2026-04-08 18:42:00+00:00,674.41
2026-04-08 18:43:00+00:00,674.13
2026-04-08 18:44:00+00:00,674.02
2026-04-08 18:45:00+00:00,674.08
2026-04-08 18:46:00+00:00,674.07
2026-04-08 18:47:00+00:00,674.12
2026-04-08 18:48:00+00:00,673.96
2026-04-08 18:49:00+00:00,673.855
2026-04-08 18:50:00+00:00,674.03
2026-04-08 18:51:00+00:00,673.96
2026-04-08 18:52:00+00:00,673.9
2026-04-08 18:53:00+00:00,673.89
2026-04-08 18:54:00+00:00,673.93
2026-04-08 18:55:00+00:00,673.64
2026-04-08 18:56:00+00:00,673.42
2026-04-08 18:57:00+00:00,673.29
2026-04-08 18:58:00+00:00,673.15
2026-04-08 18:59:00+00:00,672.95
2026-04-08 19:00:00+00:00,672.85
2026-04-08 19:01:00+00:00,673.31
2026-04-08 19:02:00+00:00,673.35
2026-04-08 19:03:00+00:00,673.4
2026-04-08 19:04:00+00:00,673.25
2026-04-08 19:05:00+00:00,673.37
2026-04-08 19:06:00+00:00,673.32
2026-04-08 19:07:00+00:00,673.595
2026-04-08 19:08:00+00:00,673.69
2026-04-08 19:09:00+00:00,673.65
2026-04-08 19:10:00+00:00,674.06
2026-04-08 19:11:00+00:00,674.38
2026-04-08 19:12:00+00:00,674.34
2026-04-08 19:13:00+00:00,674.4
2026-04-08 19:14:00+00:00,674.345
2026-04-08 19:15:00+00:00,674.41
2026-04-08 19:16:00+00:00,674.31
2026-04-08 19:17:00+00:00,673.97
2026-04-08 19:18:00+00:00,673.835
2026-04-08 19:19:00+00:00,673.81
2026-04-08 19:20:00+00:00,673.65
2026-04-08 19:21:00+00:00,673.635
2026-04-08 19:22:00+00:00,673.54
2026-04-08 19:23:00+00:00,673.745
2026-04-08 19:24:00+00:00,673.8
2026-04-08 19:25:00+00:00,673.965
2026-04-08 19:26:00+00:00,673.81
2026-04-08 19:27:00+00:00,673.6
2026-04-08 19:28:00+00:00,673.62
2026-04-08 19:29:00+00:00,673.545
2026-04-08 19:30:00+00:00,673.995
2026-04-08 19:31:00+00:00,674.22
2026-04-08 19:32:00+00:00,674.52
2026-04-08 19:33:00+00:00,674.42
2026-04-08 19:34:00+00:00,674.53
2026-04-08 19:35:00+00:00,674.52
2026-04-08 19:36:00+00:00,674.84
2026-04-08 19:37:00+00:00,674.73
2026-04-08 19:38:00+00:00,674.4
2026-04-08 19:39:00+00:00,674.795
2026-04-08 19:40:00+00:00,674.57
2026-04-08 19:41:00+00:00,674.16
2026-04-08 19:42:00+00:00,674.335
2026-04-08 19:43:00+00:00,674.575
2026-04-08 19:44:00+00:00,674.695
2026-04-08 19:45:00+00:00,675.015
2026-04-08 19:46:00+00:00,674.86
2026-04-08 19:47:00+00:00,675.04
2026-04-08 19:48:00+00:00,674.88
2026-04-08 19:49:00+00:00,674.975
2026-04-08 19:50:00+00:00,675.225
2026-04-08 19:51:00+00:00,675.11
2026-04-08 19:52:00+00:00,675.11
2026-04-08 19:53:00+00:00,675.365
2026-04-08 19:54:00+00:00,675.32
2026-04-08 19:55:00+00:00,675.18
2026-04-08 19:56:00+00:00,675.365
2026-04-08 19:57:00+00:00,675.5
2026-04-08 19:58:00+00:00,675.485
2026-04-08 19:59:00+00:00,676.0
2026-04-08 20:00:00+00:00,676.01
2026-04-09 12:31:00+00:00,673.67
2026-04-09 12:32:00+00:00,673.86
2026-04-09 12:33:00+00:00,674.11
2026-04-09 12:34:00+00:00,674.0
2026-04-09 12:38:00+00:00,674.33
2026-04-09 12:42:00+00:00,674.43
2026-04-09 13:30:00+00:00,674.66
2026-04-09 13:31:00+00:00,675.0
2026-04-09 13:32:00+00:00,674.77
2026-04-09 13:33:00+00:00,674.98
2026-04-09 13:34:00+00:00,674.665
2026-04-09 13:35:00+00:00,674.53
2026-04-09 13:36:00+00:00,675.13
2026-04-09 13:37:00+00:00,674.93
2026-04-09 13:38:00+00:00,674.92
2026-04-09 13:39:00+00:00,675.185
2026-04-09 13:40:00+00:00,674.995
2026-04-09 13:41:00+00:00,675.32
2026-04-09 13:42:00+00:00,675.535
2026-04-09 13:43:00+00:00,675.7
2026-04-09 13:44:00+00:00,675.51
2026-04-09 13:45:00+00:00,675.495
2026-04-09 13:46:00+00:00,675.47
2026-04-09 13:47:00+00:00,675.19
2026-04-09 13:48:00+00:00,675.42
2026-04-09 13:49:00+00:00,675.48
2026-04-09 13:50:00+00:00,675.1
2026-04-09 13:51:00+00:00,674.8
2026-04-09 13:52:00+00:00,674.96
2026-04-09 13:53:00+00:00,675.14
2026-04-09 13:54:00+00:00,674.83
2026-04-09 13:55:00+00:00,674.96
2026-04-09 13:56:00+00:00,674.83
2026-04-09 13:57:00+00:00,675.16
2026-04-09 13:58:00+00:00,675.16
2026-04-09 13:59:00+00:00,675.265
2026-04-09 14:00:00+00:00,675.08
2026-04-09 14:01:00+00:00,675.11
2026-04-09 14:02:00+00:00,675.115
2026-04-09 14:03:00+00:00,675.32
2026-04-09 14:04:00+00:00,675.46
2026-04-09 14:05:00+00:00,675.5
2026-04-09 14:06:00+00:00,675.29
2026-04-09 14:07:00+00:00,675.19
2026-04-09 14:08:00+00:00,675.31
2026-04-09 14:09:00+00:00,674.995
2026-04-09 14:10:00+00:00,674.98
2026-04-09 14:11:00+00:00,674.89
2026-04-09 14:12:00+00:00,675.3
2026-04-09 14:13:00+00:00,674.95
2026-04-09 14:14:00+00:00,674.765
2026-04-09 14:15:00+00:00,674.55
2026-04-09 14:16:00+00:00,674.395
2026-04-09 14:17:00+00:00,674.42
2026-04-09 14:18:00+00:00,674.27
2026-04-09 14:19:00+00:00,674.39
2026-04-09 14:20:00+00:00,674.7
2026-04-09 14:21:00+00:00,674.49
2026-04-09 14:22:00+00:00,674.43
2026-04-09 14:23:00+00:00,674.595
2026-04-09 14:24:00+00:00,674.57
2026-04-09 14:25:00+00:00,674.375
2026-04-09 14:26:00+00:00,674.1
2026-04-09 14:27:00+00:00,674.04
2026-04-09 14:28:00+00:00,674.11
2026-04-09 14:29:00+00:00,674.29
2026-04-09 14:30:00+00:00,674.3
2026-04-09 14:31:00+00:00,673.995
2026-04-09 14:32:00+00:00,673.91
2026-04-09 14:33:00+00:00,673.92
2026-04-09 14:34:00+00:00,674.075
2026-04-09 14:35:00+00:00,674.05
2026-04-09 14:36:00+00:00,673.98
2026-04-09 14:37:00+00:00,674.32
2026-04-09 14:38:00+00:00,674.19
2026-04-09 14:39:00+00:00,674.48
2026-04-09 14:40:00+00:00,674.38
2026-04-09 14:41:00+00:00,674.25
2026-04-09 14:42:00+00:00,674.24
2026-04-09 14:43:00+00:00,674.425
2026-04-09 14:44:00+00:00,674.32
2026-04-09 14:45:00+00:00,674.71
2026-04-09 14:46:00+00:00,674.5
2026-04-09 14:47:00+00:00,674.665
2026-04-09 14:48:00+00:00,674.705
2026-04-09 14:49:00+00:00,674.765
2026-04-09 14:50:00+00:00,674.83
2026-04-09 14:51:00+00:00,674.88
2026-04-09 14:52:00+00:00,674.95
2026-04-09 14:53:00+00:00,675.1
2026-04-09 14:54:00+00:00,675.13
2026-04-09 14:55:00+00:00,675.31
2026-04-09 14:56:00+00:00,675.045
2026-04-09 14:57:00+00:00,675.02
2026-04-09 14:58:00+00:00,675.23
2026-04-09 14:59:00+00:00,675.275
2026-04-09 15:00:00+00:00,675.35
2026-04-09 15:01:00+00:00,675.17
2026-04-09 15:02:00+00:00,675.12
2026-04-09 15:03:00+00:00,674.805
2026-04-09 15:04:00+00:00,674.91
2026-04-09 15:05:00+00:00,675.1
2026-04-09 15:06:00+00:00,675.04
2026-04-09 15:07:00+00:00,674.89
2026-04-09 15:08:00+00:00,674.94
2026-04-09 15:09:00+00:00,675.0
2026-04-09 15:10:00+00:00,675.23
2026-04-09 15:11:00+00:00,675.1
2026-04-09 15:12:00+00:00,675.365
2026-04-09 15:13:00+00:00,675.51
2026-04-09 15:14:00+00:00,675.72
2026-04-09 15:15:00+00:00,676.09
2026-04-09 15:16:00+00:00,675.85
2026-04-09 15:17:00+00:00,675.98
2026-04-09 15:18:00+00:00,676.17
2026-04-09 15:19:00+00:00,676.42
2026-04-09 15:20:00+00:00,676.285
2026-04-09 15:21:00+00:00,676.1
2026-04-09 15:22:00+00:00,676.215
2026-04-09 15:23:00+00:00,676.04
2026-04-09 15:24:00+00:00,676.275
2026-04-09 15:25:00+00:00,676.22
2026-04-09 15:26:00+00:00,676.145
2026-04-09 15:27:00+00:00,675.865
2026-04-09 15:28:00+00:00,676.0
2026-04-09 15:29:00+00:00,675.955
2026-04-09 15:30:00+00:00,675.93
2026-04-09 15:31:00+00:00,676.045
2026-04-09 15:32:00+00:00,677.44
2026-04-09 15:33:00+00:00,677.71
2026-04-09 15:34:00+00:00,677.4
2026-04-09 15:35:00+00:00,677.44
2026-04-09 15:36:00+00:00,677.72
2026-04-09 15:37:00+00:00,677.54
2026-04-09 15:38:00+00:00,676.99
2026-04-09 15:39:00+00:00,677.23
2026-04-09 15:40:00+00:00,677.5
2026-04-09 15:41:00+00:00,677.72
2026-04-09 15:42:00+00:00,677.57
2026-04-09 15:43:00+00:00,677.66
2026-04-09 15:44:00+00:00,677.46
2026-04-09 15:45:00+00:00,677.49
2026-04-09 15:46:00+00:00,677.73
2026-04-09 15:47:00+00:00,678.02
2026-04-09 15:48:00+00:00,678.31
2026-04-09 15:49:00+00:00,678.01
2026-04-09 15:50:00+00:00,678.0
2026-04-09 15:51:00+00:00,678.07
2026-04-09 15:52:00+00:00,678.38
2026-04-09 15:53:00+00:00,678.44
2026-04-09 15:54:00+00:00,678.49
2026-04-09 15:55:00+00:00,678.86
2026-04-09 15:56:00+00:00,678.79
2026-04-09 15:57:00+00:00,678.63
2026-04-09 15:58:00+00:00,678.75
2026-04-09 15:59:00+00:00,678.83
2026-04-09 16:00:00+00:00,679.065
2026-04-09 16:01:00+00:00,679.65
2026-04-09 16:02:00+00:00,679.91
2026-04-09 16:03:00+00:00,680.55
2026-04-09 16:04:00+00:00,680.06
2026-04-09 16:05:00+00:00,679.86
2026-04-09 16:06:00+00:00,679.76
2026-04-09 16:07:00+00:00,680.05
2026-04-09 16:08:00+00:00,680.29
2026-04-09 16:09:00+00:00,679.88
2026-04-09 16:10:00+00:00,680.06
2026-04-09 16:11:00+00:00,679.95
2026-04-09 16:12:00+00:00,679.92
2026-04-09 16:13:00+00:00,679.76
2026-04-09 16:14:00+00:00,679.55
2026-04-09 16:15:00+00:00,679.72
2026-04-09 16:16:00+00:00,680.11
2026-04-09 16:17:00+00:00,680.1
2026-04-09 16:18:00+00:00,680.19
2026-04-09 16:19:00+00:00,680.27
2026-04-09 16:20:00+00:00,680.1
2026-04-09 16:21:00+00:00,679.91
2026-04-09 16:22:00+00:00,679.97
2026-04-09 16:23:00+00:00,679.895
2026-04-09 16:24:00+00:00,679.78
2026-04-09 16:25:00+00:00,679.83
2026-04-09 16:26:00+00:00,679.81
2026-04-09 16:27:00+00:00,679.92
2026-04-09 16:28:00+00:00,679.97
2026-04-09 16:29:00+00:00,679.9
2026-04-09 16:30:00+00:00,679.87
2026-04-09 16:31:00+00:00,679.85
2026-04-09 16:32:00+00:00,679.78
2026-04-09 16:33:00+00:00,679.55
2026-04-09 16:34:00+00:00,679.67
2026-04-09 16:35:00+00:00,679.7
2026-04-09 16:36:00+00:00,679.55
2026-04-09 16:37:00+00:00,679.65
2026-04-09 16:38:00+00:00,679.42
2026-04-09 16:39:00+00:00,679.345
2026-04-09 16:40:00+00:00,679.16
2026-04-09 16:41:00+00:00,679.07
2026-04-09 16:42:00+00:00,679.37
2026-04-09 16:43:00+00:00,679.3
2026-04-09 16:44:00+00:00,679.32
2026-04-09 16:45:00+00:00,679.19
2026-04-09 16:46:00+00:00,679.245
2026-04-09 16:47:00+00:00,679.14
2026-04-09 16:48:00+00:00,679.08
2026-04-09 16:49:00+00:00,679.16
2026-04-09 16:50:00+00:00,679.55
2026-04-09 16:51:00+00:00,679.85
2026-04-09 16:52:00+00:00,680.01
2026-04-09 16:53:00+00:00,679.9
2026-04-09 16:54:00+00:00,679.93
2026-04-09 16:55:00+00:00,679.81
2026-04-09 16:56:00+00:00,679.81
2026-04-09 16:57:00+00:00,679.83
2026-04-09 16:58:00+00:00,679.85
2026-04-09 16:59:00+00:00,679.77
2026-04-09 17:00:00+00:00,679.8
2026-04-09 17:01:00+00:00,679.91
2026-04-09 17:02:00+00:00,679.87
2026-04-09 17:03:00+00:00,680.01
2026-04-09 17:04:00+00:00,680.13
2026-04-09 17:05:00+00:00,680.04
2026-04-09 17:06:00+00:00,680.4
2026-04-09 17:07:00+00:00,680.33
2026-04-09 17:08:00+00:00,680.53
2026-04-09 17:09:00+00:00,680.51
2026-04-09 17:10:00+00:00,680.46
2026-04-09 17:11:00+00:00,680.66
2026-04-09 17:12:00+00:00,680.54
2026-04-09 17:13:00+00:00,680.52
2026-04-09 17:14:00+00:00,680.41
2026-04-09 17:15:00+00:00,680.59
2026-04-09 17:16:00+00:00,680.55
2026-04-09 17:17:00+00:00,680.73
2026-04-09 17:18:00+00:00,680.74
2026-04-09 17:19:00+00:00,680.83
2026-04-09 17:20:00+00:00,680.67
2026-04-09 17:21:00+00:00,680.68
2026-04-09 17:22:00+00:00,680.56
2026-04-09 17:23:00+00:00,680.63
2026-04-09 17:24:00+00:00,680.55
2026-04-09 17:25:00+00:00,680.56
2026-04-09 17:26:00+00:00,680.33
2026-04-09 17:27:00+00:00,680.38
2026-04-09 17:28:00+00:00,680.51
2026-04-09 17:29:00+00:00,680.3
2026-04-09 17:30:00+00:00,679.84
2026-04-09 17:31:00+00:00,679.825
2026-04-09 17:32:00+00:00,680.19
2026-04-09 17:33:00+00:00,680.18
2026-04-09 17:34:00+00:00,680.215
2026-04-09 17:35:00+00:00,680.47
2026-04-09 17:36:00+00:00,680.45
2026-04-09 17:37:00+00:00,680.66
2026-04-09 17:38:00+00:00,681.0
2026-04-09 17:39:00+00:00,681.0
2026-04-09 17:40:00+00:00,681.1
2026-04-09 17:41:00+00:00,680.89
2026-04-09 17:42:00+00:00,680.755
2026-04-09 17:43:00+00:00,680.83
2026-04-09 17:44:00+00:00,680.63
2026-04-09 17:45:00+00:00,680.77
2026-04-09 17:46:00+00:00,680.685
2026-04-09 17:47:00+00:00,680.7
2026-04-09 17:48:00+00:00,680.81
2026-04-09 17:49:00+00:00,680.86
2026-04-09 17:50:00+00:00,680.59
2026-04-09 17:51:00+00:00,680.375
2026-04-09 17:52:00+00:00,680.45
2026-04-09 17:53:00+00:00,680.51
2026-04-09 17:54:00+00:00,680.52
2026-04-09 17:55:00+00:00,680.455
2026-04-09 17:56:00+00:00,680.425
2026-04-09 17:57:00+00:00,680.43
2026-04-09 17:58:00+00:00,680.415
2026-04-09 17:59:00+00:00,680.52
2026-04-09 18:00:00+00:00,680.41
2026-04-09 18:01:00+00:00,680.175
2026-04-09 18:02:00+00:00,679.72
2026-04-09 18:03:00+00:00,679.36
2026-04-09 18:04:00+00:00,679.12
2026-04-09 18:05:00+00:00,679.65
2026-04-09 18:06:00+00:00,679.64
2026-04-09 18:07:00+00:00,679.425
2026-04-09 18:08:00+00:00,679.24
2026-04-09 18:09:00+00:00,679.48
2026-04-09 18:10:00+00:00,679.52
2026-04-09 18:11:00+00:00,679.44
2026-04-09 18:12:00+00:00,679.28
2026-04-09 18:13:00+00:00,679.13
2026-04-09 18:14:00+00:00,679.27
2026-04-09 18:15:00+00:00,679.18
2026-04-09 18:16:00+00:00,679.27
2026-04-09 18:17:00+00:00,679.51
2026-04-09 18:18:00+00:00,679.34
2026-04-09 18:19:00+00:00,679.325
2026-04-09 18:20:00+00:00,679.345
2026-04-09 18:22:00+00:00,679.135
2026-04-09 18:23:00+00:00,678.74
2026-04-09 18:24:00+00:00,678.88
2026-04-09 18:25:00+00:00,678.77
2026-04-09 18:26:00+00:00,678.84
2026-04-09 18:27:00+00:00,678.89
2026-04-09 18:28:00+00:00,678.99
2026-04-09 18:29:00+00:00,678.9
2026-04-09 18:30:00+00:00,678.73
2026-04-09 18:31:00+00:00,678.765
2026-04-09 18:32:00+00:00,678.93
2026-04-09 18:33:00+00:00,678.67
2026-04-09 18:34:00+00:00,678.68
2026-04-09 18:35:00+00:00,678.875
2026-04-09 18:36:00+00:00,678.8
2026-04-09 18:37:00+00:00,678.835
2026-04-09 18:38:00+00:00,678.9
2026-04-09 18:39:00+00:00,679.32
2026-04-09 18:40:00+00:00,679.05
2026-04-09 18:41:00+00:00,679.205
2026-04-09 18:42:00+00:00,679.24
2026-04-09 18:43:00+00:00,678.925
2026-04-09 18:44:00+00:00,678.97
2026-04-09 18:45:00+00:00,679.16
2026-04-09 18:46:00+00:00,679.16
2026-04-09 18:47:00+00:00,679.185
2026-04-09 18:48:00+00:00,679.085
2026-04-09 18:49:00+00:00,679.2
2026-04-09 18:50:00+00:00,679.03
2026-04-09 18:51:00+00:00,678.87
2026-04-09 18:52:00+00:00,678.83
2026-04-09 18:53:00+00:00,678.99
2026-04-09 18:54:00+00:00,679.0
2026-04-09 18:55:00+00:00,679.145
2026-04-09 18:56:00+00:00,679.16
2026-04-09 18:57:00+00:00,679.13
2026-04-09 18:58:00+00:00,679.24
2026-04-09 18:59:00+00:00,679.14
2026-04-09 19:00:00+00:00,679.105
2026-04-09 19:01:00+00:00,679.43
2026-04-09 19:02:00+00:00,679.66
2026-04-09 19:03:00+00:00,679.545
2026-04-09 19:04:00+00:00,679.605
2026-04-09 19:05:00+00:00,679.61
2026-04-09 19:06:00+00:00,679.47
2026-04-09 19:07:00+00:00,679.6
2026-04-09 19:08:00+00:00,679.76
2026-04-09 19:09:00+00:00,680.03
2026-04-09 19:10:00+00:00,680.18
2026-04-09 19:11:00+00:00,680.085
2026-04-09 19:12:00+00:00,680.185
2026-04-09 19:13:00+00:00,680.12
2026-04-09 19:14:00+00:00,679.975
2026-04-09 19:15:00+00:00,680.01
2026-04-09 19:16:00+00:00,679.98
2026-04-09 19:17:00+00:00,679.84
2026-04-09 19:18:00+00:00,679.77
2026-04-09 19:19:00+00:00,679.67
2026-04-09 19:20:00+00:00,679.74
2026-04-09 19:21:00+00:00,679.7
2026-04-09 19:22:00+00:00,679.74
2026-04-09 19:23:00+00:00,679.77
2026-04-09 19:24:00+00:00,679.88
2026-04-09 19:25:00+00:00,680.01
2026-04-09 19:26:00+00:00,680.02
2026-04-09 19:27:00+00:00,680.01
2026-04-09 19:28:00+00:00,679.99
2026-04-09 19:29:00+00:00,679.875
2026-04-09 19:30:00+00:00,680.19
2026-04-09 19:31:00+00:00,680.3
2026-04-09 19:32:00+00:00,680.53
2026-04-09 19:33:00+00:00,680.38
2026-04-09 19:34:00+00:00,680.28
2026-04-09 19:35:00+00:00,680.2
2026-04-09 19:36:00+00:00,680.24
2026-04-09 19:37:00+00:00,680.375
2026-04-09 19:38:00+00:00,680.48
2026-04-09 19:39:00+00:00,680.295
2026-04-09 19:40:00+00:00,680.19
2026-04-09 19:41:00+00:00,680.12
2026-04-09 19:42:00+00:00,680.285
2026-04-09 19:43:00+00:00,680.29
2026-04-09 19:44:00+00:00,680.4
2026-04-09 19:45:00+00:00,680.3
2026-04-09 19:46:00+00:00,680.4
2026-04-09 19:47:00+00:00,680.495
2026-04-09 19:48:00+00:00,680.36
2026-04-09 19:49:00+00:00,680.13
2026-04-09 19:50:00+00:00,680.49
2026-04-09 19:51:00+00:00,680.36
2026-04-09 19:52:00+00:00,680.635
2026-04-09 19:53:00+00:00,680.35
2026-04-09 19:54:00+00:00,680.55
2026-04-09 19:55:00+00:00,680.025
2026-04-09 19:56:00+00:00,680.12
2026-04-09 19:57:00+00:00,680.01
2026-04-09 19:58:00+00:00,680.08
2026-04-09 19:59:00+00:00,679.87
2026-04-09 20:00:00+00:00,680.0
2026-04-09 20:10:00+00:00,679.58
2026-04-09 20:11:00+00:00,679.5
2026-04-09 20:12:00+00:00,679.5
2026-04-10 12:11:00+00:00,680.38
2026-04-10 12:30:00+00:00,681.67
2026-04-10 12:31:00+00:00,681.44
2026-04-10 12:33:00+00:00,681.23
2026-04-10 12:34:00+00:00,681.16
2026-04-10 13:08:00+00:00,681.2
2026-04-10 13:30:00+00:00,681.535
2026-04-10 13:31:00+00:00,681.58
2026-04-10 13:32:00+00:00,681.31
2026-04-10 13:33:00+00:00,681.375
2026-04-10 13:34:00+00:00,680.97
2026-04-10 13:35:00+00:00,680.52
2026-04-10 13:36:00+00:00,680.72
2026-04-10 13:37:00+00:00,681.07
2026-04-10 13:38:00+00:00,680.915
2026-04-10 13:39:00+00:00,680.74
2026-04-10 13:40:00+00:00,680.845
2026-04-10 13:41:00+00:00,680.845
2026-04-10 13:42:00+00:00,680.85
2026-04-10 13:43:00+00:00,680.62
2026-04-10 13:44:00+00:00,680.82
2026-04-10 13:45:00+00:00,680.71
2026-04-10 13:46:00+00:00,680.71
2026-04-10 13:47:00+00:00,680.45
2026-04-10 13:48:00+00:00,680.65
2026-04-10 13:49:00+00:00,680.525
2026-04-10 13:50:00+00:00,680.23
2026-04-10 13:51:00+00:00,680.37
2026-04-10 13:52:00+00:00,680.62
2026-04-10 13:53:00+00:00,680.63
2026-04-10 13:54:00+00:00,680.84
2026-04-10 13:55:00+00:00,680.82
2026-04-10 13:56:00+00:00,680.73
2026-04-10 13:57:00+00:00,680.79
2026-04-10 13:58:00+00:00,680.71
2026-04-10 13:59:00+00:00,680.7
2026-04-10 14:00:00+00:00,680.33
2026-04-10 14:01:00+00:00,680.06
2026-04-10 14:02:00+00:00,680.52
2026-04-10 14:03:00+00:00,680.48
2026-04-10 14:04:00+00:00,680.57
2026-04-10 14:05:00+00:00,680.63
2026-04-10 14:06:00+00:00,680.62
2026-04-10 14:07:00+00:00,680.5
2026-04-10 14:08:00+00:00,680.64
2026-04-10 14:09:00+00:00,680.56
2026-04-10 14:10:00+00:00,680.28
2026-04-10 14:11:00+00:00,680.365
2026-04-10 14:12:00+00:00,680.765
2026-04-10 14:13:00+00:00,681.075
2026-04-10 14:14:00+00:00,681.23
2026-04-10 14:15:00+00:00,681.19
2026-04-10 14:16:00+00:00,681.1
2026-04-10 14:17:00+00:00,681.22
2026-04-10 14:18:00+00:00,681.23
2026-04-10 14:19:00+00:00,681.33
2026-04-10 14:20:00+00:00,681.33
2026-04-10 14:21:00+00:00,681.23
2026-04-10 14:22:00+00:00,681.185
2026-04-10 14:23:00+00:00,681.3
2026-04-10 14:24:00+00:00,681.39
2026-04-10 14:25:00+00:00,681.52
2026-04-10 14:26:00+00:00,681.48
2026-04-10 14:27:00+00:00,681.38
2026-04-10 14:28:00+00:00,681.445
2026-04-10 14:29:00+00:00,681.53
2026-04-10 14:30:00+00:00,681.765
2026-04-10 14:31:00+00:00,681.73
2026-04-10 14:32:00+00:00,681.66
2026-04-10 14:33:00+00:00,681.7
2026-04-10 14:34:00+00:00,681.49
2026-04-10 14:35:00+00:00,681.6
2026-04-10 14:36:00+00:00,681.71
2026-04-10 14:37:00+00:00,681.37
2026-04-10 14:38:00+00:00,681.645
2026-04-10 14:39:00+00:00,681.44
2026-04-10 14:40:00+00:00,681.38
2026-04-10 14:41:00+00:00,681.43
2026-04-10 14:42:00+00:00,680.45
2026-04-10 14:43:00+00:00,681.02
2026-04-10 14:44:00+00:00,681.0
2026-04-10 14:45:00+00:00,681.07
2026-04-10 14:46:00+00:00,681.14
2026-04-10 14:47:00+00:00,681.29
2026-04-10 14:48:00+00:00,681.08
2026-04-10 14:49:00+00:00,680.66
2026-04-10 14:50:00+00:00,680.845
2026-04-10 14:51:00+00:00,681.14
2026-04-10 14:52:00+00:00,681.18
2026-04-10 14:53:00+00:00,680.935
2026-04-10 14:54:00+00:00,680.77
2026-04-10 14:55:00+00:00,680.93
2026-04-10 14:56:00+00:00,681.21
2026-04-10 14:57:00+00:00,681.32
2026-04-10 14:58:00+00:00,681.48
2026-04-10 14:59:00+00:00,681.34
2026-04-10 15:00:00+00:00,681.12
2026-04-10 15:01:00+00:00,681.23
2026-04-10 15:02:00+00:00,681.18
2026-04-10 15:03:00+00:00,681.18
2026-04-10 15:04:00+00:00,681.12
2026-04-10 15:05:00+00:00,681.01
2026-04-10 15:06:00+00:00,681.115
2026-04-10 15:07:00+00:00,681.35
2026-04-10 15:08:00+00:00,681.395
2026-04-10 15:09:00+00:00,681.49
2026-04-10 15:10:00+00:00,681.31
2026-04-10 15:11:00+00:00,681.46
2026-04-10 15:12:00+00:00,681.61
2026-04-10 15:13:00+00:00,681.6
2026-04-10 15:14:00+00:00,681.63
2026-04-10 15:15:00+00:00,681.82
2026-04-10 15:16:00+00:00,681.65
2026-04-10 15:17:00+00:00,681.64
2026-04-10 15:18:00+00:00,681.66
2026-04-10 15:19:00+00:00,681.56
2026-04-10 15:20:00+00:00,681.64
2026-04-10 15:21:00+00:00,681.69
2026-04-10 15:22:00+00:00,681.7
2026-04-10 15:23:00+00:00,681.89
2026-04-10 15:24:00+00:00,682.0
2026-04-10 15:25:00+00:00,681.75
2026-04-10 15:26:00+00:00,681.57
2026-04-10 15:27:00+00:00,681.495
2026-04-10 15:28:00+00:00,681.52
2026-04-10 15:29:00+00:00,681.24
2026-04-10 15:30:00+00:00,681.24
2026-04-10 15:31:00+00:00,681.1
2026-04-10 15:32:00+00:00,680.87
2026-04-10 15:33:00+00:00,680.92
2026-04-10 15:34:00+00:00,680.83
2026-04-10 15:35:00+00:00,680.7
2026-04-10 15:36:00+00:00,680.85
2026-04-10 15:37:00+00:00,680.7
2026-04-10 15:38:00+00:00,680.605
2026-04-10 15:39:00+00:00,680.4
2026-04-10 15:40:00+00:00,680.09
2026-04-10 15:41:00+00:00,680.355
2026-04-10 15:42:00+00:00,680.18
2026-04-10 15:43:00+00:00,680.35
2026-04-10 15:44:00+00:00,680.48
2026-04-10 15:45:00+00:00,680.7
2026-04-10 15:46:00+00:00,680.48
2026-04-10 15:47:00+00:00,680.56
2026-04-10 15:48:00+00:00,680.2
2026-04-10 15:49:00+00:00,680.235
2026-04-10 15:50:00+00:00,680.13
2026-04-10 15:51:00+00:00,680.05
2026-04-10 15:52:00+00:00,680.04
2026-04-10 15:53:00+00:00,679.79
2026-04-10 15:54:00+00:00,679.72
2026-04-10 15:55:00+00:00,679.6
2026-04-10 15:56:00+00:00,679.44
2026-04-10 15:57:00+00:00,679.3
2026-04-10 15:58:00+00:00,679.425
2026-04-10 15:59:00+00:00,679.46
2026-04-10 16:00:00+00:00,679.31
2026-04-10 16:01:00+00:00,679.21
2026-04-10 16:02:00+00:00,679.46
2026-04-10 16:03:00+00:00,679.465
2026-04-10 16:04:00+00:00,679.34
2026-04-10 16:05:00+00:00,679.37
2026-04-10 16:06:00+00:00,679.19
2026-04-10 16:07:00+00:00,679.37
2026-04-10 16:08:00+00:00,679.46
2026-04-10 16:09:00+00:00,679.34
2026-04-10 16:10:00+00:00,679.71
2026-04-10 16:11:00+00:00,679.79
2026-04-10 16:12:00+00:00,679.78
2026-04-10 16:13:00+00:00,680.05
2026-04-10 16:14:00+00:00,679.92
2026-04-10 16:15:00+00:00,679.99
2026-04-10 16:16:00+00:00,680.04
2026-04-10 16:17:00+00:00,679.88
2026-04-10 16:18:00+00:00,679.85
2026-04-10 16:19:00+00:00,679.86
2026-04-10 16:20:00+00:00,679.47
2026-04-10 16:21:00+00:00,679.48
2026-04-10 16:22:00+00:00,679.69
2026-04-10 16:23:00+00:00,679.71
2026-04-10 16:24:00+00:00,679.825
2026-04-10 16:25:00+00:00,679.66
2026-04-10 16:26:00+00:00,679.56
2026-04-10 16:27:00+00:00,679.51
2026-04-10 16:28:00+00:00,679.63
2026-04-10 16:29:00+00:00,679.61
2026-04-10 16:30:00+00:00,679.61
2026-04-10 16:31:00+00:00,679.6
2026-04-10 16:32:00+00:00,679.27
2026-04-10 16:33:00+00:00,679.24
2026-04-10 16:34:00+00:00,679.24
2026-04-10 16:35:00+00:00,679.25
2026-04-10 16:36:00+00:00,679.12
2026-04-10 16:37:00+00:00,679.265
2026-04-10 16:38:00+00:00,679.06
2026-04-10 16:39:00+00:00,679.085
2026-04-10 16:40:00+00:00,678.9
2026-04-10 16:41:00+00:00,678.7
2026-04-10 16:42:00+00:00,678.74
2026-04-10 16:43:00+00:00,678.7
2026-04-10 16:44:00+00:00,678.66
2026-04-10 16:45:00+00:00,678.79
2026-04-10 16:46:00+00:00,678.985
2026-04-10 16:47:00+00:00,679.0
2026-04-10 16:48:00+00:00,679.195
2026-04-10 16:49:00+00:00,679.22
2026-04-10 16:50:00+00:00,679.32
2026-04-10 16:51:00+00:00,679.16
2026-04-10 16:52:00+00:00,679.2
2026-04-10 16:53:00+00:00,679.46
2026-04-10 16:54:00+00:00,679.465
2026-04-10 16:55:00+00:00,679.43
2026-04-10 16:56:00+00:00,679.47
2026-04-10 16:57:00+00:00,679.38
2026-04-10 16:58:00+00:00,679.37
2026-04-10 16:59:00+00:00,679.4
2026-04-10 17:00:00+00:00,679.15
2026-04-10 17:01:00+00:00,679.35
2026-04-10 17:02:00+00:00,678.91
2026-04-10 17:03:00+00:00,678.89
2026-04-10 17:04:00+00:00,678.82
2026-04-10 17:05:00+00:00,678.87
2026-04-10 17:06:00+00:00,678.73
2026-04-10 17:07:00+00:00,678.78
2026-04-10 17:08:00+00:00,678.94
2026-04-10 17:10:00+00:00,678.8
2026-04-10 17:11:00+00:00,678.8
2026-04-10 17:12:00+00:00,678.995
2026-04-10 17:13:00+00:00,679.1
2026-04-10 17:14:00+00:00,679.11
2026-04-10 17:15:00+00:00,678.84
2026-04-10 17:16:00+00:00,678.945
2026-04-10 17:17:00+00:00,678.97
2026-04-10 17:18:00+00:00,679.07
2026-04-10 17:19:00+00:00,679.05
2026-04-10 17:20:00+00:00,678.88
2026-04-10 17:21:00+00:00,678.9
2026-04-10 17:22:00+00:00,678.59
2026-04-10 17:23:00+00:00,678.86
2026-04-10 17:24:00+00:00,678.82
2026-04-10 17:25:00+00:00,678.8
2026-04-10 17:26:00+00:00,678.98
2026-04-10 17:27:00+00:00,678.83
2026-04-10 17:28:00+00:00,678.64
2026-04-10 17:29:00+00:00,678.63
2026-04-10 17:30:00+00:00,678.65
2026-04-10 17:31:00+00:00,678.86
2026-04-10 17:32:00+00:00,678.995
2026-04-10 17:33:00+00:00,678.945
2026-04-10 17:34:00+00:00,678.845
2026-04-10 17:35:00+00:00,678.88
2026-04-10 17:36:00+00:00,678.825
2026-04-10 17:37:00+00:00,678.74
2026-04-10 17:38:00+00:00,678.9
2026-04-10 17:39:00+00:00,678.98
2026-04-10 17:40:00+00:00,678.81
2026-04-10 17:41:00+00:00,678.84
2026-04-10 17:42:00+00:00,678.96
2026-04-10 17:43:00+00:00,679.19
2026-04-10 17:44:00+00:00,679.165
2026-04-10 17:45:00+00:00,679.29
2026-04-10 17:46:00+00:00,679.15
2026-04-10 17:47:00+00:00,679.18
2026-04-10 17:48:00+00:00,679.21
2026-04-10 17:49:00+00:00,679.27
2026-04-10 17:50:00+00:00,679.42
2026-04-10 17:51:00+00:00,679.35
2026-04-10 17:52:00+00:00,679.45
2026-04-10 17:53:00+00:00,679.455
2026-04-10 17:54:00+00:00,679.5
2026-04-10 17:55:00+00:00,679.39
2026-04-10 17:56:00+00:00,679.475
2026-04-10 17:57:00+00:00,679.5
2026-04-10 17:58:00+00:00,679.475
2026-04-10 17:59:00+00:00,679.385
2026-04-10 18:00:00+00:00,679.4
2026-04-10 18:01:00+00:00,679.33
2026-04-10 18:02:00+00:00,679.37
2026-04-10 18:03:00+00:00,679.15
2026-04-10 18:04:00+00:00,679.1
2026-04-10 18:05:00+00:00,679.06
2026-04-10 18:06:00+00:00,679.07
2026-04-10 18:07:00+00:00,678.92
2026-04-10 18:08:00+00:00,679.11
2026-04-10 18:09:00+00:00,679.01
2026-04-10 18:10:00+00:00,679.05
2026-04-10 18:11:00+00:00,679.15
2026-04-10 18:12:00+00:00,679.1
2026-04-10 18:13:00+00:00,679.065
2026-04-10 18:14:00+00:00,679.16
2026-04-10 18:15:00+00:00,679.29
2026-04-10 18:16:00+00:00,679.29
2026-04-10 18:17:00+00:00,679.37
2026-04-10 18:18:00+00:00,679.43
2026-04-10 18:19:00+00:00,679.48
2026-04-10 18:20:00+00:00,679.67
2026-04-10 18:21:00+00:00,679.645
2026-04-10 18:22:00+00:00,679.51
2026-04-10 18:23:00+00:00,679.65
2026-04-10 18:24:00+00:00,679.5
2026-04-10 18:25:00+00:00,679.41
2026-04-10 18:26:00+00:00,679.37
2026-04-10 18:27:00+00:00,679.4
2026-04-10 18:28:00+00:00,679.51
2026-04-10 18:29:00+00:00,679.39
2026-04-10 18:30:00+00:00,679.31
2026-04-10 18:31:00+00:00,679.19
2026-04-10 18:32:00+00:00,679.32
2026-04-10 18:33:00+00:00,679.37
2026-04-10 18:34:00+00:00,679.44
2026-04-10 18:35:00+00:00,679.23
2026-04-10 18:36:00+00:00,679.16
2026-04-10 18:37:00+00:00,679.26
2026-04-10 18:38:00+00:00,679.29
2026-04-10 18:39:00+00:00,679.21
2026-04-10 18:40:00+00:00,679.3
2026-04-10 18:41:00+00:00,679.05
2026-04-10 18:42:00+00:00,678.95
2026-04-10 18:43:00+00:00,678.995
2026-04-10 18:44:00+00:00,679.09
2026-04-10 18:45:00+00:00,679.08
2026-04-10 18:46:00+00:00,679.09
2026-04-10 18:47:00+00:00,679.07
2026-04-10 18:48:00+00:00,679.13
2026-04-10 18:49:00+00:00,679.13
2026-04-10 18:50:00+00:00,679.125
2026-04-10 18:51:00+00:00,679.16
2026-04-10 18:52:00+00:00,679.18
2026-04-10 18:53:00+00:00,679.17
2026-04-10 18:54:00+00:00,679.27
2026-04-10 18:55:00+00:00,679.23
2026-04-10 18:56:00+00:00,679.16
2026-04-10 18:57:00+00:00,679.205
2026-04-10 18:58:00+00:00,679.32
2026-04-10 18:59:00+00:00,679.27
2026-04-10 19:00:00+00:00,679.46
2026-04-10 19:01:00+00:00,679.5
2026-04-10 19:02:00+00:00,679.57
2026-04-10 19:03:00+00:00,679.54
2026-04-10 19:04:00+00:00,679.57
2026-04-10 19:05:00+00:00,679.71
2026-04-10 19:06:00+00:00,679.66
2026-04-10 19:07:00+00:00,679.59
2026-04-10 19:08:00+00:00,679.6
2026-04-10 19:09:00+00:00,679.575
2026-04-10 19:10:00+00:00,679.62
2026-04-10 19:11:00+00:00,679.705
2026-04-10 19:12:00+00:00,679.86
2026-04-10 19:13:00+00:00,679.89
2026-04-10 19:14:00+00:00,679.95
2026-04-10 19:15:00+00:00,679.79
2026-04-10 19:16:00+00:00,679.88
2026-04-10 19:17:00+00:00,679.84
2026-04-10 19:18:00+00:00,679.895
2026-04-10 19:19:00+00:00,679.86
2026-04-10 19:20:00+00:00,679.76
2026-04-10 19:21:00+00:00,679.675
2026-04-10 19:22:00+00:00,679.645
2026-04-10 19:23:00+00:00,679.77
2026-04-10 19:24:00+00:00,679.66
2026-04-10 19:25:00+00:00,679.6
2026-04-10 19:26:00+00:00,679.525
2026-04-10 19:27:00+00:00,679.55
2026-04-10 19:28:00+00:00,679.57
2026-04-10 19:29:00+00:00,679.645
2026-04-10 19:30:00+00:00,679.36
2026-04-10 19:31:00+00:00,679.48
2026-04-10 19:32:00+00:00,679.45
2026-04-10 19:33:00+00:00,679.405
2026-04-10 19:34:00+00:00,679.39
2026-04-10 19:35:00+00:00,679.355
2026-04-10 19:36:00+00:00,679.25
2026-04-10 19:37:00+00:00,679.13
2026-04-10 19:38:00+00:00,679.23
2026-04-10 19:39:00+00:00,679.07
2026-04-10 19:40:00+00:00,678.93
2026-04-10 19:41:00+00:00,678.92
2026-04-10 19:42:00+00:00,678.83
2026-04-10 19:43:00+00:00,679.03
2026-04-10 19:44:00+00:00,679.105
2026-04-10 19:45:00+00:00,679.2
2026-04-10 19:46:00+00:00,678.935
2026-04-10 19:47:00+00:00,678.85
2026-04-10 19:48:00+00:00,678.69
2026-04-10 19:49:00+00:00,678.815
2026-04-10 19:50:00+00:00,679.05
2026-04-10 19:51:00+00:00,679.045
2026-04-10 19:52:00+00:00,678.945
2026-04-10 19:53:00+00:00,678.9
2026-04-10 19:54:00+00:00,678.85
2026-04-10 19:55:00+00:00,678.965
2026-04-10 19:56:00+00:00,678.97
2026-04-10 19:57:00+00:00,679.17
2026-04-10 19:58:00+00:00,679.32
2026-04-10 19:59:00+00:00,679.35
2026-04-13 12:00:00+00:00,674.44
2026-04-13 12:38:00+00:00,675.37
2026-04-13 12:40:00+00:00,675.56
2026-04-13 12:41:00+00:00,675.55
2026-04-13 12:52:00+00:00,676.21
2026-04-13 13:12:00+00:00,676.58
2026-04-13 13:16:00+00:00,676.55
2026-04-13 13:30:00+00:00,677.65
2026-04-13 13:31:00+00:00,677.52
2026-04-13 13:32:00+00:00,677.225
2026-04-13 13:33:00+00:00,677.46
2026-04-13 13:34:00+00:00,677.49
2026-04-13 13:35:00+00:00,677.14
2026-04-13 13:36:00+00:00,676.695
2026-04-13 13:37:00+00:00,676.98
2026-04-13 13:38:00+00:00,677.17
2026-04-13 13:39:00+00:00,677.27
2026-04-13 13:40:00+00:00,677.14
2026-04-13 13:41:00+00:00,677.165
2026-04-13 13:42:00+00:00,677.3
2026-04-13 13:43:00+00:00,677.27
2026-04-13 13:44:00+00:00,676.935
2026-04-13 13:45:00+00:00,676.76
2026-04-13 13:46:00+00:00,676.85
2026-04-13 13:47:00+00:00,676.885
2026-04-13 13:48:00+00:00,677.84
2026-04-13 13:49:00+00:00,678.78
2026-04-13 13:50:00+00:00,679.29
2026-04-13 13:51:00+00:00,678.37
2026-04-13 13:52:00+00:00,678.24
2026-04-13 13:53:00+00:00,678.3
2026-04-13 13:54:00+00:00,678.61
2026-04-13 13:55:00+00:00,678.65
2026-04-13 13:56:00+00:00,678.82
2026-04-13 13:57:00+00:00,679.0
2026-04-13 13:58:00+00:00,679.18
2026-04-13 13:59:00+00:00,679.67
2026-04-13 14:00:00+00:00,679.94
2026-04-13 14:01:00+00:00,679.38
2026-04-13 14:02:00+00:00,679.2
2026-04-13 14:03:00+00:00,679.07
2026-04-13 14:04:00+00:00,679.325
2026-04-13 14:05:00+00:00,679.34
2026-04-13 14:06:00+00:00,679.56
2026-04-13 14:07:00+00:00,679.53
2026-04-13 14:08:00+00:00,679.42
2026-04-13 14:09:00+00:00,679.38
2026-04-13 14:10:00+00:00,679.19
2026-04-13 14:11:00+00:00,679.09
2026-04-13 14:12:00+00:00,679.05
2026-04-13 14:13:00+00:00,678.98
2026-04-13 14:14:00+00:00,679.075
2026-04-13 14:15:00+00:00,678.715
2026-04-13 14:16:00+00:00,678.69
2026-04-13 14:17:00+00:00,678.59
2026-04-13 14:18:00+00:00,678.69
2026-04-13 14:19:00+00:00,678.99
2026-04-13 14:20:00+00:00,679.02
2026-04-13 14:21:00+00:00,679.3
2026-04-13 14:22:00+00:00,679.25
2026-04-13 14:23:00+00:00,679.05
2026-04-13 14:24:00+00:00,679.41
2026-04-13 14:25:00+00:00,679.37
2026-04-13 14:26:00+00:00,679.33
2026-04-13 14:27:00+00:00,679.37
2026-04-13 14:28:00+00:00,679.325
2026-04-13 14:29:00+00:00,679.51
2026-04-13 14:30:00+00:00,679.55
2026-04-13 14:31:00+00:00,679.86
2026-04-13 14:32:00+00:00,679.59
2026-04-13 14:33:00+00:00,679.66
2026-04-13 14:34:00+00:00,679.79
2026-04-13 14:35:00+00:00,679.55
2026-04-13 14:36:00+00:00,679.45
2026-04-13 14:37:00+00:00,679.47
2026-04-13 14:38:00+00:00,679.535
2026-04-13 14:39:00+00:00,679.5
2026-04-13 14:40:00+00:00,679.62
2026-04-13 14:41:00+00:00,679.65
2026-04-13 14:42:00+00:00,679.72
2026-04-13 14:43:00+00:00,679.76
2026-04-13 14:44:00+00:00,680.0
2026-04-13 14:45:00+00:00,680.03
2026-04-13 14:46:00+00:00,679.87
2026-04-13 14:47:00+00:00,679.63
2026-04-13 14:48:00+00:00,679.63
2026-04-13 14:49:00+00:00,679.59
2026-04-13 14:50:00+00:00,679.68
2026-04-13 14:51:00+00:00,679.785
2026-04-13 14:52:00+00:00,679.93
2026-04-13 14:53:00+00:00,680.075
2026-04-13 14:54:00+00:00,680.06
2026-04-13 14:55:00+00:00,680.04
2026-04-13 14:56:00+00:00,680.09
2026-04-13 14:57:00+00:00,680.38
2026-04-13 14:58:00+00:00,680.64
2026-04-13 14:59:00+00:00,680.52
2026-04-13 15:00:00+00:00,679.88
2026-04-13 15:01:00+00:00,680.22
2026-04-13 15:02:00+00:00,679.94
2026-04-13 15:03:00+00:00,679.88
2026-04-13 15:04:00+00:00,679.77
2026-04-13 15:05:00+00:00,679.73
2026-04-13 15:06:00+00:00,679.87
2026-04-13 15:07:00+00:00,679.93
2026-04-13 15:08:00+00:00,679.73
2026-04-13 15:09:00+00:00,680.04
2026-04-13 15:10:00+00:00,679.88
2026-04-13 15:11:00+00:00,680.305
2026-04-13 15:12:00+00:00,680.205
2026-04-13 15:13:00+00:00,680.095
2026-04-13 15:14:00+00:00,680.0
2026-04-13 15:15:00+00:00,679.99
2026-04-13 15:16:00+00:00,679.93
2026-04-13 15:17:00+00:00,679.8
2026-04-13 15:18:00+00:00,679.72
2026-04-13 15:19:00+00:00,679.65
2026-04-13 15:20:00+00:00,679.96
2026-04-13 15:21:00+00:00,679.915
2026-04-13 15:22:00+00:00,679.92
2026-04-13 15:23:00+00:00,679.81
2026-04-13 15:24:00+00:00,679.64
2026-04-13 15:25:00+00:00,679.68
2026-04-13 15:26:00+00:00,679.52
2026-04-13 15:27:00+00:00,679.51
2026-04-13 15:28:00+00:00,679.71
2026-04-13 15:29:00+00:00,679.615
2026-04-13 15:30:00+00:00,679.41
2026-04-13 15:31:00+00:00,679.33
2026-04-13 15:32:00+00:00,679.39
2026-04-13 15:33:00+00:00,679.58
2026-04-13 15:34:00+00:00,679.445
2026-04-13 15:35:00+00:00,679.53
2026-04-13 15:36:00+00:00,679.64
2026-04-13 15:37:00+00:00,679.785
2026-04-13 15:38:00+00:00,679.85
2026-04-13 15:39:00+00:00,680.0
2026-04-13 15:40:00+00:00,680.005
2026-04-13 15:41:00+00:00,679.89
2026-04-13 15:42:00+00:00,679.61
2026-04-13 15:43:00+00:00,679.48
2026-04-13 15:44:00+00:00,679.5
2026-04-13 15:45:00+00:00,679.495
2026-04-13 15:46:00+00:00,679.58
2026-04-13 15:47:00+00:00,679.475
2026-04-13 15:48:00+00:00,679.39
2026-04-13 15:49:00+00:00,679.44
2026-04-13 15:50:00+00:00,679.5
2026-04-13 15:51:00+00:00,679.39
2026-04-13 15:52:00+00:00,679.455
2026-04-13 15:53:00+00:00,679.52
2026-04-13 15:54:00+00:00,679.33
2026-04-13 15:55:00+00:00,679.44
2026-04-13 15:56:00+00:00,679.52
2026-04-13 15:57:00+00:00,679.38
2026-04-13 15:58:00+00:00,679.49
2026-04-13 15:59:00+00:00,679.43
2026-04-13 16:00:00+00:00,679.52
2026-04-13 16:01:00+00:00,679.25
2026-04-13 16:02:00+00:00,679.03
2026-04-13 16:03:00+00:00,679.08
2026-04-13 16:04:00+00:00,679.21
2026-04-13 16:05:00+00:00,679.14
2026-04-13 16:06:00+00:00,680.05
2026-04-13 16:07:00+00:00,679.63
2026-04-13 16:08:00+00:00,679.66
2026-04-13 16:09:00+00:00,679.72
2026-04-13 16:10:00+00:00,679.79
2026-04-13 16:11:00+00:00,680.02
2026-04-13 16:12:00+00:00,679.83
2026-04-13 16:13:00+00:00,679.8
2026-04-13 16:14:00+00:00,679.925
2026-04-13 16:15:00+00:00,679.79
2026-04-13 16:16:00+00:00,679.97
2026-04-13 16:17:00+00:00,680.065
2026-04-13 16:18:00+00:00,680.17
2026-04-13 16:19:00+00:00,680.17
2026-04-13 16:20:00+00:00,680.33
2026-04-13 16:21:00+00:00,680.61
2026-04-13 16:22:00+00:00,680.48
2026-04-13 16:23:00+00:00,680.52
2026-04-13 16:24:00+00:00,680.72
2026-04-13 16:25:00+00:00,680.89
2026-04-13 16:26:00+00:00,680.67
2026-04-13 16:27:00+00:00,680.82
2026-04-13 16:28:00+00:00,681.12
2026-04-13 16:29:00+00:00,681.38
2026-04-13 16:30:00+00:00,681.46
2026-04-13 16:31:00+00:00,681.47
2026-04-13 16:32:00+00:00,681.17
2026-04-13 16:33:00+00:00,681.455
2026-04-13 16:34:00+00:00,681.42
2026-04-13 16:35:00+00:00,681.98
2026-04-13 16:36:00+00:00,681.57
2026-04-13 16:37:00+00:00,681.58
2026-04-13 16:38:00+00:00,681.5
2026-04-13 16:39:00+00:00,681.54
2026-04-13 16:40:00+00:00,681.63
2026-04-13 16:41:00+00:00,681.29
2026-04-13 16:42:00+00:00,680.95
2026-04-13 16:43:00+00:00,681.54
2026-04-13 16:44:00+00:00,681.55
2026-04-13 16:45:00+00:00,681.58
2026-04-13 16:46:00+00:00,681.55
2026-04-13 16:47:00+00:00,682.16
2026-04-13 16:48:00+00:00,682.07
2026-04-13 16:49:00+00:00,682.05
2026-04-13 16:50:00+00:00,682.59
2026-04-13 16:51:00+00:00,682.41
2026-04-13 16:52:00+00:00,682.21
2026-04-13 16:53:00+00:00,682.025
2026-04-13 16:54:00+00:00,682.11
2026-04-13 16:55:00+00:00,681.9
2026-04-13 16:56:00+00:00,682.13
2026-04-13 16:57:00+00:00,682.07
2026-04-13 16:58:00+00:00,682.33
2026-04-13 16:59:00+00:00,682.3
2026-04-13 17:00:00+00:00,682.33
2026-04-13 17:01:00+00:00,682.34
2026-04-13 17:02:00+00:00,682.42
2026-04-13 17:03:00+00:00,682.48
2026-04-13 17:04:00+00:00,682.42
2026-04-13 17:05:00+00:00,682.38
2026-04-13 17:06:00+00:00,682.41
2026-04-13 17:07:00+00:00,682.31
2026-04-13 17:08:00+00:00,682.18
2026-04-13 17:09:00+00:00,682.24
2026-04-13 17:10:00+00:00,682.19
2026-04-13 17:11:00+00:00,682.3
2026-04-13 17:12:00+00:00,682.24
2026-04-13 17:13:00+00:00,682.2
2026-04-13 17:14:00+00:00,682.32
2026-04-13 17:15:00+00:00,682.38
2026-04-13 17:16:00+00:00,682.34
2026-04-13 17:17:00+00:00,682.33
2026-04-13 17:18:00+00:00,682.6
2026-04-13 17:19:00+00:00,682.565
2026-04-13 17:20:00+00:00,682.465
2026-04-13 17:21:00+00:00,682.5
2026-04-13 17:22:00+00:00,682.38
2026-04-13 17:23:00+00:00,682.42
2026-04-13 17:24:00+00:00,682.295
2026-04-13 17:25:00+00:00,682.38
2026-04-13 17:26:00+00:00,682.42
2026-04-13 17:27:00+00:00,682.4
2026-04-13 17:28:00+00:00,682.42
2026-04-13 17:29:00+00:00,682.48
2026-04-13 17:30:00+00:00,682.57
2026-04-13 17:31:00+00:00,682.575
2026-04-13 17:32:00+00:00,682.51
2026-04-13 17:33:00+00:00,682.39
2026-04-13 17:34:00+00:00,682.37
2026-04-13 17:35:00+00:00,682.25
2026-04-13 17:36:00+00:00,682.27
2026-04-13 17:37:00+00:00,682.34
2026-04-13 17:38:00+00:00,682.405
2026-04-13 17:39:00+00:00,682.31
2026-04-13 17:40:00+00:00,682.26
2026-04-13 17:41:00+00:00,682.25
2026-04-13 17:42:00+00:00,682.28
2026-04-13 17:43:00+00:00,682.25
2026-04-13 17:44:00+00:00,682.16
2026-04-13 17:45:00+00:00,682.075
2026-04-13 17:46:00+00:00,682.15
2026-04-13 17:47:00+00:00,682.08
2026-04-13 17:48:00+00:00,682.11
2026-04-13 17:49:00+00:00,682.06
2026-04-13 17:50:00+00:00,681.94
2026-04-13 17:51:00+00:00,681.985
2026-04-13 17:52:00+00:00,682.03
2026-04-13 17:53:00+00:00,682.12
2026-04-13 17:54:00+00:00,682.21
2026-04-13 17:55:00+00:00,682.175
2026-04-13 17:56:00+00:00,682.16
2026-04-13 17:57:00+00:00,682.195
2026-04-13 17:58:00+00:00,682.13
2026-04-13 17:59:00+00:00,682.14
2026-04-13 18:00:00+00:00,682.35
2026-04-13 18:01:00+00:00,682.33
2026-04-13 18:02:00+00:00,682.48
2026-04-13 18:03:00+00:00,682.53
2026-04-13 18:04:00+00:00,682.37
2026-04-13 18:05:00+00:00,682.365
2026-04-13 18:06:00+00:00,682.355
2026-04-13 18:07:00+00:00,682.4
2026-04-13 18:08:00+00:00,682.48
2026-04-13 18:09:00+00:00,682.495
2026-04-13 18:10:00+00:00,682.59
2026-04-13 18:11:00+00:00,682.51
2026-04-13 18:12:00+00:00,682.56
2026-04-13 18:13:00+00:00,682.565
2026-04-13 18:14:00+00:00,682.545
2026-04-13 18:15:00+00:00,682.58
2026-04-13 18:16:00+00:00,682.555
2026-04-13 18:17:00+00:00,682.59
2026-04-13 18:18:00+00:00,682.555
2026-04-13 18:19:00+00:00,682.49
2026-04-13 18:20:00+00:00,682.53
2026-04-13 18:21:00+00:00,682.64
2026-04-13 18:22:00+00:00,682.545
2026-04-13 18:23:00+00:00,682.47
2026-04-13 18:24:00+00:00,682.365
2026-04-13 18:25:00+00:00,682.39
2026-04-13 18:26:00+00:00,682.32
2026-04-13 18:27:00+00:00,682.24
2026-04-13 18:28:00+00:00,682.41
2026-04-13 18:29:00+00:00,682.37
2026-04-13 18:30:00+00:00,682.27
2026-04-13 18:31:00+00:00,682.46
2026-04-13 18:32:00+00:00,682.465
2026-04-13 18:33:00+00:00,682.55
2026-04-13 18:34:00+00:00,682.525
2026-04-13 18:35:00+00:00,682.58
2026-04-13 18:36:00+00:00,682.595
2026-04-13 18:37:00+00:00,682.63
2026-04-13 18:38:00+00:00,682.64
2026-04-13 18:39:00+00:00,682.615
2026-04-13 18:40:00+00:00,682.635
2026-04-13 18:41:00+00:00,682.65
2026-04-13 18:42:00+00:00,682.69
2026-04-13 18:43:00+00:00,682.7
2026-04-13 18:44:00+00:00,682.785
2026-04-13 18:45:00+00:00,683.005
2026-04-13 18:46:00+00:00,683.05
2026-04-13 18:47:00+00:00,683.025
2026-04-13 18:48:00+00:00,683.16
2026-04-13 18:49:00+00:00,683.09
2026-04-13 18:50:00+00:00,683.08
2026-04-13 18:51:00+00:00,683.21
2026-04-13 18:52:00+00:00,683.37
2026-04-13 18:53:00+00:00,683.27
2026-04-13 18:54:00+00:00,683.36
2026-04-13 18:55:00+00:00,683.4
2026-04-13 18:56:00+00:00,683.36
2026-04-13 18:57:00+00:00,683.335
2026-04-13 18:58:00+00:00,683.305
2026-04-13 18:59:00+00:00,683.28
2026-04-13 19:00:00+00:00,683.47
2026-04-13 19:01:00+00:00,683.555
2026-04-13 19:02:00+00:00,683.425
2026-04-13 19:03:00+00:00,683.44
2026-04-13 19:04:00+00:00,683.38
2026-04-13 19:05:00+00:00,683.33
2026-04-13 19:06:00+00:00,683.19
2026-04-13 19:07:00+00:00,683.14
2026-04-13 19:08:00+00:00,683.18
2026-04-13 19:09:00+00:00,683.28
2026-04-13 19:10:00+00:00,683.275
2026-04-13 19:11:00+00:00,683.11
2026-04-13 19:12:00+00:00,683.11
2026-04-13 19:13:00+00:00,683.06
2026-04-13 19:14:00+00:00,683.2
2026-04-13 19:15:00+00:00,683.26
2026-04-13 19:16:00+00:00,683.37
2026-04-13 19:17:00+00:00,683.39
2026-04-13 19:18:00+00:00,683.47
2026-04-13 19:19:00+00:00,683.45
2026-04-13 19:20:00+00:00,683.445
2026-04-13 19:21:00+00:00,683.59
2026-04-13 19:22:00+00:00,683.685
2026-04-13 19:23:00+00:00,683.77
2026-04-13 19:24:00+00:00,683.76
2026-04-13 19:25:00+00:00,683.75
2026-04-13 19:26:00+00:00,683.78
2026-04-13 19:27:00+00:00,683.78
2026-04-13 19:28:00+00:00,683.795
2026-04-13 19:29:00+00:00,683.805
2026-04-13 19:30:00+00:00,683.75
2026-04-13 19:31:00+00:00,684.035
2026-04-13 19:32:00+00:00,684.19
2026-04-13 19:33:00+00:00,684.15
2026-04-13 19:34:00+00:00,684.11
2026-04-13 19:35:00+00:00,684.18
2026-04-13 19:36:00+00:00,684.41
2026-04-13 19:37:00+00:00,684.33
2026-04-13 19:38:00+00:00,684.19
2026-04-13 19:39:00+00:00,684.19
2026-04-13 19:40:00+00:00,684.13
2026-04-13 19:41:00+00:00,684.02
2026-04-13 19:42:00+00:00,684.045
2026-04-13 19:43:00+00:00,684.01
2026-04-13 19:44:00+00:00,684.18
2026-04-13 19:45:00+00:00,684.01
2026-04-13 19:46:00+00:00,683.97
2026-04-13 19:47:00+00:00,683.85
2026-04-13 19:48:00+00:00,683.9
2026-04-13 19:49:00+00:00,684.06
2026-04-13 19:50:00+00:00,685.18
2026-04-13 19:51:00+00:00,685.25
2026-04-13 19:52:00+00:00,685.28
2026-04-13 19:53:00+00:00,685.6
2026-04-13 19:54:00+00:00,685.66
2026-04-13 19:55:00+00:00,685.95
2026-04-13 19:56:00+00:00,686.2
2026-04-13 19:57:00+00:00,686.16
2026-04-13 19:58:00+00:00,686.005
2026-04-13 19:59:00+00:00,686.0
2026-04-13 20:00:00+00:00,685.99
2026-04-14 12:00:00+00:00,687.91
2026-04-14 12:01:00+00:00,688.07
2026-04-14 12:05:00+00:00,688.18
2026-04-14 12:09:00+00:00,688.06
2026-04-14 12:10:00+00:00,688.29
2026-04-14 12:11:00+00:00,688.12
2026-04-14 12:25:00+00:00,687.75
2026-04-14 12:26:00+00:00,688.14
2026-04-14 12:30:00+00:00,688.83
2026-04-14 12:31:00+00:00,687.98
2026-04-14 12:34:00+00:00,688.12
2026-04-14 12:38:00+00:00,688.08
2026-04-14 12:41:00+00:00,688.13
2026-04-14 12:47:00+00:00,687.89
2026-04-14 13:08:00+00:00,687.69
2026-04-14 13:15:00+00:00,687.94
2026-04-14 13:30:00+00:00,687.96
2026-04-14 13:31:00+00:00,688.22
2026-04-14 13:32:00+00:00,688.14
2026-04-14 13:33:00+00:00,688.425
2026-04-14 13:34:00+00:00,688.44
2026-04-14 13:35:00+00:00,688.88
2026-04-14 13:36:00+00:00,688.85
2026-04-14 13:37:00+00:00,689.275
2026-04-14 13:38:00+00:00,689.34
2026-04-14 13:39:00+00:00,689.03
2026-04-14 13:40:00+00:00,689.175
2026-04-14 13:41:00+00:00,689.25
2026-04-14 13:42:00+00:00,689.555
2026-04-14 13:43:00+00:00,689.79
2026-04-14 13:44:00+00:00,689.85
2026-04-14 13:45:00+00:00,689.66
2026-04-14 13:46:00+00:00,689.73
2026-04-14 13:47:00+00:00,689.56
2026-04-14 13:48:00+00:00,689.635
2026-04-14 13:49:00+00:00,689.775
2026-04-14 13:50:00+00:00,689.6
2026-04-14 13:51:00+00:00,689.82
2026-04-14 13:52:00+00:00,689.8
2026-04-14 13:53:00+00:00,689.63
2026-04-14 13:54:00+00:00,689.58
2026-04-14 13:55:00+00:00,689.55
2026-04-14 13:56:00+00:00,689.73
2026-04-14 13:57:00+00:00,689.55
2026-04-14 13:58:00+00:00,689.57
2026-04-14 13:59:00+00:00,689.5
2026-04-14 14:00:00+00:00,689.63
2026-04-14 14:01:00+00:00,689.65
2026-04-14 14:02:00+00:00,689.78
2026-04-14 14:03:00+00:00,689.71
2026-04-14 14:04:00+00:00,689.655
2026-04-14 14:05:00+00:00,689.805
2026-04-14 14:06:00+00:00,689.94
2026-04-14 14:07:00+00:00,690.08
2026-04-14 14:08:00+00:00,690.06
2026-04-14 14:09:00+00:00,690.4
2026-04-14 14:10:00+00:00,690.34
2026-04-14 14:11:00+00:00,690.43
2026-04-14 14:12:00+00:00,690.32
2026-04-14 14:13:00+00:00,690.6
2026-04-14 14:14:00+00:00,690.84
2026-04-14 14:15:00+00:00,690.79
2026-04-14 14:16:00+00:00,690.92
2026-04-14 14:17:00+00:00,690.895
2026-04-14 14:18:00+00:00,690.69
2026-04-14 14:19:00+00:00,690.64
2026-04-14 14:20:00+00:00,690.81
2026-04-14 14:21:00+00:00,690.975
2026-04-14 14:22:00+00:00,690.9
2026-04-14 14:23:00+00:00,690.75
2026-04-14 14:24:00+00:00,690.77
2026-04-14 14:25:00+00:00,690.685
2026-04-14 14:26:00+00:00,690.845
2026-04-14 14:27:00+00:00,690.79
2026-04-14 14:28:00+00:00,690.97
2026-04-14 14:29:00+00:00,690.985
2026-04-14 14:30:00+00:00,690.955
2026-04-14 14:31:00+00:00,690.95
2026-04-14 14:32:00+00:00,690.9
2026-04-14 14:33:00+00:00,690.875
2026-04-14 14:34:00+00:00,690.89
2026-04-14 14:35:00+00:00,691.27
2026-04-14 14:36:00+00:00,691.24
2026-04-14 14:37:00+00:00,691.33
2026-04-14 14:38:00+00:00,691.0
2026-04-14 14:39:00+00:00,690.83
2026-04-14 14:40:00+00:00,690.72
2026-04-14 14:41:00+00:00,690.95
2026-04-14 14:42:00+00:00,690.88
2026-04-14 14:43:00+00:00,690.99
2026-04-14 14:44:00+00:00,690.84
2026-04-14 14:45:00+00:00,691.015
2026-04-14 14:46:00+00:00,691.15
2026-04-14 14:47:00+00:00,691.34
2026-04-14 14:48:00+00:00,691.24
2026-04-14 14:49:00+00:00,691.32
2026-04-14 14:50:00+00:00,691.16
2026-04-14 14:51:00+00:00,691.31
2026-04-14 14:52:00+00:00,691.46
2026-04-14 14:53:00+00:00,691.45
2026-04-14 14:54:00+00:00,691.645
2026-04-14 14:55:00+00:00,691.65
2026-04-14 14:56:00+00:00,691.49
2026-04-14 14:57:00+00:00,691.55
2026-04-14 14:58:00+00:00,691.61
2026-04-14 14:59:00+00:00,691.55
2026-04-14 15:00:00+00:00,691.41
2026-04-14 15:01:00+00:00,691.51
2026-04-14 15:02:00+00:00,691.41
2026-04-14 15:03:00+00:00,691.45
2026-04-14 15:04:00+00:00,691.255
2026-04-14 15:05:00+00:00,691.24
2026-04-14 15:06:00+00:00,691.02
2026-04-14 15:07:00+00:00,691.16
2026-04-14 15:08:00+00:00,691.14
2026-04-14 15:09:00+00:00,690.975
2026-04-14 15:10:00+00:00,690.985
2026-04-14 15:11:00+00:00,691.06
2026-04-14 15:12:00+00:00,690.95
2026-04-14 15:13:00+00:00,691.12
2026-04-14 15:14:00+00:00,690.99
2026-04-14 15:15:00+00:00,691.17
2026-04-14 15:16:00+00:00,691.225
2026-04-14 15:17:00+00:00,691.31
2026-04-14 15:18:00+00:00,691.25
2026-04-14 15:19:00+00:00,691.62
2026-04-14 15:20:00+00:00,691.91
2026-04-14 15:21:00+00:00,691.91
2026-04-14 15:22:00+00:00,691.88
2026-04-14 15:23:00+00:00,691.83
2026-04-14 15:24:00+00:00,691.94
2026-04-14 15:25:00+00:00,692.14
2026-04-14 15:26:00+00:00,692.42
2026-04-14 15:27:00+00:00,692.33
2026-04-14 15:28:00+00:00,692.39
2026-04-14 15:29:00+00:00,692.24
2026-04-14 15:30:00+00:00,692.435
2026-04-14 15:31:00+00:00,692.54
2026-04-14 15:32:00+00:00,692.51
2026-04-14 15:33:00+00:00,692.42
2026-04-14 15:34:00+00:00,692.475
2026-04-14 15:35:00+00:00,692.57
2026-04-14 15:36:00+00:00,692.56
2026-04-14 15:37:00+00:00,692.595
2026-04-14 15:38:00+00:00,692.68
2026-04-14 15:39:00+00:00,692.7
2026-04-14 15:40:00+00:00,692.67
2026-04-14 15:41:00+00:00,692.53
2026-04-14 15:42:00+00:00,692.68
2026-04-14 15:43:00+00:00,692.74
2026-04-14 15:44:00+00:00,692.835
2026-04-14 15:45:00+00:00,693.0
2026-04-14 15:46:00+00:00,693.05
2026-04-14 15:47:00+00:00,692.95
2026-04-14 15:48:00+00:00,693.01
2026-04-14 15:49:00+00:00,692.93
2026-04-14 15:50:00+00:00,693.06
2026-04-14 15:51:00+00:00,693.245
2026-04-14 15:52:00+00:00,693.155
2026-04-14 15:53:00+00:00,693.215
2026-04-14 15:54:00+00:00,693.27
2026-04-14 15:55:00+00:00,693.17
2026-04-14 15:56:00+00:00,693.125
2026-04-14 15:57:00+00:00,693.02
2026-04-14 15:58:00+00:00,692.91
2026-04-14 15:59:00+00:00,692.86
2026-04-14 16:00:00+00:00,692.895
2026-04-14 16:01:00+00:00,692.84
2026-04-14 16:02:00+00:00,693.06
2026-04-14 16:03:00+00:00,693.11
2026-04-14 16:04:00+00:00,693.085
2026-04-14 16:05:00+00:00,693.06
2026-04-14 16:06:00+00:00,692.98
2026-04-14 16:07:00+00:00,693.1
2026-04-14 16:08:00+00:00,693.015
2026-04-14 16:09:00+00:00,693.065
2026-04-14 16:10:00+00:00,693.075
2026-04-14 16:11:00+00:00,693.015
2026-04-14 16:12:00+00:00,692.97
2026-04-14 16:13:00+00:00,692.905
2026-04-14 16:14:00+00:00,692.975
2026-04-14 16:15:00+00:00,692.985
2026-04-14 16:16:00+00:00,692.995
2026-04-14 16:17:00+00:00,693.1
2026-04-14 16:18:00+00:00,693.175
2026-04-14 16:19:00+00:00,693.27
2026-04-14 16:20:00+00:00,693.41
2026-04-14 16:21:00+00:00,693.34
2026-04-14 16:22:00+00:00,693.31
2026-04-14 16:23:00+00:00,693.43
2026-04-14 16:24:00+00:00,693.48
2026-04-14 16:25:00+00:00,693.48
2026-04-14 16:26:00+00:00,693.575
2026-04-14 16:27:00+00:00,693.645
2026-04-14 16:28:00+00:00,693.695
2026-04-14 16:29:00+00:00,693.59
2026-04-14 16:30:00+00:00,693.7
2026-04-14 16:31:00+00:00,693.52
2026-04-14 16:32:00+00:00,693.44
2026-04-14 16:33:00+00:00,693.38
2026-04-14 16:34:00+00:00,693.32
2026-04-14 16:35:00+00:00,693.235
2026-04-14 16:36:00+00:00,693.305
2026-04-14 16:37:00+00:00,693.42
2026-04-14 16:38:00+00:00,693.425
2026-04-14 16:39:00+00:00,693.41
2026-04-14 16:40:00+00:00,693.495
2026-04-14 16:41:00+00:00,693.39
2026-04-14 16:42:00+00:00,693.46
2026-04-14 16:43:00+00:00,693.44
2026-04-14 16:44:00+00:00,693.46
2026-04-14 16:45:00+00:00,693.48
2026-04-14 16:46:00+00:00,693.46
2026-04-14 16:47:00+00:00,693.49
2026-04-14 16:48:00+00:00,693.48
2026-04-14 16:49:00+00:00,693.615
2026-04-14 16:50:00+00:00,693.51
2026-04-14 16:51:00+00:00,693.37
2026-04-14 16:52:00+00:00,693.34
2026-04-14 16:53:00+00:00,693.16
2026-04-14 16:54:00+00:00,693.12
2026-04-14 16:55:00+00:00,692.96
2026-04-14 16:56:00+00:00,692.84
2026-04-14 16:57:00+00:00,692.895
2026-04-14 16:58:00+00:00,692.89
2026-04-14 16:59:00+00:00,692.95
2026-04-14 17:00:00+00:00,693.02
2026-04-14 17:01:00+00:00,693.08
2026-04-14 17:02:00+00:00,693.14
2026-04-14 17:03:00+00:00,693.285
2026-04-14 17:04:00+00:00,693.19
2026-04-14 17:05:00+00:00,693.28
2026-04-14 17:06:00+00:00,693.29
2026-04-14 17:07:00+00:00,693.14
2026-04-14 17:08:00+00:00,693.16
2026-04-14 17:09:00+00:00,693.14
2026-04-14 17:10:00+00:00,693.205
2026-04-14 17:11:00+00:00,693.29
2026-04-14 17:12:00+00:00,693.255
2026-04-14 17:13:00+00:00,693.3
2026-04-14 17:14:00+00:00,693.26
2026-04-14 17:15:00+00:00,693.3
2026-04-14 17:16:00+00:00,693.42
2026-04-14 17:17:00+00:00,693.475
2026-04-14 17:18:00+00:00,693.53
2026-04-14 17:19:00+00:00,693.69
2026-04-14 17:20:00+00:00,693.73
2026-04-14 17:21:00+00:00,693.78
2026-04-14 17:22:00+00:00,693.84
2026-04-14 17:23:00+00:00,693.89
2026-04-14 17:24:00+00:00,693.9
2026-04-14 17:25:00+00:00,693.76
2026-04-14 17:26:00+00:00,693.73
2026-04-14 17:27:00+00:00,693.72
2026-04-14 17:28:00+00:00,693.69
2026-04-14 17:29:00+00:00,693.73
2026-04-14 17:30:00+00:00,693.775
2026-04-14 17:31:00+00:00,693.895
2026-04-14 17:32:00+00:00,693.96
2026-04-14 17:33:00+00:00,694.04
2026-04-14 17:34:00+00:00,694.01
2026-04-14 17:35:00+00:00,693.9
2026-04-14 17:36:00+00:00,693.95
2026-04-14 17:37:00+00:00,693.98
2026-04-14 17:38:00+00:00,694.02
2026-04-14 17:39:00+00:00,693.93
2026-04-14 17:40:00+00:00,693.885
2026-04-14 17:41:00+00:00,693.995
2026-04-14 17:42:00+00:00,694.055
2026-04-14 17:43:00+00:00,694.0
2026-04-14 17:44:00+00:00,694.015
2026-04-14 17:45:00+00:00,694.03
2026-04-14 17:46:00+00:00,693.96
2026-04-14 17:47:00+00:00,693.99
2026-04-14 17:48:00+00:00,694.025
2026-04-14 17:49:00+00:00,693.98
2026-04-14 17:50:00+00:00,694.02
2026-04-14 17:51:00+00:00,693.89
2026-04-14 17:52:00+00:00,693.83
2026-04-14 17:53:00+00:00,693.63
2026-04-14 17:54:00+00:00,693.695
2026-04-14 17:55:00+00:00,693.75
2026-04-14 17:56:00+00:00,693.68
2026-04-14 17:57:00+00:00,693.675
2026-04-14 17:58:00+00:00,693.685
2026-04-14 17:59:00+00:00,693.715
2026-04-14 18:00:00+00:00,693.84
2026-04-14 18:01:00+00:00,693.87
2026-04-14 18:02:00+00:00,693.85
2026-04-14 18:03:00+00:00,693.82
2026-04-14 18:04:00+00:00,693.835
2026-04-14 18:05:00+00:00,693.79
2026-04-14 18:06:00+00:00,693.72
2026-04-14 18:07:00+00:00,693.73
2026-04-14 18:08:00+00:00,693.74
2026-04-14 18:09:00+00:00,693.84
2026-04-14 18:10:00+00:00,693.685
2026-04-14 18:11:00+00:00,693.605
2026-04-14 18:12:00+00:00,693.56
2026-04-14 18:13:00+00:00,693.675
2026-04-14 18:14:00+00:00,693.545
2026-04-14 18:15:00+00:00,693.445
2026-04-14 18:16:00+00:00,693.345
2026-04-14 18:17:00+00:00,693.24
2026-04-14 18:18:00+00:00,693.18
2026-04-14 18:19:00+00:00,692.945
2026-04-14 18:20:00+00:00,692.7
2026-04-14 18:21:00+00:00,692.6
2026-04-14 18:22:00+00:00,692.65
2026-04-14 18:23:00+00:00,692.46
2026-04-14 18:24:00+00:00,692.31
2026-04-14 18:25:00+00:00,692.58
2026-04-14 18:26:00+00:00,692.705
2026-04-14 18:27:00+00:00,692.74
2026-04-14 18:28:00+00:00,692.58
2026-04-14 18:29:00+00:00,692.58
2026-04-14 18:30:00+00:00,692.68
2026-04-14 18:31:00+00:00,692.62
2026-04-14 18:32:00+00:00,692.79
2026-04-14 18:33:00+00:00,692.755
2026-04-14 18:34:00+00:00,692.68
2026-04-14 18:35:00+00:00,692.79
2026-04-14 18:36:00+00:00,692.9
2026-04-14 18:37:00+00:00,692.965
2026-04-14 18:38:00+00:00,692.86
2026-04-14 18:39:00+00:00,692.985
2026-04-14 18:40:00+00:00,693.14
2026-04-14 18:41:00+00:00,692.95
2026-04-14 18:42:00+00:00,692.73
2026-04-14 18:43:00+00:00,692.69
2026-04-14 18:44:00+00:00,692.59
2026-04-14 18:45:00+00:00,692.72
2026-04-14 18:46:00+00:00,692.57
2026-04-14 18:47:00+00:00,692.49
2026-04-14 18:48:00+00:00,692.43
2026-04-14 18:49:00+00:00,692.41
2026-04-14 18:50:00+00:00,692.42
2026-04-14 18:51:00+00:00,692.48
2026-04-14 18:52:00+00:00,692.65
2026-04-14 18:53:00+00:00,692.56
2026-04-14 18:54:00+00:00,692.635
2026-04-14 18:55:00+00:00,692.635
2026-04-14 18:56:00+00:00,692.625
2026-04-14 18:57:00+00:00,692.59
2026-04-14 18:58:00+00:00,692.62
2026-04-14 18:59:00+00:00,692.765
2026-04-14 19:00:00+00:00,692.86
2026-04-14 19:01:00+00:00,692.9
2026-04-14 19:02:00+00:00,692.95
2026-04-14 19:03:00+00:00,693.16
2026-04-14 19:04:00+00:00,693.19
2026-04-14 19:05:00+00:00,693.35
2026-04-14 19:06:00+00:00,693.315
2026-04-14 19:07:00+00:00,693.395
2026-04-14 19:08:00+00:00,693.34
2026-04-14 19:09:00+00:00,693.375
2026-04-14 19:10:00+00:00,693.475
2026-04-14 19:11:00+00:00,693.69
2026-04-14 19:12:00+00:00,693.63
2026-04-14 19:13:00+00:00,693.52
2026-04-14 19:14:00+00:00,693.49
2026-04-14 19:15:00+00:00,693.635
2026-04-14 19:16:00+00:00,693.76
2026-04-14 19:17:00+00:00,693.735
2026-04-14 19:18:00+00:00,693.71
2026-04-14 19:19:00+00:00,693.675
2026-04-14 19:20:00+00:00,693.81
2026-04-14 19:21:00+00:00,693.93
2026-04-14 19:22:00+00:00,693.93
2026-04-14 19:23:00+00:00,694.01
2026-04-14 19:24:00+00:00,694.08
2026-04-14 19:25:00+00:00,694.165
2026-04-14 19:26:00+00:00,694.155
2026-04-14 19:27:00+00:00,694.155
2026-04-14 19:28:00+00:00,694.145
2026-04-14 19:29:00+00:00,694.24
2026-04-14 19:30:00+00:00,694.215
2026-04-14 19:31:00+00:00,694.39
2026-04-14 19:32:00+00:00,694.47
2026-04-14 19:33:00+00:00,694.32
2026-04-14 19:34:00+00:00,693.97
2026-04-14 19:35:00+00:00,693.75
2026-04-14 19:36:00+00:00,694.03
2026-04-14 19:37:00+00:00,694.1
2026-04-14 19:38:00+00:00,694.17
2026-04-14 19:39:00+00:00,694.34
2026-04-14 19:40:00+00:00,694.17
2026-04-14 19:41:00+00:00,694.0
2026-04-14 19:42:00+00:00,693.96
2026-04-14 19:43:00+00:00,694.01
2026-04-14 19:44:00+00:00,694.07
2026-04-14 19:45:00+00:00,694.07
2026-04-14 19:46:00+00:00,693.97
2026-04-14 19:47:00+00:00,693.95
2026-04-14 19:48:00+00:00,694.05
2026-04-14 19:49:00+00:00,694.04
2026-04-14 19:50:00+00:00,693.9
2026-04-14 19:51:00+00:00,693.725
2026-04-14 19:52:00+00:00,693.735
2026-04-14 19:53:00+00:00,693.645
2026-04-14 19:54:00+00:00,693.53
2026-04-14 19:55:00+00:00,693.88
2026-04-14 19:56:00+00:00,694.02
2026-04-14 19:57:00+00:00,694.06
2026-04-14 19:58:00+00:00,694.24
2026-04-14 19:59:00+00:00,694.36
2026-04-14 20:00:00+00:00,694.21
2026-04-14 20:01:00+00:00,694.16
2026-04-14 20:17:00+00:00,694.17
2026-04-15 12:13:00+00:00,694.33
2026-04-15 12:26:00+00:00,694.18
2026-04-15 12:34:00+00:00,694.59
2026-04-15 12:36:00+00:00,694.62
2026-04-15 12:41:00+00:00,694.97
2026-04-15 13:06:00+00:00,694.76
2026-04-15 13:30:00+00:00,695.39
2026-04-15 13:31:00+00:00,695.15
2026-04-15 13:32:00+00:00,695.42
2026-04-15 13:33:00+00:00,695.705
2026-04-15 13:34:00+00:00,695.75
2026-04-15 13:35:00+00:00,695.66
2026-04-15 13:36:00+00:00,695.91
2026-04-15 13:37:00+00:00,695.94
2026-04-15 13:38:00+00:00,696.21
2026-04-15 13:39:00+00:00,696.27
2026-04-15 13:40:00+00:00,696.22
2026-04-15 13:41:00+00:00,696.17
2026-04-15 13:42:00+00:00,695.71
2026-04-15 13:43:00+00:00,695.32
2026-04-15 13:44:00+00:00,694.375
2026-04-15 13:45:00+00:00,694.51
2026-04-15 13:46:00+00:00,694.72
2026-04-15 13:47:00+00:00,695.25
2026-04-15 13:48:00+00:00,695.1
2026-04-15 13:49:00+00:00,695.05
2026-04-15 13:50:00+00:00,695.05
2026-04-15 13:51:00+00:00,695.0
2026-04-15 13:52:00+00:00,694.94
2026-04-15 13:53:00+00:00,695.07
2026-04-15 13:54:00+00:00,695.01
2026-04-15 13:55:00+00:00,695.08
2026-04-15 13:56:00+00:00,695.2
2026-04-15 13:57:00+00:00,695.44
2026-04-15 13:58:00+00:00,695.51
2026-04-15 13:59:00+00:00,695.62
2026-04-15 14:00:00+00:00,695.17
2026-04-15 14:01:00+00:00,695.29
2026-04-15 14:02:00+00:00,695.38
2026-04-15 14:03:00+00:00,695.48
2026-04-15 14:04:00+00:00,695.32
2026-04-15 14:05:00+00:00,695.29
2026-04-15 14:06:00+00:00,695.42
2026-04-15 14:07:00+00:00,695.33
2026-04-15 14:08:00+00:00,695.34
2026-04-15 14:09:00+00:00,695.48
2026-04-15 14:10:00+00:00,695.575
2026-04-15 14:11:00+00:00,695.54
2026-04-15 14:12:00+00:00,695.63
2026-04-15 14:13:00+00:00,695.81
2026-04-15 14:14:00+00:00,695.91
2026-04-15 14:15:00+00:00,696.125
2026-04-15 14:16:00+00:00,696.305
2026-04-15 14:17:00+00:00,696.13
2026-04-15 14:18:00+00:00,696.14
2026-04-15 14:19:00+00:00,695.9
2026-04-15 14:20:00+00:00,695.99
2026-04-15 14:21:00+00:00,696.31
2026-04-15 14:22:00+00:00,696.38
2026-04-15 14:23:00+00:00,696.4
2026-04-15 14:24:00+00:00,696.64
2026-04-15 14:25:00+00:00,696.7
2026-04-15 14:26:00+00:00,696.84
2026-04-15 14:27:00+00:00,696.79
2026-04-15 14:28:00+00:00,696.835
2026-04-15 14:29:00+00:00,696.91
2026-04-15 14:30:00+00:00,696.83
2026-04-15 14:31:00+00:00,696.97
2026-04-15 14:32:00+00:00,697.015
2026-04-15 14:33:00+00:00,696.785
2026-04-15 14:34:00+00:00,696.505
2026-04-15 14:35:00+00:00,696.69
2026-04-15 14:36:00+00:00,696.63
2026-04-15 14:37:00+00:00,696.695
2026-04-15 14:38:00+00:00,696.33
2026-04-15 14:39:00+00:00,695.99
2026-04-15 14:40:00+00:00,696.46
2026-04-15 14:41:00+00:00,696.6
2026-04-15 14:42:00+00:00,696.54
2026-04-15 14:43:00+00:00,696.755
2026-04-15 14:44:00+00:00,696.74
2026-04-15 14:45:00+00:00,696.805
2026-04-15 14:46:00+00:00,696.78
2026-04-15 14:47:00+00:00,696.76
2026-04-15 14:48:00+00:00,696.875
2026-04-15 14:49:00+00:00,697.02
2026-04-15 14:50:00+00:00,697.0
2026-04-15 14:51:00+00:00,696.75
2026-04-15 14:52:00+00:00,696.76
2026-04-15 14:53:00+00:00,696.66
2026-04-15 14:54:00+00:00,696.71
2026-04-15 14:55:00+00:00,696.77
2026-04-15 14:56:00+00:00,696.915
2026-04-15 14:57:00+00:00,696.92
2026-04-15 14:58:00+00:00,696.92
2026-04-15 14:59:00+00:00,696.74
2026-04-15 15:00:00+00:00,696.595
2026-04-15 15:01:00+00:00,696.81
2026-04-15 15:02:00+00:00,696.925
2026-04-15 15:03:00+00:00,696.89
2026-04-15 15:04:00+00:00,696.86
2026-04-15 15:05:00+00:00,697.0
2026-04-15 15:06:00+00:00,696.74
2026-04-15 15:07:00+00:00,696.59
2026-04-15 15:08:00+00:00,696.56
2026-04-15 15:09:00+00:00,696.68
2026-04-15 15:10:00+00:00,696.88
2026-04-15 15:11:00+00:00,696.89
2026-04-15 15:12:00+00:00,697.21
2026-04-15 15:13:00+00:00,697.16
2026-04-15 15:14:00+00:00,697.28
2026-04-15 15:15:00+00:00,697.365
2026-04-15 15:16:00+00:00,697.36
2026-04-15 15:17:00+00:00,697.33
2026-04-15 15:18:00+00:00,697.405
2026-04-15 15:19:00+00:00,697.355
2026-04-15 15:20:00+00:00,697.385
2026-04-15 15:21:00+00:00,697.375
2026-04-15 15:22:00+00:00,697.465
2026-04-15 15:23:00+00:00,697.32
2026-04-15 15:24:00+00:00,697.33
2026-04-15 15:25:00+00:00,697.38
2026-04-15 15:26:00+00:00,697.39
2026-04-15 15:27:00+00:00,697.495
2026-04-15 15:28:00+00:00,697.505
2026-04-15 15:29:00+00:00,697.37
2026-04-15 15:30:00+00:00,697.03
2026-04-15 15:31:00+00:00,697.04
2026-04-15 15:32:00+00:00,696.86
2026-04-15 15:33:00+00:00,696.9
2026-04-15 15:34:00+00:00,696.905
2026-04-15 15:35:00+00:00,696.96
2026-04-15 15:36:00+00:00,696.9
2026-04-15 15:37:00+00:00,697.1
2026-04-15 15:38:00+00:00,697.09
2026-04-15 15:39:00+00:00,697.09
2026-04-15 15:40:00+00:00,697.185
2026-04-15 15:41:00+00:00,697.43
2026-04-15 15:42:00+00:00,697.53
2026-04-15 15:43:00+00:00,697.49
2026-04-15 15:44:00+00:00,697.42
2026-04-15 15:45:00+00:00,697.51
2026-04-15 15:46:00+00:00,697.54
2026-04-15 15:47:00+00:00,697.38
2026-04-15 15:48:00+00:00,697.47
2026-04-15 15:49:00+00:00,697.475
2026-04-15 15:50:00+00:00,697.47
2026-04-15 15:51:00+00:00,697.4
2026-04-15 15:52:00+00:00,697.41
2026-04-15 15:53:00+00:00,697.33
2026-04-15 15:54:00+00:00,697.24
2026-04-15 15:55:00+00:00,697.09
2026-04-15 15:56:00+00:00,696.955
2026-04-15 15:57:00+00:00,697.05
2026-04-15 15:58:00+00:00,697.135
2026-04-15 15:59:00+00:00,697.0
2026-04-15 16:00:00+00:00,696.97
2026-04-15 16:01:00+00:00,697.0
2026-04-15 16:02:00+00:00,696.99
2026-04-15 16:03:00+00:00,697.085
2026-04-15 16:04:00+00:00,697.06
2026-04-15 16:05:00+00:00,697.04
2026-04-15 16:06:00+00:00,697.15
2026-04-15 16:07:00+00:00,697.275
2026-04-15 16:08:00+00:00,697.375
2026-04-15 16:09:00+00:00,697.45
2026-04-15 16:10:00+00:00,697.32
2026-04-15 16:11:00+00:00,697.34
2026-04-15 16:12:00+00:00,697.32
2026-04-15 16:13:00+00:00,697.42
2026-04-15 16:14:00+00:00,697.39
2026-04-15 16:15:00+00:00,697.3
2026-04-15 16:16:00+00:00,697.37
2026-04-15 16:17:00+00:00,697.41
2026-04-15 16:18:00+00:00,697.575
2026-04-15 16:19:00+00:00,697.56
2026-04-15 16:20:00+00:00,697.73
2026-04-15 16:21:00+00:00,697.725
2026-04-15 16:22:00+00:00,697.72
2026-04-15 16:23:00+00:00,697.77
2026-04-15 16:24:00+00:00,697.765
2026-04-15 16:25:00+00:00,697.525
2026-04-15 16:26:00+00:00,697.59
2026-04-15 16:27:00+00:00,697.615
2026-04-15 16:28:00+00:00,697.53
2026-04-15 16:29:00+00:00,697.35
2026-04-15 16:30:00+00:00,697.245
2026-04-15 16:31:00+00:00,697.34
2026-04-15 16:32:00+00:00,697.2
2026-04-15 16:33:00+00:00,697.235
2026-04-15 16:34:00+00:00,697.22
2026-04-15 16:35:00+00:00,697.37
2026-04-15 16:36:00+00:00,697.34
2026-04-15 16:37:00+00:00,697.48
2026-04-15 16:38:00+00:00,697.37
2026-04-15 16:39:00+00:00,697.205
2026-04-15 16:40:00+00:00,696.8
2026-04-15 16:41:00+00:00,696.44
2026-04-15 16:42:00+00:00,696.51
2026-04-15 16:43:00+00:00,696.625
2026-04-15 16:44:00+00:00,696.38
2026-04-15 16:45:00+00:00,696.42
2026-04-15 16:46:00+00:00,696.335
2026-04-15 16:47:00+00:00,696.155
2026-04-15 16:48:00+00:00,696.33
2026-04-15 16:49:00+00:00,696.655
2026-04-15 16:50:00+00:00,696.765
2026-04-15 16:51:00+00:00,696.36
2026-04-15 16:52:00+00:00,696.2
2026-04-15 16:53:00+00:00,696.23
2026-04-15 16:54:00+00:00,696.15
2026-04-15 16:55:00+00:00,696.105
2026-04-15 16:56:00+00:00,696.07
2026-04-15 16:57:00+00:00,696.24
2026-04-15 16:58:00+00:00,696.49
2026-04-15 16:59:00+00:00,696.55
2026-04-15 17:00:00+00:00,696.73
2026-04-15 17:01:00+00:00,696.59
2026-04-15 17:02:00+00:00,696.61
2026-04-15 17:03:00+00:00,696.91
2026-04-15 17:04:00+00:00,697.02
2026-04-15 17:05:00+00:00,697.13
2026-04-15 17:06:00+00:00,697.27
2026-04-15 17:07:00+00:00,697.3
2026-04-15 17:08:00+00:00,697.19
2026-04-15 17:09:00+00:00,697.18
2026-04-15 17:10:00+00:00,697.19
2026-04-15 17:11:00+00:00,697.24
2026-04-15 17:12:00+00:00,697.07
2026-04-15 17:13:00+00:00,697.15
2026-04-15 17:14:00+00:00,697.155
2026-04-15 17:15:00+00:00,697.3
2026-04-15 17:16:00+00:00,697.45
2026-04-15 17:17:00+00:00,697.35
2026-04-15 17:18:00+00:00,697.35
2026-04-15 17:19:00+00:00,697.28
2026-04-15 17:20:00+00:00,697.275
2026-04-15 17:21:00+00:00,697.2
2026-04-15 17:22:00+00:00,697.125
2026-04-15 17:23:00+00:00,697.12
2026-04-15 17:24:00+00:00,697.29
2026-04-15 17:25:00+00:00,697.33
2026-04-15 17:26:00+00:00,697.52
2026-04-15 17:27:00+00:00,697.49
2026-04-15 17:28:00+00:00,697.455
2026-04-15 17:29:00+00:00,697.445
2026-04-15 17:30:00+00:00,697.46
2026-04-15 17:31:00+00:00,697.46
2026-04-15 17:32:00+00:00,697.605
2026-04-15 17:33:00+00:00,697.64
2026-04-15 17:34:00+00:00,697.78
2026-04-15 17:35:00+00:00,697.81
2026-04-15 17:36:00+00:00,697.99
2026-04-15 17:37:00+00:00,697.78
2026-04-15 17:38:00+00:00,697.795
2026-04-15 17:39:00+00:00,697.65
2026-04-15 17:40:00+00:00,697.5
2026-04-15 17:41:00+00:00,697.44
2026-04-15 17:42:00+00:00,697.41
2026-04-15 17:43:00+00:00,697.37
2026-04-15 17:44:00+00:00,697.47
2026-04-15 17:45:00+00:00,697.595
2026-04-15 17:46:00+00:00,697.55
2026-04-15 17:47:00+00:00,697.605
2026-04-15 17:48:00+00:00,697.58
2026-04-15 17:49:00+00:00,697.6
2026-04-15 17:50:00+00:00,697.68
2026-04-15 17:51:00+00:00,697.715
2026-04-15 17:52:00+00:00,697.72
2026-04-15 17:53:00+00:00,697.84
2026-04-15 17:54:00+00:00,697.73
2026-04-15 17:55:00+00:00,697.79
2026-04-15 17:56:00+00:00,697.79
2026-04-15 17:57:00+00:00,697.675
2026-04-15 17:58:00+00:00,697.54
2026-04-15 17:59:00+00:00,697.51
2026-04-15 18:00:00+00:00,697.24
2026-04-15 18:01:00+00:00,697.54
2026-04-15 18:02:00+00:00,697.945
2026-04-15 18:03:00+00:00,697.98
2026-04-15 18:04:00+00:00,697.96
2026-04-15 18:05:00+00:00,698.025
2026-04-15 18:06:00+00:00,698.18
2026-04-15 18:07:00+00:00,698.15
2026-04-15 18:08:00+00:00,698.13
2026-04-15 18:09:00+00:00,698.1
2026-04-15 18:10:00+00:00,697.92
2026-04-15 18:11:00+00:00,698.13
2026-04-15 18:12:00+00:00,698.26
2026-04-15 18:13:00+00:00,698.44
2026-04-15 18:14:00+00:00,698.315
2026-04-15 18:15:00+00:00,698.51
2026-04-15 18:16:00+00:00,698.62
2026-04-15 18:17:00+00:00,698.455
2026-04-15 18:18:00+00:00,698.4
2026-04-15 18:19:00+00:00,698.365
2026-04-15 18:20:00+00:00,698.24
2026-04-15 18:21:00+00:00,698.35
2026-04-15 18:22:00+00:00,698.38
2026-04-15 18:23:00+00:00,698.42
2026-04-15 18:24:00+00:00,698.5
2026-04-15 18:25:00+00:00,698.31
2026-04-15 18:26:00+00:00,698.41
2026-04-15 18:27:00+00:00,698.51
2026-04-15 18:28:00+00:00,698.49
2026-04-15 18:29:00+00:00,698.47
2026-04-15 18:30:00+00:00,698.6
2026-04-15 18:31:00+00:00,698.72
2026-04-15 18:32:00+00:00,698.71
2026-04-15 18:33:00+00:00,698.9
2026-04-15 18:34:00+00:00,699.02
2026-04-15 18:35:00+00:00,699.06
2026-04-15 18:36:00+00:00,699.13
2026-04-15 18:37:00+00:00,698.95
2026-04-15 18:38:00+00:00,698.88
2026-04-15 18:39:00+00:00,699.005
2026-04-15 18:40:00+00:00,698.67
2026-04-15 18:41:00+00:00,698.64
2026-04-15 18:42:00+00:00,698.655
2026-04-15 18:43:00+00:00,698.86
2026-04-15 18:44:00+00:00,698.88
2026-04-15 18:45:00+00:00,699.08
2026-04-15 18:46:00+00:00,699.06
2026-04-15 18:47:00+00:00,699.135
2026-04-15 18:48:00+00:00,699.14
2026-04-15 18:49:00+00:00,699.235
2026-04-15 18:50:00+00:00,699.425
2026-04-15 18:51:00+00:00,699.54
2026-04-15 18:52:00+00:00,699.475
2026-04-15 18:53:00+00:00,699.435
2026-04-15 18:54:00+00:00,699.51
2026-04-15 18:55:00+00:00,699.56
2026-04-15 18:56:00+00:00,699.65
2026-04-15 18:57:00+00:00,699.7
2026-04-15 18:58:00+00:00,699.73
2026-04-15 18:59:00+00:00,699.65
2026-04-15 19:00:00+00:00,699.55
2026-04-15 19:01:00+00:00,699.4
2026-04-15 19:02:00+00:00,699.59
2026-04-15 19:03:00+00:00,699.66
2026-04-15 19:04:00+00:00,699.725
2026-04-15 19:05:00+00:00,699.86
2026-04-15 19:06:00+00:00,699.875
2026-04-15 19:07:00+00:00,699.85
2026-04-15 19:08:00+00:00,699.845
2026-04-15 19:09:00+00:00,699.85
2026-04-15 19:10:00+00:00,699.92
2026-04-15 19:11:00+00:00,699.79
2026-04-15 19:12:00+00:00,699.81
2026-04-15 19:13:00+00:00,699.68
2026-04-15 19:14:00+00:00,699.48
2026-04-15 19:15:00+00:00,699.525
2026-04-15 19:16:00+00:00,699.48
2026-04-15 19:17:00+00:00,699.51
2026-04-15 19:18:00+00:00,699.625
2026-04-15 19:19:00+00:00,699.64
2026-04-15 19:20:00+00:00,699.65
2026-04-15 19:21:00+00:00,699.57
2026-04-15 19:22:00+00:00,699.75
2026-04-15 19:23:00+00:00,699.795
2026-04-15 19:24:00+00:00,699.81
2026-04-15 19:25:00+00:00,699.98
2026-04-15 19:26:00+00:00,699.8
2026-04-15 19:27:00+00:00,699.89
2026-04-15 19:28:00+00:00,699.955
2026-04-15 19:29:00+00:00,700.01
2026-04-15 19:30:00+00:00,699.94
2026-04-15 19:31:00+00:00,699.8
2026-04-15 19:32:00+00:00,699.86
2026-04-15 19:33:00+00:00,699.84
2026-04-15 19:34:00+00:00,699.98
2026-04-15 19:35:00+00:00,700.01
2026-04-15 19:36:00+00:00,699.97
2026-04-15 19:37:00+00:00,699.86
2026-04-15 19:38:00+00:00,699.7
2026-04-15 19:39:00+00:00,699.54
2026-04-15 19:40:00+00:00,699.36
2026-04-15 19:41:00+00:00,699.375
2026-04-15 19:42:00+00:00,699.46
2026-04-15 19:43:00+00:00,699.57
2026-04-15 19:44:00+00:00,699.53
2026-04-15 19:45:00+00:00,699.35
2026-04-15 19:46:00+00:00,699.69
2026-04-15 19:47:00+00:00,699.75
2026-04-15 19:48:00+00:00,699.795
2026-04-15 19:49:00+00:00,699.535
2026-04-15 19:50:00+00:00,699.96
2026-04-15 19:51:00+00:00,699.97
2026-04-15 19:52:00+00:00,699.77
2026-04-15 19:53:00+00:00,699.62
2026-04-15 19:54:00+00:00,699.88
2026-04-15 19:55:00+00:00,700.2
2026-04-15 19:56:00+00:00,700.01
2026-04-15 19:57:00+00:00,700.14
2026-04-15 19:58:00+00:00,700.095
2026-04-15 19:59:00+00:00,699.75
2026-04-15 20:00:00+00:00,699.64
2026-04-15 20:14:00+00:00,699.4
2026-04-16 12:11:00+00:00,700.67
2026-04-16 12:25:00+00:00,700.86
2026-04-16 12:30:00+00:00,700.79
2026-04-16 12:33:00+00:00,701.13
2026-04-16 12:36:00+00:00,700.94
2026-04-16 12:54:00+00:00,700.83
2026-04-16 13:17:00+00:00,701.01
2026-04-16 13:30:00+00:00,700.87
2026-04-16 13:31:00+00:00,700.68
2026-04-16 13:32:00+00:00,700.93
2026-04-16 13:33:00+00:00,700.91
2026-04-16 13:34:00+00:00,701.04
2026-04-16 13:35:00+00:00,700.96
2026-04-16 13:36:00+00:00,700.84
2026-04-16 13:37:00+00:00,700.79
2026-04-16 13:38:00+00:00,700.765
2026-04-16 13:39:00+00:00,700.58
2026-04-16 13:40:00+00:00,700.92
2026-04-16 13:41:00+00:00,700.26
2026-04-16 13:42:00+00:00,700.41
2026-04-16 13:43:00+00:00,700.59
2026-04-16 13:44:00+00:00,700.81
2026-04-16 13:45:00+00:00,700.76
2026-04-16 13:46:00+00:00,700.67
2026-04-16 13:47:00+00:00,700.53
2026-04-16 13:48:00+00:00,700.54
2026-04-16 13:49:00+00:00,700.55
2026-04-16 13:50:00+00:00,700.365
2026-04-16 13:51:00+00:00,699.97
2026-04-16 13:52:00+00:00,699.54
2026-04-16 13:53:00+00:00,699.09
2026-04-16 13:54:00+00:00,698.75
2026-04-16 13:55:00+00:00,699.05
2026-04-16 13:56:00+00:00,699.02
2026-04-16 13:57:00+00:00,698.92
2026-04-16 13:58:00+00:00,699.21
2026-04-16 13:59:00+00:00,699.485
2026-04-16 14:00:00+00:00,699.1
2026-04-16 14:01:00+00:00,699.05
2026-04-16 14:02:00+00:00,699.11
2026-04-16 14:03:00+00:00,699.29
2026-04-16 14:04:00+00:00,699.33
2026-04-16 14:05:00+00:00,699.51
2026-04-16 14:06:00+00:00,699.62
2026-04-16 14:07:00+00:00,699.705
2026-04-16 14:08:00+00:00,699.785
2026-04-16 14:09:00+00:00,699.6
2026-04-16 14:10:00+00:00,699.73
2026-04-16 14:11:00+00:00,699.63
2026-04-16 14:12:00+00:00,699.96
2026-04-16 14:13:00+00:00,699.88
2026-04-16 14:14:00+00:00,699.63
2026-04-16 14:15:00+00:00,699.76
2026-04-16 14:16:00+00:00,699.48
2026-04-16 14:17:00+00:00,699.25
2026-04-16 14:18:00+00:00,699.28
2026-04-16 14:19:00+00:00,698.98
2026-04-16 14:20:00+00:00,698.83
2026-04-16 14:21:00+00:00,699.05
2026-04-16 14:22:00+00:00,698.89
2026-04-16 14:23:00+00:00,698.88
2026-04-16 14:24:00+00:00,699.06
2026-04-16 14:25:00+00:00,698.89
2026-04-16 14:26:00+00:00,698.89
2026-04-16 14:27:00+00:00,699.0
2026-04-16 14:28:00+00:00,699.22
2026-04-16 14:29:00+00:00,699.15
2026-04-16 14:30:00+00:00,699.305
2026-04-16 14:31:00+00:00,699.13
2026-04-16 14:32:00+00:00,699.045
2026-04-16 14:33:00+00:00,699.255
2026-04-16 14:34:00+00:00,699.315
2026-04-16 14:35:00+00:00,699.06
2026-04-16 14:36:00+00:00,699.09
2026-04-16 14:37:00+00:00,699.355
2026-04-16 14:38:00+00:00,699.03
2026-04-16 14:39:00+00:00,699.06
2026-04-16 14:40:00+00:00,698.955
2026-04-16 14:41:00+00:00,699.02
2026-04-16 14:42:00+00:00,699.02
2026-04-16 14:43:00+00:00,699.27
2026-04-16 14:44:00+00:00,699.52
2026-04-16 14:45:00+00:00,699.76
2026-04-16 14:46:00+00:00,699.685
2026-04-16 14:47:00+00:00,699.8
2026-04-16 14:48:00+00:00,699.85
2026-04-16 14:49:00+00:00,699.905
2026-04-16 14:50:00+00:00,699.965
2026-04-16 14:51:00+00:00,700.1
2026-04-16 14:52:00+00:00,699.835
2026-04-16 14:53:00+00:00,699.91
2026-04-16 14:54:00+00:00,700.055
2026-04-16 14:55:00+00:00,699.895
2026-04-16 14:56:00+00:00,699.93
2026-04-16 14:57:00+00:00,699.83
2026-04-16 14:58:00+00:00,699.94
2026-04-16 14:59:00+00:00,699.96
2026-04-16 15:00:00+00:00,700.2
2026-04-16 15:01:00+00:00,700.12
2026-04-16 15:02:00+00:00,700.33
2026-04-16 15:03:00+00:00,700.46
2026-04-16 15:04:00+00:00,700.55
2026-04-16 15:05:00+00:00,700.62
2026-04-16 15:06:00+00:00,700.54
2026-04-16 15:07:00+00:00,700.6
2026-04-16 15:08:00+00:00,700.84
2026-04-16 15:09:00+00:00,700.97
2026-04-16 15:10:00+00:00,701.26
2026-04-16 15:11:00+00:00,701.32
2026-04-16 15:12:00+00:00,701.3
2026-04-16 15:13:00+00:00,701.22
2026-04-16 15:14:00+00:00,701.405
2026-04-16 15:15:00+00:00,701.72
2026-04-16 15:16:00+00:00,701.72
2026-04-16 15:17:00+00:00,701.755
2026-04-16 15:18:00+00:00,701.7
2026-04-16 15:19:00+00:00,701.32
2026-04-16 15:20:00+00:00,701.56
2026-04-16 15:21:00+00:00,701.605
2026-04-16 15:22:00+00:00,701.72
2026-04-16 15:23:00+00:00,701.615
2026-04-16 15:24:00+00:00,701.6
2026-04-16 15:25:00+00:00,701.665
2026-04-16 15:26:00+00:00,701.7
2026-04-16 15:27:00+00:00,701.715
2026-04-16 15:28:00+00:00,701.515
2026-04-16 15:29:00+00:00,700.81
2026-04-16 15:30:00+00:00,701.12
2026-04-16 15:31:00+00:00,701.04
2026-04-16 15:32:00+00:00,700.955
2026-04-16 15:33:00+00:00,700.93
2026-04-16 15:34:00+00:00,701.065
2026-04-16 15:35:00+00:00,701.15
2026-04-16 15:36:00+00:00,701.65
2026-04-16 15:37:00+00:00,702.02
2026-04-16 15:38:00+00:00,701.88
2026-04-16 15:39:00+00:00,701.67
2026-04-16 15:40:00+00:00,701.58
2026-04-16 15:41:00+00:00,701.51
2026-04-16 15:42:00+00:00,701.29
2026-04-16 15:43:00+00:00,701.4
2026-04-16 15:44:00+00:00,701.38
2026-04-16 15:45:00+00:00,701.56
2026-04-16 15:46:00+00:00,701.34
2026-04-16 15:47:00+00:00,701.435
2026-04-16 15:48:00+00:00,701.26
2026-04-16 15:49:00+00:00,701.245
2026-04-16 15:50:00+00:00,701.49
2026-04-16 15:51:00+00:00,701.69
2026-04-16 15:52:00+00:00,701.76
2026-04-16 15:53:00+00:00,701.75
2026-04-16 15:54:00+00:00,701.69
2026-04-16 15:55:00+00:00,702.0
2026-04-16 15:56:00+00:00,702.115
2026-04-16 15:57:00+00:00,702.175
2026-04-16 15:58:00+00:00,702.23
2026-04-16 15:59:00+00:00,702.21
2026-04-16 16:00:00+00:00,702.45
2026-04-16 16:01:00+00:00,702.32
2026-04-16 16:02:00+00:00,702.29
2026-04-16 16:03:00+00:00,702.42
2026-04-16 16:04:00+00:00,702.4
2026-04-16 16:05:00+00:00,702.3
2026-04-16 16:06:00+00:00,702.16
2026-04-16 16:07:00+00:00,702.34
2026-04-16 16:08:00+00:00,702.42
2026-04-16 16:09:00+00:00,702.27
2026-04-16 16:10:00+00:00,702.38
2026-04-16 16:11:00+00:00,702.44
2026-04-16 16:12:00+00:00,702.41
2026-04-16 16:13:00+00:00,702.4
2026-04-16 16:14:00+00:00,702.45
2026-04-16 16:15:00+00:00,702.565
2026-04-16 16:16:00+00:00,702.6
2026-04-16 16:17:00+00:00,702.59
2026-04-16 16:18:00+00:00,702.65
2026-04-16 16:19:00+00:00,702.67
2026-04-16 16:20:00+00:00,702.54
2026-04-16 16:21:00+00:00,702.4
2026-04-16 16:22:00+00:00,702.27
2026-04-16 16:23:00+00:00,702.0
2026-04-16 16:24:00+00:00,702.16
2026-04-16 16:25:00+00:00,702.14
2026-04-16 16:26:00+00:00,702.175
2026-04-16 16:27:00+00:00,702.195
2026-04-16 16:28:00+00:00,702.135
2026-04-16 16:29:00+00:00,702.01
2026-04-16 16:30:00+00:00,701.94
2026-04-16 16:31:00+00:00,701.69
2026-04-16 16:32:00+00:00,701.67
2026-04-16 16:33:00+00:00,700.4
2026-04-16 16:34:00+00:00,701.03
2026-04-16 16:35:00+00:00,700.96
2026-04-16 16:36:00+00:00,701.3
2026-04-16 16:37:00+00:00,701.31
2026-04-16 16:38:00+00:00,701.55
2026-04-16 16:39:00+00:00,701.64
2026-04-16 16:40:00+00:00,701.66
2026-04-16 16:41:00+00:00,701.36
2026-04-16 16:42:00+00:00,701.27
2026-04-16 16:43:00+00:00,701.15
2026-04-16 16:44:00+00:00,701.36
2026-04-16 16:45:00+00:00,701.38
2026-04-16 16:46:00+00:00,701.58
2026-04-16 16:47:00+00:00,701.53
2026-04-16 16:48:00+00:00,701.49
2026-04-16 16:49:00+00:00,701.39
2026-04-16 16:50:00+00:00,701.54
2026-04-16 16:51:00+00:00,701.465
2026-04-16 16:52:00+00:00,701.15
2026-04-16 16:53:00+00:00,700.93
2026-04-16 16:54:00+00:00,700.87
2026-04-16 16:55:00+00:00,700.96
2026-04-16 16:56:00+00:00,701.16
2026-04-16 16:57:00+00:00,701.06
2026-04-16 16:58:00+00:00,700.98
2026-04-16 16:59:00+00:00,700.81
2026-04-16 17:00:00+00:00,700.76
2026-04-16 17:01:00+00:00,700.7
2026-04-16 17:02:00+00:00,700.57
2026-04-16 17:03:00+00:00,700.73
2026-04-16 17:04:00+00:00,700.57
2026-04-16 17:05:00+00:00,700.34
2026-04-16 17:06:00+00:00,700.18
2026-04-16 17:07:00+00:00,700.42
2026-04-16 17:08:00+00:00,700.33
2026-04-16 17:09:00+00:00,700.65
2026-04-16 17:10:00+00:00,700.67
2026-04-16 17:11:00+00:00,700.745
2026-04-16 17:12:00+00:00,700.74
2026-04-16 17:13:00+00:00,700.47
2026-04-16 17:14:00+00:00,700.07
2026-04-16 17:15:00+00:00,699.99
2026-04-16 17:16:00+00:00,700.2
2026-04-16 17:17:00+00:00,700.065
2026-04-16 17:18:00+00:00,700.095
2026-04-16 17:19:00+00:00,700.13
2026-04-16 17:20:00+00:00,700.17
2026-04-16 17:21:00+00:00,700.11
2026-04-16 17:22:00+00:00,700.02
2026-04-16 17:23:00+00:00,700.24
2026-04-16 17:24:00+00:00,700.74
2026-04-16 17:25:00+00:00,700.88
2026-04-16 17:26:00+00:00,700.73
2026-04-16 17:27:00+00:00,700.59
2026-04-16 17:28:00+00:00,700.65
2026-04-16 17:29:00+00:00,700.71
2026-04-16 17:30:00+00:00,700.69
2026-04-16 17:31:00+00:00,700.955
2026-04-16 17:32:00+00:00,700.98
2026-04-16 17:33:00+00:00,701.09
2026-04-16 17:34:00+00:00,700.81
2026-04-16 17:35:00+00:00,700.62
2026-04-16 17:36:00+00:00,700.71
2026-04-16 17:37:00+00:00,700.73
2026-04-16 17:38:00+00:00,700.78
2026-04-16 17:39:00+00:00,700.925
2026-04-16 17:40:00+00:00,701.22
2026-04-16 17:41:00+00:00,701.16
2026-04-16 17:42:00+00:00,701.345
2026-04-16 17:43:00+00:00,701.37
2026-04-16 17:44:00+00:00,701.38
2026-04-16 17:45:00+00:00,701.235
2026-04-16 17:46:00+00:00,701.31
2026-04-16 17:47:00+00:00,701.4
2026-04-16 17:48:00+00:00,701.35
2026-04-16 17:49:00+00:00,701.48
2026-04-16 17:50:00+00:00,701.32
2026-04-16 17:51:00+00:00,701.29
2026-04-16 17:52:00+00:00,701.28
2026-04-16 17:53:00+00:00,701.3
2026-04-16 17:54:00+00:00,701.13
2026-04-16 17:55:00+00:00,700.63
2026-04-16 17:56:00+00:00,700.65
2026-04-16 17:57:00+00:00,700.66
2026-04-16 17:58:00+00:00,700.37
2026-04-16 17:59:00+00:00,700.7
2026-04-16 18:00:00+00:00,700.8
2026-04-16 18:01:00+00:00,700.87
2026-04-16 18:02:00+00:00,701.06
2026-04-16 18:03:00+00:00,700.84
2026-04-16 18:04:00+00:00,700.685
2026-04-16 18:05:00+00:00,700.71
2026-04-16 18:06:00+00:00,700.7
2026-04-16 18:07:00+00:00,700.37
2026-04-16 18:08:00+00:00,700.35
2026-04-16 18:09:00+00:00,700.02
2026-04-16 18:10:00+00:00,700.015
2026-04-16 18:11:00+00:00,700.3
2026-04-16 18:12:00+00:00,700.4
2026-04-16 18:13:00+00:00,700.31
2026-04-16 18:14:00+00:00,700.53
2026-04-16 18:15:00+00:00,700.59
2026-04-16 18:16:00+00:00,700.475
2026-04-16 18:17:00+00:00,700.35
2026-04-16 18:18:00+00:00,700.435
2026-04-16 18:19:00+00:00,700.39
2026-04-16 18:20:00+00:00,700.6
2026-04-16 18:21:00+00:00,700.38
2026-04-16 18:22:00+00:00,700.18
2026-04-16 18:23:00+00:00,700.04
2026-04-16 18:24:00+00:00,699.84
2026-04-16 18:25:00+00:00,699.935
2026-04-16 18:26:00+00:00,699.85
2026-04-16 18:27:00+00:00,699.63
2026-04-16 18:28:00+00:00,699.615
2026-04-16 18:29:00+00:00,699.77
2026-04-16 18:30:00+00:00,699.975
2026-04-16 18:31:00+00:00,700.21
2026-04-16 18:32:00+00:00,700.34
2026-04-16 18:33:00+00:00,700.46
2026-04-16 18:34:00+00:00,700.49
2026-04-16 18:35:00+00:00,700.47
2026-04-16 18:36:00+00:00,700.45
2026-04-16 18:37:00+00:00,700.51
2026-04-16 18:38:00+00:00,700.59
2026-04-16 18:39:00+00:00,700.58
2026-04-16 18:40:00+00:00,700.76
2026-04-16 18:41:00+00:00,700.85
2026-04-16 18:42:00+00:00,700.685
2026-04-16 18:43:00+00:00,700.64
2026-04-16 18:44:00+00:00,700.8
2026-04-16 18:45:00+00:00,700.87
2026-04-16 18:46:00+00:00,700.97
2026-04-16 18:47:00+00:00,700.855
2026-04-16 18:48:00+00:00,700.765
2026-04-16 18:49:00+00:00,700.74
2026-04-16 18:50:00+00:00,700.62
2026-04-16 18:51:00+00:00,700.58
2026-04-16 18:52:00+00:00,700.645
2026-04-16 18:53:00+00:00,700.755
2026-04-16 18:54:00+00:00,700.615
2026-04-16 18:55:00+00:00,700.46
2026-04-16 18:56:00+00:00,700.54
2026-04-16 18:57:00+00:00,700.505
2026-04-16 18:58:00+00:00,700.475
2026-04-16 18:59:00+00:00,700.69
2026-04-16 19:00:00+00:00,700.91
2026-04-16 19:01:00+00:00,701.01
2026-04-16 19:02:00+00:00,701.0
2026-04-16 19:03:00+00:00,701.055
2026-04-16 19:04:00+00:00,701.01
2026-04-16 19:05:00+00:00,700.94
2026-04-16 19:06:00+00:00,700.83
2026-04-16 19:07:00+00:00,700.84
2026-04-16 19:08:00+00:00,700.93
2026-04-16 19:09:00+00:00,700.85
2026-04-16 19:10:00+00:00,700.855
2026-04-16 19:11:00+00:00,700.79
2026-04-16 19:12:00+00:00,700.725
2026-04-16 19:13:00+00:00,700.64
2026-04-16 19:14:00+00:00,700.75
2026-04-16 19:15:00+00:00,701.02
2026-04-16 19:16:00+00:00,700.98
2026-04-16 19:17:00+00:00,700.97
2026-04-16 19:18:00+00:00,701.04
2026-04-16 19:19:00+00:00,701.08
2026-04-16 19:20:00+00:00,701.095
2026-04-16 19:21:00+00:00,701.09
2026-04-16 19:22:00+00:00,701.04
2026-04-16 19:23:00+00:00,700.91
2026-04-16 19:24:00+00:00,701.015
2026-04-16 19:25:00+00:00,701.065
2026-04-16 19:26:00+00:00,701.06
2026-04-16 19:27:00+00:00,701.03
2026-04-16 19:28:00+00:00,701.05
2026-04-16 19:29:00+00:00,700.91
2026-04-16 19:30:00+00:00,700.97
2026-04-16 19:31:00+00:00,701.07
2026-04-16 19:32:00+00:00,701.12
2026-04-16 19:33:00+00:00,701.15
2026-04-16 19:34:00+00:00,701.13
2026-04-16 19:35:00+00:00,701.38
2026-04-16 19:36:00+00:00,701.26
2026-04-16 19:37:00+00:00,701.2
2026-04-16 19:38:00+00:00,701.3
2026-04-16 19:39:00+00:00,701.36
2026-04-16 19:40:00+00:00,701.39
2026-04-16 19:41:00+00:00,701.4
2026-04-16 19:42:00+00:00,701.46
2026-04-16 19:43:00+00:00,701.51
2026-04-16 19:44:00+00:00,701.305
2026-04-16 19:45:00+00:00,701.49
2026-04-16 19:46:00+00:00,701.51
2026-04-16 19:47:00+00:00,701.47
2026-04-16 19:48:00+00:00,701.65
2026-04-16 19:49:00+00:00,701.62
2026-04-16 19:50:00+00:00,701.62
2026-04-16 19:51:00+00:00,701.65
2026-04-16 19:52:00+00:00,701.72
2026-04-16 19:53:00+00:00,701.52
2026-04-16 19:54:00+00:00,701.65
2026-04-16 19:55:00+00:00,701.625
2026-04-16 19:56:00+00:00,701.65
2026-04-16 19:57:00+00:00,701.69
2026-04-16 19:58:00+00:00,701.71
2026-04-16 19:59:00+00:00,701.53
2026-04-17 12:21:00+00:00,704.52
2026-04-17 12:22:00+00:00,704.44
2026-04-17 12:24:00+00:00,704.63
2026-04-17 12:25:00+00:00,705.38
2026-04-17 12:26:00+00:00,704.97
2026-04-17 12:27:00+00:00,705.0
2026-04-17 12:28:00+00:00,705.23
2026-04-17 12:30:00+00:00,705.5
2026-04-17 12:32:00+00:00,705.59
2026-04-17 12:33:00+00:00,705.62
2026-04-17 12:34:00+00:00,705.53
2026-04-17 12:42:00+00:00,705.21
2026-04-17 12:43:00+00:00,705.08
2026-04-17 12:46:00+00:00,705.48
2026-04-17 12:47:00+00:00,706.02
2026-04-17 12:53:00+00:00,707.28
2026-04-17 12:55:00+00:00,706.95
2026-04-17 12:57:00+00:00,707.04
2026-04-17 12:58:00+00:00,707.28
2026-04-17 13:01:00+00:00,707.15
2026-04-17 13:06:00+00:00,707.38
2026-04-17 13:07:00+00:00,707.54
2026-04-17 13:10:00+00:00,708.53
2026-04-17 13:12:00+00:00,708.42
2026-04-17 13:14:00+00:00,708.5
2026-04-17 13:15:00+00:00,708.23
2026-04-17 13:16:00+00:00,708.12
2026-04-17 13:18:00+00:00,707.93
2026-04-17 13:19:00+00:00,708.17
2026-04-17 13:20:00+00:00,707.69
2026-04-17 13:21:00+00:00,707.61
2026-04-17 13:28:00+00:00,706.56
2026-04-17 13:30:00+00:00,706.19
2026-04-17 13:31:00+00:00,706.63
2026-04-17 13:32:00+00:00,706.85
2026-04-17 13:33:00+00:00,706.45
2026-04-17 13:34:00+00:00,706.92
2026-04-17 13:35:00+00:00,707.25
2026-04-17 13:36:00+00:00,707.395
2026-04-17 13:37:00+00:00,707.475
2026-04-17 13:38:00+00:00,707.395
2026-04-17 13:39:00+00:00,707.16
2026-04-17 13:40:00+00:00,706.84
2026-04-17 13:41:00+00:00,706.865
2026-04-17 13:42:00+00:00,707.015
2026-04-17 13:43:00+00:00,706.865
2026-04-17 13:44:00+00:00,707.18
2026-04-17 13:45:00+00:00,707.32
2026-04-17 13:46:00+00:00,706.6
2026-04-17 13:47:00+00:00,706.36
2026-04-17 13:48:00+00:00,706.78
2026-04-17 13:49:00+00:00,707.055
2026-04-17 13:50:00+00:00,707.13
2026-04-17 13:51:00+00:00,707.67
2026-04-17 13:52:00+00:00,707.66
2026-04-17 13:53:00+00:00,707.76
2026-04-17 13:54:00+00:00,707.75
2026-04-17 13:55:00+00:00,707.69
2026-04-17 13:56:00+00:00,707.975
2026-04-17 13:57:00+00:00,708.09
2026-04-17 13:58:00+00:00,707.9
2026-04-17 13:59:00+00:00,708.345
2026-04-17 14:00:00+00:00,708.56
2026-04-17 14:01:00+00:00,708.66
2026-04-17 14:02:00+00:00,708.56
2026-04-17 14:03:00+00:00,708.59
2026-04-17 14:04:00+00:00,708.86
2026-04-17 14:05:00+00:00,708.86
2026-04-17 14:06:00+00:00,709.01
2026-04-17 14:07:00+00:00,709.025
2026-04-17 14:08:00+00:00,708.99
2026-04-17 14:09:00+00:00,709.115
2026-04-17 14:10:00+00:00,709.3
2026-04-17 14:11:00+00:00,708.995
2026-04-17 14:12:00+00:00,708.775
2026-04-17 14:13:00+00:00,709.03
2026-04-17 14:14:00+00:00,709.09
2026-04-17 14:15:00+00:00,709.23
2026-04-17 14:16:00+00:00,709.28
2026-04-17 14:17:00+00:00,708.9
2026-04-17 14:18:00+00:00,709.03
2026-04-17 14:19:00+00:00,709.045
2026-04-17 14:20:00+00:00,709.18
2026-04-17 14:21:00+00:00,709.265
2026-04-17 14:22:00+00:00,709.14
2026-04-17 14:23:00+00:00,709.21
2026-04-17 14:24:00+00:00,709.28
2026-04-17 14:25:00+00:00,709.24
2026-04-17 14:26:00+00:00,709.16
2026-04-17 14:27:00+00:00,709.15
2026-04-17 14:28:00+00:00,709.22
2026-04-17 14:29:00+00:00,709.185
2026-04-17 14:30:00+00:00,709.26
2026-04-17 14:31:00+00:00,709.565
2026-04-17 14:32:00+00:00,709.64
2026-04-17 14:33:00+00:00,710.17
2026-04-17 14:34:00+00:00,710.11
2026-04-17 14:35:00+00:00,709.86
2026-04-17 14:36:00+00:00,710.05
2026-04-17 14:37:00+00:00,710.09
2026-04-17 14:38:00+00:00,710.17
2026-04-17 14:39:00+00:00,710.31
2026-04-17 14:40:00+00:00,710.54
2026-04-17 14:41:00+00:00,710.76
2026-04-17 14:42:00+00:00,710.885
2026-04-17 14:43:00+00:00,710.78
2026-04-17 14:44:00+00:00,710.86
2026-04-17 14:45:00+00:00,710.96
2026-04-17 14:46:00+00:00,710.87
2026-04-17 14:47:00+00:00,710.94
2026-04-17 14:48:00+00:00,711.055
2026-04-17 14:49:00+00:00,711.29
2026-04-17 14:50:00+00:00,710.865
2026-04-17 14:51:00+00:00,711.105
2026-04-17 14:52:00+00:00,711.13
2026-04-17 14:53:00+00:00,711.02
2026-04-17 14:54:00+00:00,710.89
2026-04-17 14:55:00+00:00,710.23
2026-04-17 14:56:00+00:00,710.73
2026-04-17 14:57:00+00:00,710.795
2026-04-17 14:58:00+00:00,710.8
2026-04-17 14:59:00+00:00,710.455
2026-04-17 15:00:00+00:00,710.44
2026-04-17 15:01:00+00:00,710.645
2026-04-17 15:02:00+00:00,710.87
2026-04-17 15:03:00+00:00,710.61
2026-04-17 15:04:00+00:00,710.69
2026-04-17 15:05:00+00:00,710.805
2026-04-17 15:06:00+00:00,711.145
2026-04-17 15:07:00+00:00,711.105
2026-04-17 15:08:00+00:00,710.92
2026-04-17 15:09:00+00:00,710.88
2026-04-17 15:10:00+00:00,710.68
2026-04-17 15:11:00+00:00,710.43
2026-04-17 15:12:00+00:00,710.27
2026-04-17 15:13:00+00:00,710.29
2026-04-17 15:14:00+00:00,710.18
2026-04-17 15:15:00+00:00,710.47
2026-04-17 15:16:00+00:00,710.63
2026-04-17 15:17:00+00:00,710.66
2026-04-17 15:18:00+00:00,710.37
2026-04-17 15:19:00+00:00,710.18
2026-04-17 15:20:00+00:00,710.07
2026-04-17 15:21:00+00:00,710.34
2026-04-17 15:22:00+00:00,710.305
2026-04-17 15:23:00+00:00,710.53
2026-04-17 15:24:00+00:00,710.48
2026-04-17 15:25:00+00:00,710.335
2026-04-17 15:26:00+00:00,710.58
2026-04-17 15:27:00+00:00,710.39
2026-04-17 15:28:00+00:00,710.59
2026-04-17 15:29:00+00:00,710.63
2026-04-17 15:30:00+00:00,710.69
2026-04-17 15:31:00+00:00,711.055
2026-04-17 15:32:00+00:00,710.95
2026-04-17 15:33:00+00:00,711.075
2026-04-17 15:34:00+00:00,711.26
2026-04-17 15:35:00+00:00,711.2
2026-04-17 15:36:00+00:00,711.205
2026-04-17 15:37:00+00:00,711.05
2026-04-17 15:38:00+00:00,711.245
2026-04-17 15:39:00+00:00,711.23
2026-04-17 15:40:00+00:00,711.05
2026-04-17 15:41:00+00:00,711.04
2026-04-17 15:42:00+00:00,710.69
2026-04-17 15:43:00+00:00,710.49
2026-04-17 15:44:00+00:00,710.45
2026-04-17 15:45:00+00:00,710.76
2026-04-17 15:46:00+00:00,710.53
2026-04-17 15:47:00+00:00,710.635
2026-04-17 15:48:00+00:00,710.615
2026-04-17 15:49:00+00:00,710.825
2026-04-17 15:50:00+00:00,711.16
2026-04-17 15:51:00+00:00,711.25
2026-04-17 15:52:00+00:00,711.04
2026-04-17 15:53:00+00:00,711.1
2026-04-17 15:54:00+00:00,711.105
2026-04-17 15:55:00+00:00,711.13
2026-04-17 15:56:00+00:00,711.17
2026-04-17 15:57:00+00:00,711.105
2026-04-17 15:58:00+00:00,710.89
2026-04-17 15:59:00+00:00,710.735
2026-04-17 16:00:00+00:00,710.67
2026-04-17 16:01:00+00:00,710.98
2026-04-17 16:02:00+00:00,711.24
2026-04-17 16:03:00+00:00,711.31
2026-04-17 16:04:00+00:00,711.33
2026-04-17 16:05:00+00:00,711.33
2026-04-17 16:06:00+00:00,711.31
2026-04-17 16:07:00+00:00,711.39
2026-04-17 16:08:00+00:00,711.51
2026-04-17 16:09:00+00:00,711.17
2026-04-17 16:10:00+00:00,711.36
2026-04-17 16:11:00+00:00,711.54
2026-04-17 16:12:00+00:00,711.56
2026-04-17 16:13:00+00:00,711.425
2026-04-17 16:14:00+00:00,711.39
2026-04-17 16:15:00+00:00,711.395
2026-04-17 16:16:00+00:00,711.23
2026-04-17 16:17:00+00:00,711.0
2026-04-17 16:18:00+00:00,711.22
2026-04-17 16:19:00+00:00,711.25
2026-04-17 16:20:00+00:00,711.31
2026-04-17 16:21:00+00:00,711.32
2026-04-17 16:22:00+00:00,711.29
2026-04-17 16:23:00+00:00,711.455
2026-04-17 16:24:00+00:00,711.495
2026-04-17 16:25:00+00:00,711.5
2026-04-17 16:26:00+00:00,711.54
2026-04-17 16:27:00+00:00,711.46
2026-04-17 16:28:00+00:00,711.49
2026-04-17 16:29:00+00:00,711.515
2026-04-17 16:30:00+00:00,711.8
2026-04-17 16:31:00+00:00,711.91
2026-04-17 16:32:00+00:00,711.94
2026-04-17 16:33:00+00:00,711.89
2026-04-17 16:34:00+00:00,711.91
2026-04-17 16:35:00+00:00,711.94
2026-04-17 16:36:00+00:00,712.07
2026-04-17 16:37:00+00:00,712.04
2026-04-17 16:38:00+00:00,712.08
2026-04-17 16:39:00+00:00,712.04
2026-04-17 16:40:00+00:00,712.02
2026-04-17 16:41:00+00:00,711.94
2026-04-17 16:42:00+00:00,711.98
2026-04-17 16:43:00+00:00,712.05
2026-04-17 16:44:00+00:00,712.19
2026-04-17 16:45:00+00:00,712.345
2026-04-17 16:46:00+00:00,712.315
2026-04-17 16:47:00+00:00,712.245
2026-04-17 16:48:00+00:00,712.3
2026-04-17 16:49:00+00:00,712.17
2026-04-17 16:50:00+00:00,712.23
2026-04-17 16:51:00+00:00,712.32
2026-04-17 16:52:00+00:00,712.205
2026-04-17 16:53:00+00:00,712.22
2026-04-17 16:54:00+00:00,712.12
2026-04-17 16:55:00+00:00,712.03
2026-04-17 16:56:00+00:00,711.975
2026-04-17 16:57:00+00:00,711.99
2026-04-17 16:58:00+00:00,711.965
2026-04-17 16:59:00+00:00,711.915
2026-04-17 17:00:00+00:00,711.91
2026-04-17 17:01:00+00:00,712.08
2026-04-17 17:02:00+00:00,712.03
2026-04-17 17:03:00+00:00,712.1
2026-04-17 17:04:00+00:00,712.085
2026-04-17 17:05:00+00:00,712.035
2026-04-17 17:06:00+00:00,711.975
2026-04-17 17:07:00+00:00,711.86
2026-04-17 17:08:00+00:00,710.87
2026-04-17 17:09:00+00:00,711.415
2026-04-17 17:10:00+00:00,711.22
2026-04-17 17:11:00+00:00,711.115
2026-04-17 17:12:00+00:00,711.025
2026-04-17 17:13:00+00:00,711.18
2026-04-17 17:14:00+00:00,711.2
2026-04-17 17:15:00+00:00,711.1
2026-04-17 17:16:00+00:00,711.225
2026-04-17 17:17:00+00:00,710.97
2026-04-17 17:18:00+00:00,711.02
2026-04-17 17:19:00+00:00,710.92
2026-04-17 17:20:00+00:00,710.47
2026-04-17 17:21:00+00:00,710.31
2026-04-17 17:22:00+00:00,710.6
2026-04-17 17:23:00+00:00,710.99
2026-04-17 17:24:00+00:00,709.55
2026-04-17 17:25:00+00:00,709.8
2026-04-17 17:26:00+00:00,709.75
2026-04-17 17:27:00+00:00,709.995
2026-04-17 17:28:00+00:00,709.7
2026-04-17 17:29:00+00:00,709.92
2026-04-17 17:30:00+00:00,710.125
2026-04-17 17:31:00+00:00,709.96
2026-04-17 17:32:00+00:00,709.905
2026-04-17 17:33:00+00:00,709.76
2026-04-17 17:34:00+00:00,709.85
2026-04-17 17:35:00+00:00,709.675
2026-04-17 17:36:00+00:00,709.59
2026-04-17 17:37:00+00:00,710.27
2026-04-17 17:38:00+00:00,710.22
2026-04-17 17:39:00+00:00,709.94
2026-04-17 17:40:00+00:00,709.95
2026-04-17 17:41:00+00:00,709.93
2026-04-17 17:42:00+00:00,710.085
2026-04-17 17:43:00+00:00,709.81
2026-04-17 17:44:00+00:00,709.89
2026-04-17 17:45:00+00:00,710.15
2026-04-17 17:46:00+00:00,710.545
2026-04-17 17:47:00+00:00,710.68
2026-04-17 17:48:00+00:00,710.59
2026-04-17 17:49:00+00:00,710.5
2026-04-17 17:50:00+00:00,710.525
2026-04-17 17:51:00+00:00,710.6
2026-04-17 17:52:00+00:00,710.49
2026-04-17 17:53:00+00:00,710.65
2026-04-17 17:54:00+00:00,710.62
2026-04-17 17:55:00+00:00,710.55
2026-04-17 17:56:00+00:00,710.66
2026-04-17 17:57:00+00:00,710.545
2026-04-17 17:58:00+00:00,710.37
2026-04-17 17:59:00+00:00,710.35
2026-04-17 18:00:00+00:00,710.23
2026-04-17 18:01:00+00:00,710.44
2026-04-17 18:02:00+00:00,710.24
2026-04-17 18:03:00+00:00,709.96
2026-04-17 18:04:00+00:00,710.005
2026-04-17 18:05:00+00:00,709.97
2026-04-17 18:06:00+00:00,710.04
2026-04-17 18:07:00+00:00,709.83
2026-04-17 18:08:00+00:00,709.6
2026-04-17 18:09:00+00:00,709.56
2026-04-17 18:10:00+00:00,709.51
2026-04-17 18:11:00+00:00,709.6
2026-04-17 18:12:00+00:00,709.74
2026-04-17 18:13:00+00:00,709.51
2026-04-17 18:14:00+00:00,709.45
2026-04-17 18:15:00+00:00,709.69
2026-04-17 18:16:00+00:00,709.57
2026-04-17 18:17:00+00:00,709.75
2026-04-17 18:18:00+00:00,709.82
2026-04-17 18:19:00+00:00,709.64
2026-04-17 18:20:00+00:00,709.37
2026-04-17 18:21:00+00:00,709.31
2026-04-17 18:22:00+00:00,709.385
2026-04-17 18:23:00+00:00,709.64
2026-04-17 18:24:00+00:00,709.83
2026-04-17 18:25:00+00:00,710.12
2026-04-17 18:26:00+00:00,710.15
2026-04-17 18:27:00+00:00,710.13
2026-04-17 18:28:00+00:00,709.94
2026-04-17 18:29:00+00:00,709.825
2026-04-17 18:30:00+00:00,710.17
2026-04-17 18:31:00+00:00,710.12
2026-04-17 18:32:00+00:00,710.19
2026-04-17 18:33:00+00:00,710.29
2026-04-17 18:34:00+00:00,710.27
2026-04-17 18:35:00+00:00,710.24
2026-04-17 18:36:00+00:00,710.31
2026-04-17 18:37:00+00:00,710.2
2026-04-17 18:38:00+00:00,710.26
2026-04-17 18:39:00+00:00,710.14
2026-04-17 18:40:00+00:00,710.18
2026-04-17 18:41:00+00:00,710.03
2026-04-17 18:42:00+00:00,709.86
2026-04-17 18:43:00+00:00,709.95
2026-04-17 18:44:00+00:00,710.085
2026-04-17 18:45:00+00:00,710.075
2026-04-17 18:46:00+00:00,710.07
2026-04-17 18:47:00+00:00,709.95
2026-04-17 18:48:00+00:00,709.995
2026-04-17 18:49:00+00:00,709.925
2026-04-17 18:50:00+00:00,709.78
2026-04-17 18:51:00+00:00,709.66
2026-04-17 18:52:00+00:00,709.64
2026-04-17 18:53:00+00:00,709.54
2026-04-17 18:54:00+00:00,709.56
2026-04-17 18:55:00+00:00,709.71
2026-04-17 18:56:00+00:00,709.71
2026-04-17 18:57:00+00:00,709.77
2026-04-17 18:58:00+00:00,709.7
2026-04-17 18:59:00+00:00,709.67
2026-04-17 19:00:00+00:00,709.67
2026-04-17 19:01:00+00:00,709.86
2026-04-17 19:02:00+00:00,709.79
2026-04-17 19:03:00+00:00,709.68
2026-04-17 19:04:00+00:00,709.66
2026-04-17 19:05:00+00:00,709.54
2026-04-17 19:06:00+00:00,709.5
2026-04-17 19:07:00+00:00,709.46
2026-04-17 19:08:00+00:00,709.535
2026-04-17 19:09:00+00:00,709.41
2026-04-17 19:10:00+00:00,709.22
2026-04-17 19:11:00+00:00,709.2
2026-04-17 19:12:00+00:00,709.14
2026-04-17 19:13:00+00:00,709.07
2026-04-17 19:14:00+00:00,709.13
2026-04-17 19:15:00+00:00,709.425
2026-04-17 19:16:00+00:00,709.485
2026-04-17 19:17:00+00:00,709.36
2026-04-17 19:18:00+00:00,709.43
2026-04-17 19:19:00+00:00,709.35
2026-04-17 19:20:00+00:00,709.39
2026-04-17 19:21:00+00:00,709.4
2026-04-17 19:22:00+00:00,709.3
2026-04-17 19:23:00+00:00,709.26
2026-04-17 19:24:00+00:00,709.295
2026-04-17 19:25:00+00:00,709.49
2026-04-17 19:26:00+00:00,709.42
2026-04-17 19:27:00+00:00,709.35
2026-04-17 19:28:00+00:00,709.27
2026-04-17 19:29:00+00:00,709.29
2026-04-17 19:30:00+00:00,709.43
2026-04-17 19:31:00+00:00,709.48
2026-04-17 19:32:00+00:00,709.72
2026-04-17 19:33:00+00:00,709.805
2026-04-17 19:34:00+00:00,709.88
2026-04-17 19:35:00+00:00,709.72
2026-04-17 19:36:00+00:00,709.67
2026-04-17 19:37:00+00:00,709.77
2026-04-17 19:38:00+00:00,710.03
2026-04-17 19:39:00+00:00,710.08
2026-04-17 19:40:00+00:00,710.14
2026-04-17 19:41:00+00:00,710.05
2026-04-17 19:42:00+00:00,710.3
2026-04-17 19:43:00+00:00,710.305
2026-04-17 19:44:00+00:00,710.19
2026-04-17 19:45:00+00:00,710.01
2026-04-17 19:46:00+00:00,710.03
2026-04-17 19:47:00+00:00,709.86
2026-04-17 19:48:00+00:00,709.855
2026-04-17 19:49:00+00:00,709.86
2026-04-17 19:50:00+00:00,709.885
2026-04-17 19:51:00+00:00,709.99
2026-04-17 19:52:00+00:00,709.84
2026-04-17 19:53:00+00:00,710.01
2026-04-17 19:54:00+00:00,710.17
2026-04-17 19:55:00+00:00,710.1
2026-04-17 19:56:00+00:00,710.03
2026-04-17 19:57:00+00:00,710.15
2026-04-17 19:58:00+00:00,710.185
2026-04-17 19:59:00+00:00,710.06
2026-04-17 20:00:00+00:00,710.07
2026-04-17 20:03:00+00:00,710.22
2026-04-17 20:04:00+00:00,710.13
2026-04-17 20:08:00+00:00,710.3
2026-04-17 20:13:00+00:00,710.42
2026-04-17 20:14:00+00:00,710.45
2026-04-17 20:16:00+00:00,710.49
2026-04-17 20:43:00+00:00,710.18
2026-04-17 20:45:00+00:00,710.13
2026-04-20 12:11:00+00:00,706.86
2026-04-20 12:18:00+00:00,707.15
2026-04-20 12:36:00+00:00,707.36
2026-04-20 12:43:00+00:00,707.49
2026-04-20 12:45:00+00:00,707.51
2026-04-20 12:54:00+00:00,707.78
2026-04-20 12:56:00+00:00,707.6
2026-04-20 12:59:00+00:00,707.67
2026-04-20 13:04:00+00:00,707.69
2026-04-20 13:08:00+00:00,708.16
2026-04-20 13:14:00+00:00,708.05
2026-04-20 13:30:00+00:00,709.03
2026-04-20 13:31:00+00:00,708.86
2026-04-20 13:32:00+00:00,708.94
2026-04-20 13:33:00+00:00,709.01
2026-04-20 13:34:00+00:00,709.09
2026-04-20 13:35:00+00:00,709.04
2026-04-20 13:36:00+00:00,709.21
2026-04-20 13:37:00+00:00,709.26
2026-04-20 13:38:00+00:00,708.71
2026-04-20 13:39:00+00:00,708.615
2026-04-20 13:40:00+00:00,708.49
2026-04-20 13:41:00+00:00,708.57
2026-04-20 13:42:00+00:00,708.65
2026-04-20 13:43:00+00:00,708.89
2026-04-20 13:44:00+00:00,708.74
2026-04-20 13:45:00+00:00,709.02
2026-04-20 13:46:00+00:00,708.78
2026-04-20 13:47:00+00:00,708.94
2026-04-20 13:48:00+00:00,708.77
2026-04-20 13:49:00+00:00,708.53
2026-04-20 13:50:00+00:00,708.635
2026-04-20 13:51:00+00:00,708.74
2026-04-20 13:52:00+00:00,709.03
2026-04-20 13:53:00+00:00,708.98
2026-04-20 13:54:00+00:00,709.35
2026-04-20 13:55:00+00:00,709.605
2026-04-20 13:56:00+00:00,709.905
2026-04-20 13:57:00+00:00,709.83
2026-04-20 13:58:00+00:00,709.8
2026-04-20 13:59:00+00:00,709.7
2026-04-20 14:00:00+00:00,709.66
2026-04-20 14:01:00+00:00,709.475
2026-04-20 14:02:00+00:00,709.4
2026-04-20 14:03:00+00:00,709.4
2026-04-20 14:04:00+00:00,709.22
2026-04-20 14:05:00+00:00,709.475
2026-04-20 14:06:00+00:00,709.57
2026-04-20 14:07:00+00:00,709.365
2026-04-20 14:08:00+00:00,709.08
2026-04-20 14:09:00+00:00,709.41
2026-04-20 14:10:00+00:00,709.42
2026-04-20 14:11:00+00:00,708.85
2026-04-20 14:12:00+00:00,709.08
2026-04-20 14:13:00+00:00,709.18
2026-04-20 14:14:00+00:00,709.22
2026-04-20 14:15:00+00:00,709.01
2026-04-20 14:16:00+00:00,709.09
2026-04-20 14:17:00+00:00,708.92
2026-04-20 14:18:00+00:00,708.89
2026-04-20 14:19:00+00:00,709.04
2026-04-20 14:20:00+00:00,708.995
2026-04-20 14:21:00+00:00,709.22
2026-04-20 14:22:00+00:00,709.3
2026-04-20 14:23:00+00:00,709.43
2026-04-20 14:24:00+00:00,709.485
2026-04-20 14:25:00+00:00,709.41
2026-04-20 14:26:00+00:00,709.59
2026-04-20 14:27:00+00:00,709.23
2026-04-20 14:28:00+00:00,708.95
2026-04-20 14:29:00+00:00,708.97
2026-04-20 14:30:00+00:00,708.91
2026-04-20 14:31:00+00:00,708.9
2026-04-20 14:32:00+00:00,708.67
2026-04-20 14:33:00+00:00,708.585
2026-04-20 14:34:00+00:00,708.61
2026-04-20 14:35:00+00:00,708.37
2026-04-20 14:36:00+00:00,708.31
2026-04-20 14:37:00+00:00,708.67
2026-04-20 14:38:00+00:00,708.62
2026-04-20 14:39:00+00:00,708.53
2026-04-20 14:40:00+00:00,708.28
2026-04-20 14:41:00+00:00,708.15
2026-04-20 14:42:00+00:00,708.04
2026-04-20 14:43:00+00:00,708.08
2026-04-20 14:44:00+00:00,708.17
2026-04-20 14:45:00+00:00,708.06
2026-04-20 14:46:00+00:00,708.13
2026-04-20 14:47:00+00:00,708.18
2026-04-20 14:48:00+00:00,708.35
2026-04-20 14:49:00+00:00,708.65
2026-04-20 14:50:00+00:00,708.41
2026-04-20 14:51:00+00:00,707.67
2026-04-20 14:52:00+00:00,707.58
2026-04-20 14:53:00+00:00,707.71
2026-04-20 14:54:00+00:00,707.8
2026-04-20 14:55:00+00:00,707.28
2026-04-20 14:56:00+00:00,707.11
2026-04-20 14:57:00+00:00,707.285
2026-04-20 14:58:00+00:00,707.055
2026-04-20 14:59:00+00:00,707.1
2026-04-20 15:00:00+00:00,707.23
2026-04-20 15:01:00+00:00,707.04
2026-04-20 15:02:00+00:00,707.13
2026-04-20 15:03:00+00:00,706.75
2026-04-20 15:04:00+00:00,706.715
2026-04-20 15:05:00+00:00,706.535
2026-04-20 15:06:00+00:00,706.39
2026-04-20 15:07:00+00:00,706.16
2026-04-20 15:08:00+00:00,706.395
2026-04-20 15:09:00+00:00,706.53
2026-04-20 15:10:00+00:00,706.9
2026-04-20 15:11:00+00:00,707.04
2026-04-20 15:12:00+00:00,706.6
2026-04-20 15:13:00+00:00,706.48
2026-04-20 15:14:00+00:00,706.73
2026-04-20 15:15:00+00:00,706.58
2026-04-20 15:16:00+00:00,706.55
2026-04-20 15:17:00+00:00,706.575
2026-04-20 15:18:00+00:00,706.94
2026-04-20 15:19:00+00:00,706.95
2026-04-20 15:20:00+00:00,706.87
2026-04-20 15:21:00+00:00,707.16
2026-04-20 15:22:00+00:00,707.66
2026-04-20 15:23:00+00:00,707.65
2026-04-20 15:24:00+00:00,707.67
2026-04-20 15:25:00+00:00,707.785
2026-04-20 15:26:00+00:00,707.95
2026-04-20 15:27:00+00:00,707.97
2026-04-20 15:28:00+00:00,707.71
2026-04-20 15:29:00+00:00,708.5
2026-04-20 15:30:00+00:00,707.93
2026-04-20 15:31:00+00:00,707.8
2026-04-20 15:32:00+00:00,707.75
2026-04-20 15:33:00+00:00,707.91
2026-04-20 15:34:00+00:00,707.57
2026-04-20 15:35:00+00:00,707.65
2026-04-20 15:36:00+00:00,707.35
2026-04-20 15:37:00+00:00,707.475
2026-04-20 15:38:00+00:00,707.515
2026-04-20 15:39:00+00:00,707.63
2026-04-20 15:40:00+00:00,707.78
2026-04-20 15:41:00+00:00,707.96
2026-04-20 15:42:00+00:00,707.73
2026-04-20 15:43:00+00:00,707.64
2026-04-20 15:44:00+00:00,707.52
2026-04-20 15:45:00+00:00,707.44
2026-04-20 15:46:00+00:00,707.63
2026-04-20 15:47:00+00:00,707.71
2026-04-20 15:48:00+00:00,707.69
2026-04-20 15:49:00+00:00,707.53
2026-04-20 15:50:00+00:00,707.24
2026-04-20 15:51:00+00:00,707.31
2026-04-20 15:52:00+00:00,707.25
2026-04-20 15:53:00+00:00,707.365
2026-04-20 15:54:00+00:00,707.47
2026-04-20 15:55:00+00:00,707.68
2026-04-20 15:56:00+00:00,707.68
2026-04-20 15:57:00+00:00,707.565
2026-04-20 15:58:00+00:00,707.565
2026-04-20 15:59:00+00:00,707.6
2026-04-20 16:00:00+00:00,707.51
2026-04-20 16:01:00+00:00,707.395
2026-04-20 16:02:00+00:00,707.3
2026-04-20 16:03:00+00:00,707.14
2026-04-20 16:04:00+00:00,707.145
2026-04-20 16:05:00+00:00,707.52
2026-04-20 16:06:00+00:00,707.54
2026-04-20 16:07:00+00:00,707.34
2026-04-20 16:08:00+00:00,707.53
2026-04-20 16:09:00+00:00,707.43
2026-04-20 16:10:00+00:00,707.54
2026-04-20 16:11:00+00:00,707.65
2026-04-20 16:12:00+00:00,707.68
2026-04-20 16:13:00+00:00,707.6
2026-04-20 16:14:00+00:00,707.58
2026-04-20 16:15:00+00:00,707.47
2026-04-20 16:16:00+00:00,707.105
2026-04-20 16:17:00+00:00,707.235
2026-04-20 16:18:00+00:00,707.275
2026-04-20 16:19:00+00:00,707.55
2026-04-20 16:20:00+00:00,707.74
2026-04-20 16:21:00+00:00,707.66
2026-04-20 16:22:00+00:00,707.54
2026-04-20 16:23:00+00:00,707.7
2026-04-20 16:24:00+00:00,707.65
2026-04-20 16:25:00+00:00,707.59
2026-04-20 16:26:00+00:00,707.62
2026-04-20 16:27:00+00:00,707.69
2026-04-20 16:28:00+00:00,707.76
2026-04-20 16:29:00+00:00,707.65
2026-04-20 16:30:00+00:00,707.795
2026-04-20 16:31:00+00:00,707.86
2026-04-20 16:32:00+00:00,707.74
2026-04-20 16:33:00+00:00,707.975
2026-04-20 16:34:00+00:00,707.945
2026-04-20 16:35:00+00:00,707.78
2026-04-20 16:36:00+00:00,707.69
2026-04-20 16:37:00+00:00,707.46
2026-04-20 16:38:00+00:00,707.56
2026-04-20 16:39:00+00:00,707.525
2026-04-20 16:40:00+00:00,707.565
2026-04-20 16:41:00+00:00,707.86
2026-04-20 16:42:00+00:00,708.0
2026-04-20 16:43:00+00:00,707.82
2026-04-20 16:44:00+00:00,707.69
2026-04-20 16:45:00+00:00,707.72
2026-04-20 16:46:00+00:00,707.73
2026-04-20 16:47:00+00:00,707.82
2026-04-20 16:48:00+00:00,707.805
2026-04-20 16:49:00+00:00,707.655
2026-04-20 16:50:00+00:00,707.58
2026-04-20 16:51:00+00:00,707.615
2026-04-20 16:52:00+00:00,707.7
2026-04-20 16:53:00+00:00,707.75
2026-04-20 16:54:00+00:00,707.745
2026-04-20 16:55:00+00:00,707.535
2026-04-20 16:56:00+00:00,707.58
2026-04-20 16:57:00+00:00,707.53
2026-04-20 16:58:00+00:00,707.64
2026-04-20 16:59:00+00:00,707.62
2026-04-20 17:00:00+00:00,707.705
2026-04-20 17:01:00+00:00,707.53
2026-04-20 17:02:00+00:00,707.62
2026-04-20 17:03:00+00:00,707.51
2026-04-20 17:04:00+00:00,707.45
2026-04-20 17:05:00+00:00,707.47
2026-04-20 17:06:00+00:00,707.63
2026-04-20 17:07:00+00:00,707.67
2026-04-20 17:08:00+00:00,707.77
2026-04-20 17:09:00+00:00,707.82
2026-04-20 17:10:00+00:00,707.8
2026-04-20 17:11:00+00:00,707.75
2026-04-20 17:12:00+00:00,707.89
2026-04-20 17:13:00+00:00,707.91
2026-04-20 17:14:00+00:00,708.045
2026-04-20 17:15:00+00:00,708.04
2026-04-20 17:16:00+00:00,708.045
2026-04-20 17:17:00+00:00,708.2
2026-04-20 17:18:00+00:00,708.28
2026-04-20 17:19:00+00:00,708.28
2026-04-20 17:20:00+00:00,708.09
2026-04-20 17:21:00+00:00,708.1
2026-04-20 17:22:00+00:00,708.26
2026-04-20 17:23:00+00:00,708.34
2026-04-20 17:24:00+00:00,708.25
2026-04-20 17:25:00+00:00,708.24
2026-04-20 17:26:00+00:00,708.27
2026-04-20 17:27:00+00:00,708.16
2026-04-20 17:28:00+00:00,708.13
2026-04-20 17:29:00+00:00,707.98
2026-04-20 17:30:00+00:00,707.85
2026-04-20 17:31:00+00:00,707.85
2026-04-20 17:32:00+00:00,707.68
2026-04-20 17:33:00+00:00,707.68
2026-04-20 17:34:00+00:00,707.7
2026-04-20 17:35:00+00:00,707.76
2026-04-20 17:36:00+00:00,707.82
2026-04-20 17:37:00+00:00,707.775
2026-04-20 17:38:00+00:00,707.81
2026-04-20 17:39:00+00:00,707.9
2026-04-20 17:40:00+00:00,707.94
2026-04-20 17:41:00+00:00,707.75
2026-04-20 17:42:00+00:00,707.68
2026-04-20 17:43:00+00:00,707.82
2026-04-20 17:44:00+00:00,707.95
2026-04-20 17:45:00+00:00,707.96
2026-04-20 17:46:00+00:00,707.93
2026-04-20 17:47:00+00:00,707.89
2026-04-20 17:48:00+00:00,707.91
2026-04-20 17:49:00+00:00,707.97
2026-04-20 17:50:00+00:00,707.86
2026-04-20 17:51:00+00:00,707.97
2026-04-20 17:52:00+00:00,707.91
2026-04-20 17:53:00+00:00,707.89
2026-04-20 17:54:00+00:00,708.035
2026-04-20 17:55:00+00:00,707.85
2026-04-20 17:56:00+00:00,707.76
2026-04-20 17:57:00+00:00,707.75
2026-04-20 17:58:00+00:00,707.76
2026-04-20 17:59:00+00:00,707.72
2026-04-20 18:00:00+00:00,707.68
2026-04-20 18:01:00+00:00,707.56
2026-04-20 18:02:00+00:00,707.625
2026-04-20 18:03:00+00:00,707.7
2026-04-20 18:04:00+00:00,707.65
2026-04-20 18:05:00+00:00,708.01
2026-04-20 18:06:00+00:00,708.1
2026-04-20 18:07:00+00:00,708.025
2026-04-20 18:08:00+00:00,708.08
2026-04-20 18:09:00+00:00,708.15
2026-04-20 18:10:00+00:00,708.095
2026-04-20 18:11:00+00:00,707.85
2026-04-20 18:12:00+00:00,708.08
2026-04-20 18:13:00+00:00,708.16
2026-04-20 18:14:00+00:00,708.17
2026-04-20 18:15:00+00:00,708.19
2026-04-20 18:16:00+00:00,708.16
2026-04-20 18:17:00+00:00,708.21
2026-04-20 18:18:00+00:00,708.32
2026-04-20 18:19:00+00:00,708.41
2026-04-20 18:20:00+00:00,708.54
2026-04-20 18:21:00+00:00,708.34
2026-04-20 18:22:00+00:00,708.44
2026-04-20 18:23:00+00:00,708.54
2026-04-20 18:24:00+00:00,708.6
2026-04-20 18:25:00+00:00,708.44
2026-04-20 18:26:00+00:00,708.415
2026-04-20 18:27:00+00:00,708.51
2026-04-20 18:28:00+00:00,708.41
2026-04-20 18:29:00+00:00,708.29
2026-04-20 18:30:00+00:00,708.13
2026-04-20 18:31:00+00:00,708.12
2026-04-20 18:32:00+00:00,708.1
2026-04-20 18:33:00+00:00,708.2
2026-04-20 18:34:00+00:00,708.3
2026-04-20 18:35:00+00:00,708.26
2026-04-20 18:36:00+00:00,708.09
2026-04-20 18:37:00+00:00,708.09
2026-04-20 18:38:00+00:00,707.96
2026-04-20 18:39:00+00:00,707.97
2026-04-20 18:40:00+00:00,708.03
2026-04-20 18:41:00+00:00,708.14
2026-04-20 18:42:00+00:00,708.14
2026-04-20 18:43:00+00:00,708.2
2026-04-20 18:44:00+00:00,708.15
2026-04-20 18:45:00+00:00,708.14
2026-04-20 18:46:00+00:00,708.23
2026-04-20 18:47:00+00:00,708.23
2026-04-20 18:48:00+00:00,708.25
2026-04-20 18:49:00+00:00,708.33
2026-04-20 18:50:00+00:00,708.44
2026-04-20 18:51:00+00:00,708.485
2026-04-20 18:52:00+00:00,708.43
2026-04-20 18:53:00+00:00,708.545
2026-04-20 18:54:00+00:00,708.58
2026-04-20 18:55:00+00:00,708.475
2026-04-20 18:56:00+00:00,708.47
2026-04-20 18:57:00+00:00,708.36
2026-04-20 18:58:00+00:00,708.325
2026-04-20 18:59:00+00:00,708.255
2026-04-20 19:00:00+00:00,708.4
2026-04-20 19:01:00+00:00,708.38
2026-04-20 19:02:00+00:00,708.33
2026-04-20 19:03:00+00:00,708.23
2026-04-20 19:04:00+00:00,708.26
2026-04-20 19:05:00+00:00,708.395
2026-04-20 19:06:00+00:00,708.54
2026-04-20 19:07:00+00:00,708.43
2026-04-20 19:08:00+00:00,708.41
2026-04-20 19:09:00+00:00,708.425
2026-04-20 19:10:00+00:00,708.37
2026-04-20 19:11:00+00:00,708.37
2026-04-20 19:12:00+00:00,708.355
2026-04-20 19:13:00+00:00,708.42
2026-04-20 19:14:00+00:00,708.45
2026-04-20 19:15:00+00:00,708.37
2026-04-20 19:16:00+00:00,708.32
2026-04-20 19:17:00+00:00,708.34
2026-04-20 19:18:00+00:00,708.3
2026-04-20 19:19:00+00:00,708.3
2026-04-20 19:20:00+00:00,708.21
2026-04-20 19:21:00+00:00,708.24
2026-04-20 19:22:00+00:00,708.255
2026-04-20 19:23:00+00:00,708.135
2026-04-20 19:24:00+00:00,708.16
2026-04-20 19:25:00+00:00,708.025
2026-04-20 19:26:00+00:00,707.98
2026-04-20 19:27:00+00:00,708.02
2026-04-20 19:28:00+00:00,708.02
2026-04-20 19:29:00+00:00,708.02
2026-04-20 19:30:00+00:00,707.98
2026-04-20 19:31:00+00:00,708.125
2026-04-20 19:32:00+00:00,708.075
2026-04-20 19:33:00+00:00,707.86
2026-04-20 19:34:00+00:00,707.8
2026-04-20 19:35:00+00:00,707.905
2026-04-20 19:36:00+00:00,707.935
2026-04-20 19:37:00+00:00,707.935
2026-04-20 19:38:00+00:00,707.85
2026-04-20 19:39:00+00:00,707.93
2026-04-20 19:40:00+00:00,707.94
2026-04-20 19:41:00+00:00,707.88
2026-04-20 19:42:00+00:00,707.83
2026-04-20 19:43:00+00:00,707.79
2026-04-20 19:44:00+00:00,707.695
2026-04-20 19:45:00+00:00,707.69
2026-04-20 19:46:00+00:00,707.73
2026-04-20 19:47:00+00:00,707.84
2026-04-20 19:48:00+00:00,707.83
2026-04-20 19:49:00+00:00,707.91
2026-04-20 19:50:00+00:00,707.825
2026-04-20 19:51:00+00:00,707.87
2026-04-20 19:52:00+00:00,707.805
2026-04-20 19:53:00+00:00,707.98
2026-04-20 19:54:00+00:00,708.03
2026-04-20 19:55:00+00:00,708.08
2026-04-20 19:56:00+00:00,708.205
2026-04-20 19:57:00+00:00,708.265
2026-04-20 19:58:00+00:00,708.45
2026-04-20 19:59:00+00:00,708.79
2026-04-20 20:00:00+00:00,708.62
2026-04-20 20:01:00+00:00,708.72
2026-04-20 20:30:00+00:00,708.55
2026-04-21 12:12:00+00:00,711.43
2026-04-21 12:17:00+00:00,710.96
2026-04-21 12:19:00+00:00,710.76
2026-04-21 12:21:00+00:00,710.8
2026-04-21 12:28:00+00:00,711.17
2026-04-21 12:33:00+00:00,711.46
2026-04-21 12:34:00+00:00,711.37
2026-04-21 12:36:00+00:00,711.46
2026-04-21 12:37:00+00:00,710.93
2026-04-21 12:39:00+00:00,710.48
2026-04-21 12:46:00+00:00,710.57
2026-04-21 12:56:00+00:00,710.45
2026-04-21 13:10:00+00:00,710.19
2026-04-21 13:21:00+00:00,710.27
2026-04-21 13:30:00+00:00,709.58
2026-04-21 13:31:00+00:00,709.325
2026-04-21 13:32:00+00:00,709.325
2026-04-21 13:33:00+00:00,709.33
2026-04-21 13:34:00+00:00,709.315
2026-04-21 13:35:00+00:00,709.055
2026-04-21 13:36:00+00:00,709.09
2026-04-21 13:37:00+00:00,708.92
2026-04-21 13:38:00+00:00,708.94
2026-04-21 13:39:00+00:00,709.05
2026-04-21 13:40:00+00:00,709.395
2026-04-21 13:41:00+00:00,709.24
2026-04-21 13:42:00+00:00,709.37
2026-04-21 13:43:00+00:00,709.59
2026-04-21 13:44:00+00:00,709.67
2026-04-21 13:45:00+00:00,709.53
2026-04-21 13:46:00+00:00,709.9
2026-04-21 13:47:00+00:00,710.07
2026-04-21 13:48:00+00:00,710.41
2026-04-21 13:49:00+00:00,710.21
2026-04-21 13:50:00+00:00,710.275
2026-04-21 13:51:00+00:00,710.27
2026-04-21 13:52:00+00:00,710.54
2026-04-21 13:53:00+00:00,710.79
2026-04-21 13:54:00+00:00,710.65
2026-04-21 13:55:00+00:00,710.73
2026-04-21 13:56:00+00:00,710.755
2026-04-21 13:57:00+00:00,710.7
2026-04-21 13:58:00+00:00,710.65
2026-04-21 13:59:00+00:00,710.74
2026-04-21 14:00:00+00:00,710.72
2026-04-21 14:01:00+00:00,710.96
2026-04-21 14:02:00+00:00,710.88
2026-04-21 14:03:00+00:00,710.75
2026-04-21 14:04:00+00:00,710.61
2026-04-21 14:05:00+00:00,710.75
2026-04-21 14:06:00+00:00,710.69
2026-04-21 14:07:00+00:00,710.89
2026-04-21 14:08:00+00:00,711.07
2026-04-21 14:09:00+00:00,711.03
2026-04-21 14:10:00+00:00,710.86
2026-04-21 14:11:00+00:00,711.16
2026-04-21 14:12:00+00:00,711.04
2026-04-21 14:13:00+00:00,710.99
2026-04-21 14:14:00+00:00,711.02
2026-04-21 14:15:00+00:00,711.16
2026-04-21 14:16:00+00:00,711.13
2026-04-21 14:17:00+00:00,711.15
2026-04-21 14:18:00+00:00,710.98
2026-04-21 14:19:00+00:00,710.83
2026-04-21 14:20:00+00:00,710.41
2026-04-21 14:21:00+00:00,710.5
2026-04-21 14:22:00+00:00,710.56
2026-04-21 14:23:00+00:00,710.24
2026-04-21 14:24:00+00:00,710.31
2026-04-21 14:25:00+00:00,710.43
2026-04-21 14:26:00+00:00,710.55
2026-04-21 14:27:00+00:00,710.5
2026-04-21 14:28:00+00:00,710.35
2026-04-21 14:29:00+00:00,710.53
2026-04-21 14:30:00+00:00,710.51
2026-04-21 14:31:00+00:00,710.395
2026-04-21 14:32:00+00:00,710.32
2026-04-21 14:33:00+00:00,710.24
2026-04-21 14:34:00+00:00,710.21
2026-04-21 14:35:00+00:00,710.3
2026-04-21 14:36:00+00:00,710.12
2026-04-21 14:37:00+00:00,709.94
2026-04-21 14:38:00+00:00,710.14
2026-04-21 14:39:00+00:00,709.94
2026-04-21 14:40:00+00:00,709.96
2026-04-21 14:41:00+00:00,710.14
2026-04-21 14:42:00+00:00,710.08
2026-04-21 14:43:00+00:00,710.05
2026-04-21 14:44:00+00:00,709.875
2026-04-21 14:45:00+00:00,709.63
2026-04-21 14:46:00+00:00,709.455
2026-04-21 14:47:00+00:00,709.18
2026-04-21 14:48:00+00:00,709.235
2026-04-21 14:49:00+00:00,709.14
2026-04-21 14:50:00+00:00,708.99
2026-04-21 14:51:00+00:00,708.88
2026-04-21 14:52:00+00:00,708.98
2026-04-21 14:53:00+00:00,709.21
2026-04-21 14:54:00+00:00,709.04
2026-04-21 14:55:00+00:00,708.86
2026-04-21 14:56:00+00:00,708.78
2026-04-21 14:57:00+00:00,708.375
2026-04-21 14:58:00+00:00,708.055
2026-04-21 14:59:00+00:00,707.58
2026-04-21 15:00:00+00:00,707.23
2026-04-21 15:01:00+00:00,706.89
2026-04-21 15:02:00+00:00,706.69
2026-04-21 15:03:00+00:00,706.32
2026-04-21 15:04:00+00:00,706.715
2026-04-21 15:05:00+00:00,706.34
2026-04-21 15:06:00+00:00,706.66
2026-04-21 15:07:00+00:00,707.34
2026-04-21 15:08:00+00:00,707.46
2026-04-21 15:09:00+00:00,707.71
2026-04-21 15:10:00+00:00,708.08
2026-04-21 15:11:00+00:00,707.81
2026-04-21 15:12:00+00:00,707.83
2026-04-21 15:13:00+00:00,707.795
2026-04-21 15:14:00+00:00,707.94
2026-04-21 15:15:00+00:00,707.89
2026-04-21 15:16:00+00:00,707.56
2026-04-21 15:17:00+00:00,707.52
2026-04-21 15:18:00+00:00,707.6
2026-04-21 15:19:00+00:00,707.84
2026-04-21 15:20:00+00:00,707.745
2026-04-21 15:21:00+00:00,707.76
2026-04-21 15:22:00+00:00,707.62
2026-04-21 15:23:00+00:00,707.33
2026-04-21 15:24:00+00:00,707.2
2026-04-21 15:25:00+00:00,707.08
2026-04-21 15:26:00+00:00,706.69
2026-04-21 15:27:00+00:00,706.62
2026-04-21 15:28:00+00:00,706.57
2026-04-21 15:29:00+00:00,706.65
2026-04-21 15:30:00+00:00,706.78
2026-04-21 15:31:00+00:00,706.92
2026-04-21 15:32:00+00:00,707.29
2026-04-21 15:33:00+00:00,707.05
2026-04-21 15:34:00+00:00,706.93
2026-04-21 15:35:00+00:00,706.51
2026-04-21 15:36:00+00:00,706.18
2026-04-21 15:37:00+00:00,706.57
2026-04-21 15:38:00+00:00,706.46
2026-04-21 15:39:00+00:00,706.63
2026-04-21 15:40:00+00:00,706.63
2026-04-21 15:41:00+00:00,706.49
2026-04-21 15:42:00+00:00,706.83
2026-04-21 15:43:00+00:00,706.91
2026-04-21 15:44:00+00:00,706.915
2026-04-21 15:45:00+00:00,706.91
2026-04-21 15:46:00+00:00,706.68
2026-04-21 15:47:00+00:00,707.24
2026-04-21 15:48:00+00:00,707.34
2026-04-21 15:49:00+00:00,707.24
2026-04-21 15:50:00+00:00,706.75
2026-04-21 15:51:00+00:00,706.62
2026-04-21 15:52:00+00:00,706.62
2026-04-21 15:53:00+00:00,706.76
2026-04-21 15:54:00+00:00,706.51
2026-04-21 15:55:00+00:00,706.65
2026-04-21 15:56:00+00:00,706.85
2026-04-21 15:57:00+00:00,706.88
2026-04-21 15:58:00+00:00,706.71
2026-04-21 15:59:00+00:00,706.73
2026-04-21 16:00:00+00:00,707.38
2026-04-21 16:01:00+00:00,707.41
2026-04-21 16:02:00+00:00,707.51
2026-04-21 16:03:00+00:00,707.19
2026-04-21 16:04:00+00:00,707.275
2026-04-21 16:05:00+00:00,707.16
2026-04-21 16:06:00+00:00,707.19
2026-04-21 16:07:00+00:00,707.08
2026-04-21 16:08:00+00:00,707.16
2026-04-21 16:09:00+00:00,707.365
2026-04-21 16:10:00+00:00,707.185
2026-04-21 16:11:00+00:00,706.82
2026-04-21 16:12:00+00:00,706.92
2026-04-21 16:13:00+00:00,706.77
2026-04-21 16:14:00+00:00,706.83
2026-04-21 16:15:00+00:00,706.95
2026-04-21 16:16:00+00:00,706.87
2026-04-21 16:17:00+00:00,707.01
2026-04-21 16:18:00+00:00,707.15
2026-04-21 16:19:00+00:00,706.95
2026-04-21 16:20:00+00:00,706.57
2026-04-21 16:21:00+00:00,706.57
2026-04-21 16:22:00+00:00,706.82
2026-04-21 16:23:00+00:00,706.49
2026-04-21 16:24:00+00:00,706.51
2026-04-21 16:25:00+00:00,706.45
2026-04-21 16:26:00+00:00,706.605
2026-04-21 16:27:00+00:00,706.52
2026-04-21 16:28:00+00:00,706.34
2026-04-21 16:29:00+00:00,706.36
2026-04-21 16:30:00+00:00,706.71
2026-04-21 16:31:00+00:00,706.76
2026-04-21 16:32:00+00:00,706.815
2026-04-21 16:33:00+00:00,706.86
2026-04-21 16:34:00+00:00,706.9
2026-04-21 16:35:00+00:00,707.1
2026-04-21 16:36:00+00:00,706.78
2026-04-21 16:37:00+00:00,706.54
2026-04-21 16:38:00+00:00,706.335
2026-04-21 16:39:00+00:00,706.535
2026-04-21 16:40:00+00:00,706.53
2026-04-21 16:41:00+00:00,706.32
2026-04-21 16:42:00+00:00,706.29
2026-04-21 16:43:00+00:00,706.0
2026-04-21 16:44:00+00:00,705.825
2026-04-21 16:45:00+00:00,706.22
2026-04-21 16:46:00+00:00,706.44
2026-04-21 16:47:00+00:00,706.33
2026-04-21 16:48:00+00:00,706.54
2026-04-21 16:49:00+00:00,706.59
2026-04-21 16:50:00+00:00,706.5
2026-04-21 16:51:00+00:00,706.21
2026-04-21 16:52:00+00:00,706.25
2026-04-21 16:53:00+00:00,706.26
2026-04-21 16:54:00+00:00,706.04
2026-04-21 16:55:00+00:00,705.95
2026-04-21 16:56:00+00:00,705.72
2026-04-21 16:57:00+00:00,705.79
2026-04-21 16:58:00+00:00,705.72
2026-04-21 16:59:00+00:00,705.61
2026-04-21 17:00:00+00:00,705.91
2026-04-21 17:01:00+00:00,706.12
2026-04-21 17:02:00+00:00,706.25
2026-04-21 17:03:00+00:00,706.09
2026-04-21 17:04:00+00:00,706.04
2026-04-21 17:05:00+00:00,705.415
2026-04-21 17:06:00+00:00,704.96
2026-04-21 17:07:00+00:00,705.21
2026-04-21 17:08:00+00:00,705.245
2026-04-21 17:09:00+00:00,705.5
2026-04-21 17:10:00+00:00,705.19
2026-04-21 17:11:00+00:00,704.945
2026-04-21 17:12:00+00:00,704.62
2026-04-21 17:13:00+00:00,704.65
2026-04-21 17:14:00+00:00,704.7
2026-04-21 17:15:00+00:00,704.71
2026-04-21 17:16:00+00:00,704.76
2026-04-21 17:17:00+00:00,704.655
2026-04-21 17:18:00+00:00,704.21
2026-04-21 17:19:00+00:00,704.06
2026-04-21 17:20:00+00:00,704.16
2026-04-21 17:21:00+00:00,704.39
2026-04-21 17:22:00+00:00,704.235
2026-04-21 17:23:00+00:00,704.385
2026-04-21 17:24:00+00:00,704.49
2026-04-21 17:25:00+00:00,704.845
2026-04-21 17:26:00+00:00,704.745
2026-04-21 17:27:00+00:00,704.63
2026-04-21 17:28:00+00:00,704.495
2026-04-21 17:29:00+00:00,704.63
2026-04-21 17:30:00+00:00,704.93
2026-04-21 17:31:00+00:00,704.815
2026-04-21 17:32:00+00:00,705.08
2026-04-21 17:33:00+00:00,705.29
2026-04-21 17:34:00+00:00,705.25
2026-04-21 17:35:00+00:00,705.03
2026-04-21 17:36:00+00:00,705.18
2026-04-21 17:37:00+00:00,705.25
2026-04-21 17:38:00+00:00,706.21
2026-04-21 17:39:00+00:00,706.26
2026-04-21 17:40:00+00:00,706.28
2026-04-21 17:41:00+00:00,706.64
2026-04-21 17:42:00+00:00,706.85
2026-04-21 17:43:00+00:00,706.69
2026-04-21 17:44:00+00:00,706.51
2026-04-21 17:45:00+00:00,706.35
2026-04-21 17:46:00+00:00,706.14
2026-04-21 17:47:00+00:00,705.955
2026-04-21 17:48:00+00:00,706.14
2026-04-21 17:49:00+00:00,706.18
2026-04-21 17:50:00+00:00,706.13
2026-04-21 17:51:00+00:00,706.17
2026-04-21 17:52:00+00:00,706.34
2026-04-21 17:53:00+00:00,705.97
2026-04-21 17:54:00+00:00,705.81
2026-04-21 17:55:00+00:00,705.54
2026-04-21 17:56:00+00:00,705.52
2026-04-21 17:57:00+00:00,705.67
2026-04-21 17:58:00+00:00,705.71
2026-04-21 17:59:00+00:00,705.77
2026-04-21 18:00:00+00:00,705.985
2026-04-21 18:01:00+00:00,706.24
2026-04-21 18:02:00+00:00,706.395
2026-04-21 18:03:00+00:00,706.185
2026-04-21 18:04:00+00:00,706.0
2026-04-21 18:05:00+00:00,706.09
2026-04-21 18:06:00+00:00,706.04
2026-04-21 18:07:00+00:00,705.98
2026-04-21 18:08:00+00:00,705.885
2026-04-21 18:09:00+00:00,705.84
2026-04-21 18:10:00+00:00,705.535
2026-04-21 18:11:00+00:00,705.64
2026-04-21 18:12:00+00:00,705.85
2026-04-21 18:13:00+00:00,705.77
2026-04-21 18:14:00+00:00,705.83
2026-04-21 18:15:00+00:00,705.91
2026-04-21 18:16:00+00:00,705.66
2026-04-21 18:17:00+00:00,705.5
2026-04-21 18:18:00+00:00,705.3
2026-04-21 18:19:00+00:00,705.17
2026-04-21 18:20:00+00:00,705.175
2026-04-21 18:21:00+00:00,705.3
2026-04-21 18:22:00+00:00,705.03
2026-04-21 18:23:00+00:00,705.09
2026-04-21 18:24:00+00:00,705.07
2026-04-21 18:25:00+00:00,705.22
2026-04-21 18:26:00+00:00,705.06
2026-04-21 18:27:00+00:00,705.0
2026-04-21 18:28:00+00:00,704.97
2026-04-21 18:29:00+00:00,705.075
2026-04-21 18:30:00+00:00,705.16
2026-04-21 18:31:00+00:00,705.25
2026-04-21 18:32:00+00:00,705.52
2026-04-21 18:33:00+00:00,705.65
2026-04-21 18:34:00+00:00,705.65
2026-04-21 18:35:00+00:00,705.71
2026-04-21 18:36:00+00:00,705.605
2026-04-21 18:37:00+00:00,705.305
2026-04-21 18:38:00+00:00,705.27
2026-04-21 18:39:00+00:00,705.38
2026-04-21 18:40:00+00:00,705.43
2026-04-21 18:41:00+00:00,705.44
2026-04-21 18:42:00+00:00,705.355
2026-04-21 18:43:00+00:00,705.41
2026-04-21 18:44:00+00:00,705.57
2026-04-21 18:45:00+00:00,705.405
2026-04-21 18:46:00+00:00,705.53
2026-04-21 18:47:00+00:00,705.36
2026-04-21 18:48:00+00:00,705.25
2026-04-21 18:49:00+00:00,705.15
2026-04-21 18:50:00+00:00,705.17
2026-04-21 18:51:00+00:00,705.23
2026-04-21 18:52:00+00:00,705.19
2026-04-21 18:53:00+00:00,705.19
2026-04-21 18:54:00+00:00,706.38
2026-04-21 18:55:00+00:00,706.05
2026-04-21 18:56:00+00:00,705.94
2026-04-21 18:57:00+00:00,706.22
2026-04-21 18:58:00+00:00,706.14
2026-04-21 18:59:00+00:00,706.32
2026-04-21 19:00:00+00:00,706.45
2026-04-21 19:01:00+00:00,706.57
2026-04-21 19:02:00+00:00,706.65
2026-04-21 19:03:00+00:00,706.56
2026-04-21 19:04:00+00:00,706.66
2026-04-21 19:05:00+00:00,706.76
2026-04-21 19:06:00+00:00,706.63
2026-04-21 19:07:00+00:00,706.63
2026-04-21 19:08:00+00:00,706.73
2026-04-21 19:09:00+00:00,706.69
2026-04-21 19:10:00+00:00,706.8
2026-04-21 19:11:00+00:00,706.9
2026-04-21 19:12:00+00:00,707.09
2026-04-21 19:13:00+00:00,707.19
2026-04-21 19:14:00+00:00,706.64
2026-04-21 19:15:00+00:00,706.68
2026-04-21 19:16:00+00:00,706.8
2026-04-21 19:17:00+00:00,706.66
2026-04-21 19:18:00+00:00,706.69
2026-04-21 19:19:00+00:00,706.65
2026-04-21 19:20:00+00:00,706.87
2026-04-21 19:21:00+00:00,707.1
2026-04-21 19:22:00+00:00,707.05
2026-04-21 19:23:00+00:00,707.42
2026-04-21 19:24:00+00:00,707.58
2026-04-21 19:25:00+00:00,707.75
2026-04-21 19:26:00+00:00,707.55
2026-04-21 19:27:00+00:00,707.495
2026-04-21 19:28:00+00:00,707.655
2026-04-21 19:29:00+00:00,707.73
2026-04-21 19:30:00+00:00,707.78
2026-04-21 19:31:00+00:00,707.83
2026-04-21 19:32:00+00:00,707.7
2026-04-21 19:33:00+00:00,707.34
2026-04-21 19:34:00+00:00,707.31
2026-04-21 19:35:00+00:00,706.665
2026-04-21 19:36:00+00:00,706.67
2026-04-21 19:37:00+00:00,706.57
2026-04-21 19:38:00+00:00,706.03
2026-04-21 19:39:00+00:00,706.245
2026-04-21 19:40:00+00:00,706.01
2026-04-21 19:41:00+00:00,705.08
2026-04-21 19:42:00+00:00,703.88
2026-04-21 19:43:00+00:00,703.29
2026-04-21 19:44:00+00:00,703.2
2026-04-21 19:45:00+00:00,703.455
2026-04-21 19:46:00+00:00,703.7
2026-04-21 19:47:00+00:00,704.195
2026-04-21 19:48:00+00:00,703.895
2026-04-21 19:49:00+00:00,704.0
2026-04-21 19:50:00+00:00,704.06
2026-04-21 19:51:00+00:00,703.86
2026-04-21 19:52:00+00:00,703.56
2026-04-21 19:53:00+00:00,703.69
2026-04-21 19:54:00+00:00,703.66
2026-04-21 19:55:00+00:00,704.12
2026-04-21 19:56:00+00:00,704.055
2026-04-21 19:57:00+00:00,703.97
2026-04-21 19:58:00+00:00,704.06
2026-04-21 19:59:00+00:00,703.91
2026-04-21 20:09:00+00:00,706.41
2026-04-21 20:11:00+00:00,706.78
2026-04-22 12:02:00+00:00,708.67
2026-04-22 12:05:00+00:00,708.9
2026-04-22 12:07:00+00:00,709.12
2026-04-22 12:09:00+00:00,709.16
2026-04-22 12:10:00+00:00,709.09
2026-04-22 12:12:00+00:00,709.4
2026-04-22 12:19:00+00:00,709.61
2026-04-22 12:22:00+00:00,709.31
2026-04-22 12:28:00+00:00,709.24
2026-04-22 12:33:00+00:00,708.94
2026-04-22 12:36:00+00:00,708.54
2026-04-22 12:37:00+00:00,708.53
2026-04-22 13:08:00+00:00,708.14
2026-04-22 13:24:00+00:00,709.1
2026-04-22 13:30:00+00:00,708.87
2026-04-22 13:31:00+00:00,709.0
2026-04-22 13:32:00+00:00,708.92
2026-04-22 13:33:00+00:00,708.84
2026-04-22 13:34:00+00:00,708.56
2026-04-22 13:35:00+00:00,708.27
2026-04-22 13:36:00+00:00,708.66
2026-04-22 13:37:00+00:00,708.925
2026-04-22 13:38:00+00:00,708.795
2026-04-22 13:39:00+00:00,708.72
2026-04-22 13:40:00+00:00,708.775
2026-04-22 13:41:00+00:00,708.92
2026-04-22 13:42:00+00:00,708.71
2026-04-22 13:43:00+00:00,708.885
2026-04-22 13:44:00+00:00,708.635
2026-04-22 13:45:00+00:00,709.015
2026-04-22 13:46:00+00:00,709.32
2026-04-22 13:47:00+00:00,709.32
2026-04-22 13:48:00+00:00,708.8
2026-04-22 13:49:00+00:00,708.65
2026-04-22 13:50:00+00:00,708.63
2026-04-22 13:51:00+00:00,708.48
2026-04-22 13:52:00+00:00,708.72
2026-04-22 13:53:00+00:00,708.82
2026-04-22 13:54:00+00:00,709.21
2026-04-22 13:55:00+00:00,709.03
2026-04-22 13:56:00+00:00,708.965
2026-04-22 13:57:00+00:00,709.04
2026-04-22 13:58:00+00:00,709.14
2026-04-22 13:59:00+00:00,709.4
2026-04-22 14:00:00+00:00,709.71
2026-04-22 14:01:00+00:00,709.86
2026-04-22 14:02:00+00:00,709.7
2026-04-22 14:03:00+00:00,709.44
2026-04-22 14:04:00+00:00,709.38
2026-04-22 14:05:00+00:00,708.91
2026-04-22 14:06:00+00:00,709.28
2026-04-22 14:07:00+00:00,709.73
2026-04-22 14:08:00+00:00,709.665
2026-04-22 14:09:00+00:00,709.53
2026-04-22 14:10:00+00:00,709.875
2026-04-22 14:11:00+00:00,709.755
2026-04-22 14:12:00+00:00,709.65
2026-04-22 14:13:00+00:00,709.83
2026-04-22 14:14:00+00:00,710.1
2026-04-22 14:15:00+00:00,710.345
2026-04-22 14:16:00+00:00,710.215
2026-04-22 14:17:00+00:00,710.25
2026-04-22 14:18:00+00:00,710.16
2026-04-22 14:19:00+00:00,710.26
2026-04-22 14:20:00+00:00,710.5
2026-04-22 14:21:00+00:00,710.565
2026-04-22 14:22:00+00:00,710.385
2026-04-22 14:23:00+00:00,710.32
2026-04-22 14:24:00+00:00,710.31
2026-04-22 14:25:00+00:00,710.48
2026-04-22 14:26:00+00:00,710.36
2026-04-22 14:27:00+00:00,710.385
2026-04-22 14:28:00+00:00,710.56
2026-04-22 14:29:00+00:00,710.51
2026-04-22 14:30:00+00:00,710.275
2026-04-22 14:31:00+00:00,710.4
2026-04-22 14:32:00+00:00,710.04
2026-04-22 14:33:00+00:00,709.88
2026-04-22 14:34:00+00:00,709.85
2026-04-22 14:35:00+00:00,709.62
2026-04-22 14:36:00+00:00,710.03
2026-04-22 14:37:00+00:00,710.39
2026-04-22 14:38:00+00:00,710.26
2026-04-22 14:39:00+00:00,710.59
2026-04-22 14:40:00+00:00,710.59
2026-04-22 14:41:00+00:00,710.15
2026-04-22 14:42:00+00:00,709.99
2026-04-22 14:43:00+00:00,709.665
2026-04-22 14:44:00+00:00,709.71
2026-04-22 14:45:00+00:00,709.92
2026-04-22 14:46:00+00:00,709.93
2026-04-22 14:47:00+00:00,710.06
2026-04-22 14:48:00+00:00,710.23
2026-04-22 14:49:00+00:00,710.16
2026-04-22 14:50:00+00:00,710.27
2026-04-22 14:51:00+00:00,709.94
2026-04-22 14:52:00+00:00,709.74
2026-04-22 14:53:00+00:00,709.71
2026-04-22 14:54:00+00:00,709.82
2026-04-22 14:55:00+00:00,709.76
2026-04-22 14:56:00+00:00,709.77
2026-04-22 14:57:00+00:00,709.82
2026-04-22 14:58:00+00:00,709.795
2026-04-22 14:59:00+00:00,710.05
2026-04-22 15:00:00+00:00,709.68
2026-04-22 15:01:00+00:00,709.58
2026-04-22 15:02:00+00:00,709.52
2026-04-22 15:03:00+00:00,709.67
2026-04-22 15:04:00+00:00,709.3
2026-04-22 15:05:00+00:00,709.41
2026-04-22 15:06:00+00:00,709.62
2026-04-22 15:07:00+00:00,710.09
2026-04-22 15:08:00+00:00,710.08
2026-04-22 15:09:00+00:00,709.99
2026-04-22 15:10:00+00:00,710.1
2026-04-22 15:11:00+00:00,710.07
2026-04-22 15:12:00+00:00,709.86
2026-04-22 15:13:00+00:00,709.94
2026-04-22 15:14:00+00:00,709.83
2026-04-22 15:15:00+00:00,709.71
2026-04-22 15:16:00+00:00,709.61
2026-04-22 15:17:00+00:00,709.79
2026-04-22 15:18:00+00:00,709.71
2026-04-22 15:19:00+00:00,709.9
2026-04-22 15:20:00+00:00,709.95
2026-04-22 15:21:00+00:00,710.075
2026-04-22 15:22:00+00:00,710.22
2026-04-22 15:23:00+00:00,710.33
2026-04-22 15:24:00+00:00,710.18
2026-04-22 15:25:00+00:00,710.02
2026-04-22 15:26:00+00:00,709.97
2026-04-22 15:27:00+00:00,709.915
2026-04-22 15:28:00+00:00,710.13
2026-04-22 15:29:00+00:00,710.17
2026-04-22 15:30:00+00:00,710.44
2026-04-22 15:31:00+00:00,710.17
2026-04-22 15:32:00+00:00,710.11
2026-04-22 15:33:00+00:00,710.115
2026-04-22 15:34:00+00:00,710.15
2026-04-22 15:35:00+00:00,709.96
2026-04-22 15:36:00+00:00,709.85
2026-04-22 15:37:00+00:00,710.02
2026-04-22 15:38:00+00:00,709.84
2026-04-22 15:39:00+00:00,709.75
2026-04-22 15:40:00+00:00,709.84
2026-04-22 15:41:00+00:00,709.92
2026-04-22 15:42:00+00:00,709.66
2026-04-22 15:43:00+00:00,709.46
2026-04-22 15:44:00+00:00,709.28
2026-04-22 15:45:00+00:00,709.36
2026-04-22 15:46:00+00:00,709.54
2026-04-22 15:47:00+00:00,709.63
2026-04-22 15:48:00+00:00,709.865
2026-04-22 15:49:00+00:00,709.76
2026-04-22 15:50:00+00:00,709.63
2026-04-22 15:51:00+00:00,709.665
2026-04-22 15:52:00+00:00,709.52
2026-04-22 15:53:00+00:00,709.66
2026-04-22 15:54:00+00:00,709.58
2026-04-22 15:55:00+00:00,709.88
2026-04-22 15:56:00+00:00,710.01
2026-04-22 15:57:00+00:00,709.88
2026-04-22 15:58:00+00:00,709.78
2026-04-22 15:59:00+00:00,709.6
2026-04-22 16:00:00+00:00,709.61
2026-04-22 16:01:00+00:00,709.47
2026-04-22 16:02:00+00:00,709.53
2026-04-22 16:03:00+00:00,709.72
2026-04-22 16:04:00+00:00,709.89
2026-04-22 16:05:00+00:00,710.0
2026-04-22 16:06:00+00:00,710.02
2026-04-22 16:07:00+00:00,709.89
2026-04-22 16:08:00+00:00,709.84
2026-04-22 16:09:00+00:00,709.98
2026-04-22 16:10:00+00:00,709.87
2026-04-22 16:11:00+00:00,709.785
2026-04-22 16:12:00+00:00,709.7
2026-04-22 16:13:00+00:00,709.83
2026-04-22 16:14:00+00:00,709.94
2026-04-22 16:15:00+00:00,709.96
2026-04-22 16:16:00+00:00,709.815
2026-04-22 16:17:00+00:00,709.87
2026-04-22 16:18:00+00:00,709.69
2026-04-22 16:19:00+00:00,709.46
2026-04-22 16:20:00+00:00,709.59
2026-04-22 16:21:00+00:00,709.74
2026-04-22 16:22:00+00:00,709.73
2026-04-22 16:23:00+00:00,709.73
2026-04-22 16:24:00+00:00,709.545
2026-04-22 16:25:00+00:00,709.515
2026-04-22 16:26:00+00:00,709.44
2026-04-22 16:27:00+00:00,709.47
2026-04-22 16:28:00+00:00,709.505
2026-04-22 16:29:00+00:00,709.15
2026-04-22 16:30:00+00:00,709.02
2026-04-22 16:31:00+00:00,709.14
2026-04-22 16:32:00+00:00,709.22
2026-04-22 16:33:00+00:00,709.215
2026-04-22 16:34:00+00:00,709.22
2026-04-22 16:35:00+00:00,709.19
2026-04-22 16:36:00+00:00,709.18
2026-04-22 16:37:00+00:00,709.32
2026-04-22 16:38:00+00:00,709.28
2026-04-22 16:39:00+00:00,709.55
2026-04-22 16:40:00+00:00,709.58
2026-04-22 16:41:00+00:00,709.64
2026-04-22 16:42:00+00:00,709.05
2026-04-22 16:43:00+00:00,709.07
2026-04-22 16:44:00+00:00,709.15
2026-04-22 16:45:00+00:00,708.98
2026-04-22 16:46:00+00:00,709.155
2026-04-22 16:47:00+00:00,709.24
2026-04-22 16:48:00+00:00,709.23
2026-04-22 16:49:00+00:00,709.37
2026-04-22 16:50:00+00:00,709.195
2026-04-22 16:51:00+00:00,709.19
2026-04-22 16:52:00+00:00,709.15
2026-04-22 16:53:00+00:00,709.27
2026-04-22 16:54:00+00:00,709.265
2026-04-22 16:55:00+00:00,709.15
2026-04-22 16:56:00+00:00,709.02
2026-04-22 16:57:00+00:00,709.1
2026-04-22 16:58:00+00:00,708.88
2026-04-22 16:59:00+00:00,708.96
2026-04-22 17:00:00+00:00,709.11
2026-04-22 17:01:00+00:00,709.69
2026-04-22 17:02:00+00:00,709.4
2026-04-22 17:03:00+00:00,709.58
2026-04-22 17:04:00+00:00,709.6
2026-04-22 17:05:00+00:00,709.59
2026-04-22 17:06:00+00:00,709.52
2026-04-22 17:07:00+00:00,709.49
2026-04-22 17:08:00+00:00,709.52
2026-04-22 17:09:00+00:00,709.79
2026-04-22 17:10:00+00:00,710.16
2026-04-22 17:11:00+00:00,710.16
2026-04-22 17:12:00+00:00,710.16
2026-04-22 17:13:00+00:00,709.96
2026-04-22 17:14:00+00:00,709.92
2026-04-22 17:15:00+00:00,710.06
2026-04-22 17:16:00+00:00,709.89
2026-04-22 17:17:00+00:00,709.99
2026-04-22 17:18:00+00:00,709.67
2026-04-22 17:19:00+00:00,709.7
2026-04-22 17:20:00+00:00,709.89
2026-04-22 17:21:00+00:00,710.13
2026-04-22 17:22:00+00:00,710.32
2026-04-22 17:23:00+00:00,710.17
2026-04-22 17:24:00+00:00,710.13
2026-04-22 17:25:00+00:00,710.21
2026-04-22 17:26:00+00:00,710.19
2026-04-22 17:27:00+00:00,710.23
2026-04-22 17:28:00+00:00,710.12
2026-04-22 17:29:00+00:00,710.04
2026-04-22 17:30:00+00:00,710.26
2026-04-22 17:31:00+00:00,710.22
2026-04-22 17:32:00+00:00,710.265
2026-04-22 17:33:00+00:00,710.215
2026-04-22 17:34:00+00:00,710.1
2026-04-22 17:35:00+00:00,710.13
2026-04-22 17:36:00+00:00,710.04
2026-04-22 17:37:00+00:00,710.0
2026-04-22 17:38:00+00:00,709.97
2026-04-22 17:39:00+00:00,710.07
2026-04-22 17:40:00+00:00,710.14
2026-04-22 17:41:00+00:00,710.1
2026-04-22 17:42:00+00:00,710.265
2026-04-22 17:43:00+00:00,710.28
2026-04-22 17:44:00+00:00,710.225
2026-04-22 17:45:00+00:00,710.01
2026-04-22 17:46:00+00:00,709.93
2026-04-22 17:47:00+00:00,710.06
2026-04-22 17:48:00+00:00,709.97
2026-04-22 17:49:00+00:00,710.15
2026-04-22 17:50:00+00:00,710.125
2026-04-22 17:51:00+00:00,710.2
2026-04-22 17:52:00+00:00,710.2
2026-04-22 17:53:00+00:00,710.13
2026-04-22 17:54:00+00:00,710.1
2026-04-22 17:55:00+00:00,710.11
2026-04-22 17:56:00+00:00,710.04
2026-04-22 17:57:00+00:00,710.055
2026-04-22 17:58:00+00:00,710.165
2026-04-22 17:59:00+00:00,710.03
2026-04-22 18:00:00+00:00,710.05
2026-04-22 18:01:00+00:00,710.0
2026-04-22 18:02:00+00:00,710.02
2026-04-22 18:03:00+00:00,710.125
2026-04-22 18:04:00+00:00,710.065
2026-04-22 18:05:00+00:00,710.155
2026-04-22 18:06:00+00:00,710.085
2026-04-22 18:07:00+00:00,710.07
2026-04-22 18:08:00+00:00,710.02
2026-04-22 18:09:00+00:00,709.935
2026-04-22 18:10:00+00:00,709.98
2026-04-22 18:11:00+00:00,709.925
2026-04-22 18:12:00+00:00,710.01
2026-04-22 18:13:00+00:00,710.025
2026-04-22 18:14:00+00:00,709.94
2026-04-22 18:15:00+00:00,709.84
2026-04-22 18:16:00+00:00,709.71
2026-04-22 18:17:00+00:00,709.665
2026-04-22 18:18:00+00:00,709.785
2026-04-22 18:19:00+00:00,709.67
2026-04-22 18:20:00+00:00,709.55
2026-04-22 18:21:00+00:00,709.42
2026-04-22 18:22:00+00:00,709.315
2026-04-22 18:23:00+00:00,709.245
2026-04-22 18:24:00+00:00,709.42
2026-04-22 18:25:00+00:00,709.54
2026-04-22 18:26:00+00:00,709.465
2026-04-22 18:27:00+00:00,709.45
2026-04-22 18:28:00+00:00,709.52
2026-04-22 18:29:00+00:00,709.455
2026-04-22 18:30:00+00:00,709.55
2026-04-22 18:31:00+00:00,709.7
2026-04-22 18:32:00+00:00,709.72
2026-04-22 18:33:00+00:00,709.78
2026-04-22 18:34:00+00:00,709.655
2026-04-22 18:35:00+00:00,709.81
2026-04-22 18:36:00+00:00,709.785
2026-04-22 18:37:00+00:00,709.825
2026-04-22 18:38:00+00:00,709.85
2026-04-22 18:39:00+00:00,709.84
2026-04-22 18:40:00+00:00,709.89
2026-04-22 18:41:00+00:00,709.87
2026-04-22 18:42:00+00:00,709.83
2026-04-22 18:43:00+00:00,709.86
2026-04-22 18:44:00+00:00,709.89
2026-04-22 18:45:00+00:00,709.91
2026-04-22 18:46:00+00:00,709.95
2026-04-22 18:47:00+00:00,709.97
2026-04-22 18:48:00+00:00,709.94
2026-04-22 18:49:00+00:00,709.96
2026-04-22 18:50:00+00:00,709.97
2026-04-22 18:51:00+00:00,710.01
2026-04-22 18:52:00+00:00,710.0
2026-04-22 18:53:00+00:00,709.87
2026-04-22 18:54:00+00:00,709.88
2026-04-22 18:55:00+00:00,709.65
2026-04-22 18:56:00+00:00,709.56
2026-04-22 18:57:00+00:00,709.58
2026-04-22 18:58:00+00:00,709.71
2026-04-22 18:59:00+00:00,709.66
2026-04-22 19:00:00+00:00,709.38
2026-04-22 19:01:00+00:00,709.47
2026-04-22 19:02:00+00:00,709.58
2026-04-22 19:03:00+00:00,709.515
2026-04-22 19:04:00+00:00,709.53
2026-04-22 19:05:00+00:00,709.575
2026-04-22 19:06:00+00:00,709.66
2026-04-22 19:07:00+00:00,709.81
2026-04-22 19:08:00+00:00,709.78
2026-04-22 19:09:00+00:00,709.91
2026-04-22 19:10:00+00:00,709.79
2026-04-22 19:11:00+00:00,709.915
2026-04-22 19:12:00+00:00,709.83
2026-04-22 19:13:00+00:00,709.965
2026-04-22 19:14:00+00:00,709.96
2026-04-22 19:15:00+00:00,710.01
2026-04-22 19:16:00+00:00,710.045
2026-04-22 19:17:00+00:00,710.08
2026-04-22 19:18:00+00:00,710.165
2026-04-22 19:19:00+00:00,710.37
2026-04-22 19:20:00+00:00,710.315
2026-04-22 19:21:00+00:00,710.4
2026-04-22 19:22:00+00:00,710.22
2026-04-22 19:23:00+00:00,710.28
2026-04-22 19:24:00+00:00,710.27
2026-04-22 19:25:00+00:00,710.55
2026-04-22 19:26:00+00:00,710.47
2026-04-22 19:27:00+00:00,710.51
2026-04-22 19:28:00+00:00,710.51
2026-04-22 19:29:00+00:00,710.455
2026-04-22 19:30:00+00:00,710.47
2026-04-22 19:31:00+00:00,710.56
2026-04-22 19:32:00+00:00,710.41
2026-04-22 19:33:00+00:00,710.29
2026-04-22 19:34:00+00:00,710.27
2026-04-22 19:35:00+00:00,710.2
2026-04-22 19:36:00+00:00,710.23
2026-04-22 19:37:00+00:00,710.44
2026-04-22 19:38:00+00:00,710.5
2026-04-22 19:39:00+00:00,710.42
2026-04-22 19:40:00+00:00,710.47
2026-04-22 19:41:00+00:00,710.48
2026-04-22 19:42:00+00:00,710.38
2026-04-22 19:43:00+00:00,710.425
2026-04-22 19:44:00+00:00,710.45
2026-04-22 19:45:00+00:00,710.41
2026-04-22 19:46:00+00:00,710.47
2026-04-22 19:47:00+00:00,710.575
2026-04-22 19:48:00+00:00,710.585
2026-04-22 19:49:00+00:00,710.715
2026-04-22 19:50:00+00:00,710.92
2026-04-22 19:51:00+00:00,710.91
2026-04-22 19:52:00+00:00,710.77
2026-04-22 19:53:00+00:00,710.975
2026-04-22 19:54:00+00:00,711.06
2026-04-22 19:55:00+00:00,711.015
2026-04-22 19:56:00+00:00,711.14
2026-04-22 19:57:00+00:00,711.19
2026-04-22 19:58:00+00:00,711.27
2026-04-22 19:59:00+00:00,711.2
2026-04-22 20:03:00+00:00,711.23
2026-04-22 20:04:00+00:00,711.25
2026-04-22 20:12:00+00:00,710.7
2026-04-22 20:13:00+00:00,710.6
2026-04-22 20:14:00+00:00,710.66
2026-04-22 20:22:00+00:00,710.35
2026-04-22 20:23:00+00:00,710.4
2026-04-22 20:24:00+00:00,710.42
2026-04-22 20:25:00+00:00,710.42
2026-04-22 20:26:00+00:00,710.42
2026-04-23 12:04:00+00:00,710.27
2026-04-23 12:06:00+00:00,711.03
2026-04-23 12:07:00+00:00,710.83
2026-04-23 12:08:00+00:00,710.82
2026-04-23 12:11:00+00:00,711.11
2026-04-23 12:17:00+00:00,710.43
2026-04-23 12:22:00+00:00,709.95
2026-04-23 12:57:00+00:00,709.32
2026-04-23 13:30:00+00:00,709.625
2026-04-23 13:31:00+00:00,709.91
2026-04-23 13:32:00+00:00,709.94
2026-04-23 13:33:00+00:00,709.74
2026-04-23 13:34:00+00:00,709.495
2026-04-23 13:35:00+00:00,709.77
2026-04-23 13:36:00+00:00,710.08
2026-04-23 13:37:00+00:00,709.955
2026-04-23 13:38:00+00:00,710.11
2026-04-23 13:39:00+00:00,710.27
2026-04-23 13:40:00+00:00,710.39
2026-04-23 13:41:00+00:00,710.45
2026-04-23 13:42:00+00:00,710.48
2026-04-23 13:43:00+00:00,710.55
2026-04-23 13:44:00+00:00,710.57
2026-04-23 13:45:00+00:00,710.57
2026-04-23 13:46:00+00:00,710.78
2026-04-23 13:47:00+00:00,710.94
2026-04-23 13:48:00+00:00,711.05
2026-04-23 13:49:00+00:00,710.99
2026-04-23 13:50:00+00:00,710.43
2026-04-23 13:51:00+00:00,710.8
2026-04-23 13:52:00+00:00,710.775
2026-04-23 13:53:00+00:00,710.76
2026-04-23 13:54:00+00:00,710.6
2026-04-23 13:55:00+00:00,710.37
2026-04-23 13:56:00+00:00,710.49
2026-04-23 13:57:00+00:00,710.47
2026-04-23 13:58:00+00:00,710.34
2026-04-23 13:59:00+00:00,710.205
2026-04-23 14:00:00+00:00,709.58
2026-04-23 14:01:00+00:00,709.63
2026-04-23 14:02:00+00:00,709.855
2026-04-23 14:03:00+00:00,710.03
2026-04-23 14:04:00+00:00,710.03
2026-04-23 14:05:00+00:00,710.2
2026-04-23 14:06:00+00:00,709.87
2026-04-23 14:07:00+00:00,709.87
2026-04-23 14:08:00+00:00,710.185
2026-04-23 14:09:00+00:00,710.28
2026-04-23 14:10:00+00:00,710.12
2026-04-23 14:11:00+00:00,710.21
2026-04-23 14:12:00+00:00,710.11
2026-04-23 14:13:00+00:00,710.15
2026-04-23 14:14:00+00:00,710.09
2026-04-23 14:15:00+00:00,710.48
2026-04-23 14:16:00+00:00,710.46
2026-04-23 14:17:00+00:00,710.55
2026-04-23 14:18:00+00:00,710.275
2026-04-23 14:19:00+00:00,710.14
2026-04-23 14:20:00+00:00,710.44
2026-04-23 14:21:00+00:00,710.37
2026-04-23 14:22:00+00:00,710.23
2026-04-23 14:23:00+00:00,710.62
2026-04-23 14:24:00+00:00,710.84
2026-04-23 14:25:00+00:00,710.76
2026-04-23 14:26:00+00:00,710.77
2026-04-23 14:27:00+00:00,710.62
2026-04-23 14:28:00+00:00,710.46
2026-04-23 14:29:00+00:00,710.51
2026-04-23 14:30:00+00:00,710.8
2026-04-23 14:31:00+00:00,710.94
2026-04-23 14:32:00+00:00,710.93
2026-04-23 14:33:00+00:00,710.9
2026-04-23 14:34:00+00:00,710.76
2026-04-23 14:35:00+00:00,710.79
2026-04-23 14:36:00+00:00,710.84
2026-04-23 14:37:00+00:00,710.985
2026-04-23 14:38:00+00:00,710.56
2026-04-23 14:39:00+00:00,710.68
2026-04-23 14:40:00+00:00,710.68
2026-04-23 14:41:00+00:00,710.8
2026-04-23 14:42:00+00:00,710.61
2026-04-23 14:43:00+00:00,710.93
2026-04-23 14:44:00+00:00,710.93
2026-04-23 14:45:00+00:00,711.21
2026-04-23 14:46:00+00:00,710.99
2026-04-23 14:47:00+00:00,711.01
2026-04-23 14:48:00+00:00,711.11
2026-04-23 14:49:00+00:00,711.1
2026-04-23 14:50:00+00:00,711.17
2026-04-23 14:51:00+00:00,711.19
2026-04-23 14:52:00+00:00,711.4
2026-04-23 14:53:00+00:00,711.42
2026-04-23 14:54:00+00:00,711.45
2026-04-23 14:55:00+00:00,711.67
2026-04-23 14:56:00+00:00,711.75
2026-04-23 14:57:00+00:00,712.03
2026-04-23 14:58:00+00:00,711.87
2026-04-23 14:59:00+00:00,711.75
2026-04-23 15:00:00+00:00,711.91
2026-04-23 15:01:00+00:00,711.83
2026-04-23 15:02:00+00:00,711.84
2026-04-23 15:03:00+00:00,711.815
2026-04-23 15:04:00+00:00,711.69
2026-04-23 15:05:00+00:00,711.725
2026-04-23 15:06:00+00:00,711.66
2026-04-23 15:07:00+00:00,711.54
2026-04-23 15:08:00+00:00,711.48
2026-04-23 15:09:00+00:00,711.74
2026-04-23 15:10:00+00:00,711.855
2026-04-23 15:11:00+00:00,711.85
2026-04-23 15:12:00+00:00,711.825
2026-04-23 15:13:00+00:00,711.78
2026-04-23 15:14:00+00:00,711.64
2026-04-23 15:15:00+00:00,711.65
2026-04-23 15:16:00+00:00,711.85
2026-04-23 15:17:00+00:00,712.06
2026-04-23 15:18:00+00:00,712.1
2026-04-23 15:19:00+00:00,712.055
2026-04-23 15:20:00+00:00,712.0
2026-04-23 15:21:00+00:00,712.0
2026-04-23 15:22:00+00:00,711.95
2026-04-23 15:23:00+00:00,712.165
2026-04-23 15:24:00+00:00,712.15
2026-04-23 15:25:00+00:00,712.19
2026-04-23 15:26:00+00:00,712.185
2026-04-23 15:27:00+00:00,712.26
2026-04-23 15:28:00+00:00,712.125
2026-04-23 15:29:00+00:00,711.99
2026-04-23 15:30:00+00:00,711.98
2026-04-23 15:31:00+00:00,712.21
2026-04-23 15:32:00+00:00,712.265
2026-04-23 15:33:00+00:00,712.345
2026-04-23 15:34:00+00:00,712.18
2026-04-23 15:35:00+00:00,712.045
2026-04-23 15:36:00+00:00,712.015
2026-04-23 15:37:00+00:00,712.02
2026-04-23 15:38:00+00:00,711.9
2026-04-23 15:39:00+00:00,711.805
2026-04-23 15:40:00+00:00,711.83
2026-04-23 15:41:00+00:00,711.965
2026-04-23 15:42:00+00:00,711.83
2026-04-23 15:43:00+00:00,711.67
2026-04-23 15:44:00+00:00,711.57
2026-04-23 15:45:00+00:00,711.15
2026-04-23 15:46:00+00:00,711.005
2026-04-23 15:47:00+00:00,711.27
2026-04-23 15:48:00+00:00,711.175
2026-04-23 15:49:00+00:00,711.24
2026-04-23 15:50:00+00:00,711.0
2026-04-23 15:51:00+00:00,710.93
2026-04-23 15:52:00+00:00,710.92
2026-04-23 15:53:00+00:00,710.88
2026-04-23 15:54:00+00:00,710.77
2026-04-23 15:55:00+00:00,711.11
2026-04-23 15:56:00+00:00,711.365
2026-04-23 15:57:00+00:00,710.985
2026-04-23 15:58:00+00:00,711.09
2026-04-23 15:59:00+00:00,711.06
2026-04-23 16:00:00+00:00,711.03
2026-04-23 16:01:00+00:00,711.115
2026-04-23 16:02:00+00:00,710.88
2026-04-23 16:03:00+00:00,710.69
2026-04-23 16:04:00+00:00,710.42
2026-04-23 16:05:00+00:00,710.465
2026-04-23 16:06:00+00:00,710.63
2026-04-23 16:07:00+00:00,710.56
2026-04-23 16:08:00+00:00,710.4
2026-04-23 16:09:00+00:00,710.47
2026-04-23 16:10:00+00:00,710.67
2026-04-23 16:11:00+00:00,710.52
2026-04-23 16:12:00+00:00,710.86
2026-04-23 16:13:00+00:00,710.92
2026-04-23 16:14:00+00:00,710.9
2026-04-23 16:15:00+00:00,710.985
2026-04-23 16:16:00+00:00,710.95
2026-04-23 16:17:00+00:00,710.855
2026-04-23 16:18:00+00:00,710.96
2026-04-23 16:19:00+00:00,710.94
2026-04-23 16:20:00+00:00,710.74
2026-04-23 16:21:00+00:00,710.635
2026-04-23 16:22:00+00:00,710.52
2026-04-23 16:23:00+00:00,710.62
2026-04-23 16:24:00+00:00,710.81
2026-04-23 16:25:00+00:00,710.94
2026-04-23 16:26:00+00:00,710.96
2026-04-23 16:27:00+00:00,710.89
2026-04-23 16:28:00+00:00,710.81
2026-04-23 16:29:00+00:00,710.74
2026-04-23 16:30:00+00:00,710.68
2026-04-23 16:31:00+00:00,710.78
2026-04-23 16:32:00+00:00,710.805
2026-04-23 16:33:00+00:00,710.95
2026-04-23 16:34:00+00:00,711.03
2026-04-23 16:35:00+00:00,711.12
2026-04-23 16:36:00+00:00,711.15
2026-04-23 16:37:00+00:00,710.87
2026-04-23 16:38:00+00:00,710.97
2026-04-23 16:39:00+00:00,710.85
2026-04-23 16:40:00+00:00,710.81
2026-04-23 16:41:00+00:00,710.79
2026-04-23 16:42:00+00:00,710.81
2026-04-23 16:43:00+00:00,710.88
2026-04-23 16:44:00+00:00,710.97
2026-04-23 16:45:00+00:00,711.1
2026-04-23 16:46:00+00:00,710.99
2026-04-23 16:47:00+00:00,710.84
2026-04-23 16:48:00+00:00,710.86
2026-04-23 16:49:00+00:00,710.89
2026-04-23 16:50:00+00:00,710.84
2026-04-23 16:51:00+00:00,710.97
2026-04-23 16:52:00+00:00,710.92
2026-04-23 16:53:00+00:00,711.0
2026-04-23 16:54:00+00:00,710.91
2026-04-23 16:55:00+00:00,711.01
2026-04-23 16:56:00+00:00,711.13
2026-04-23 16:57:00+00:00,711.165
2026-04-23 16:58:00+00:00,710.84
2026-04-23 16:59:00+00:00,710.88
2026-04-23 17:00:00+00:00,710.99
2026-04-23 17:01:00+00:00,709.6
2026-04-23 17:02:00+00:00,709.865
2026-04-23 17:03:00+00:00,709.65
2026-04-23 17:04:00+00:00,709.26
2026-04-23 17:05:00+00:00,708.94
2026-04-23 17:06:00+00:00,709.01
2026-04-23 17:07:00+00:00,708.74
2026-04-23 17:08:00+00:00,708.48
2026-04-23 17:09:00+00:00,707.96
2026-04-23 17:10:00+00:00,708.06
2026-04-23 17:11:00+00:00,707.77
2026-04-23 17:12:00+00:00,707.56
2026-04-23 17:13:00+00:00,707.49
2026-04-23 17:14:00+00:00,707.72
2026-04-23 17:15:00+00:00,707.19
2026-04-23 17:16:00+00:00,706.925
2026-04-23 17:17:00+00:00,706.87
2026-04-23 17:18:00+00:00,706.785
2026-04-23 17:19:00+00:00,706.52
2026-04-23 17:20:00+00:00,706.51
2026-04-23 17:21:00+00:00,706.58
2026-04-23 17:22:00+00:00,706.195
2026-04-23 17:23:00+00:00,706.43
2026-04-23 17:24:00+00:00,706.215
2026-04-23 17:25:00+00:00,706.24
2026-04-23 17:26:00+00:00,707.15
2026-04-23 17:27:00+00:00,706.79
2026-04-23 17:28:00+00:00,706.23
2026-04-23 17:29:00+00:00,706.1
2026-04-23 17:30:00+00:00,706.36
2026-04-23 17:31:00+00:00,706.215
2026-04-23 17:32:00+00:00,706.47
2026-04-23 17:33:00+00:00,706.63
2026-04-23 17:34:00+00:00,707.33
2026-04-23 17:35:00+00:00,707.12
2026-04-23 17:36:00+00:00,705.98
2026-04-23 17:37:00+00:00,705.95
2026-04-23 17:38:00+00:00,705.87
2026-04-23 17:39:00+00:00,705.82
2026-04-23 17:40:00+00:00,705.11
2026-04-23 17:41:00+00:00,704.4
2026-04-23 17:42:00+00:00,704.22
2026-04-23 17:43:00+00:00,703.85
2026-04-23 17:44:00+00:00,703.745
2026-04-23 17:45:00+00:00,703.405
2026-04-23 17:46:00+00:00,702.6
2026-04-23 17:47:00+00:00,703.97
2026-04-23 17:48:00+00:00,703.63
2026-04-23 17:49:00+00:00,703.49
2026-04-23 17:50:00+00:00,703.52
2026-04-23 17:51:00+00:00,703.42
2026-04-23 17:52:00+00:00,703.29
2026-04-23 17:53:00+00:00,705.37
2026-04-23 17:54:00+00:00,705.63
2026-04-23 17:55:00+00:00,706.57
2026-04-23 17:56:00+00:00,706.21
2026-04-23 17:57:00+00:00,706.02
2026-04-23 17:58:00+00:00,706.49
2026-04-23 17:59:00+00:00,706.71
2026-04-23 18:00:00+00:00,706.49
2026-04-23 18:01:00+00:00,707.21
2026-04-23 18:02:00+00:00,707.35
2026-04-23 18:03:00+00:00,707.26
2026-04-23 18:04:00+00:00,707.28
2026-04-23 18:05:00+00:00,707.48
2026-04-23 18:06:00+00:00,707.59
2026-04-23 18:07:00+00:00,707.82
2026-04-23 18:08:00+00:00,707.52
2026-04-23 18:09:00+00:00,707.32
2026-04-23 18:10:00+00:00,707.955
2026-04-23 18:11:00+00:00,707.55
2026-04-23 18:12:00+00:00,707.37
2026-04-23 18:13:00+00:00,707.66
2026-04-23 18:14:00+00:00,707.93
2026-04-23 18:15:00+00:00,707.915
2026-04-23 18:16:00+00:00,707.99
2026-04-23 18:17:00+00:00,707.88
2026-04-23 18:18:00+00:00,708.14
2026-04-23 18:19:00+00:00,708.12
2026-04-23 18:20:00+00:00,708.22
2026-04-23 18:21:00+00:00,707.89
2026-04-23 18:22:00+00:00,708.04
2026-04-23 18:23:00+00:00,708.28
2026-04-23 18:24:00+00:00,708.33
2026-04-23 18:25:00+00:00,708.22
2026-04-23 18:26:00+00:00,708.14
2026-04-23 18:27:00+00:00,708.16
2026-04-23 18:28:00+00:00,708.41
2026-04-23 18:29:00+00:00,708.515
2026-04-23 18:30:00+00:00,708.77
2026-04-23 18:31:00+00:00,708.91
2026-04-23 18:32:00+00:00,708.935
2026-04-23 18:33:00+00:00,709.05
2026-04-23 18:34:00+00:00,709.08
2026-04-23 18:35:00+00:00,709.34
2026-04-23 18:36:00+00:00,709.29
2026-04-23 18:37:00+00:00,709.44
2026-04-23 18:38:00+00:00,709.04
2026-04-23 18:39:00+00:00,708.92
2026-04-23 18:40:00+00:00,708.87
2026-04-23 18:41:00+00:00,708.79
2026-04-23 18:42:00+00:00,708.38
2026-04-23 18:43:00+00:00,708.44
2026-04-23 18:44:00+00:00,708.67
2026-04-23 18:45:00+00:00,708.57
2026-04-23 18:46:00+00:00,708.38
2026-04-23 18:47:00+00:00,708.44
2026-04-23 18:48:00+00:00,708.44
2026-04-23 18:49:00+00:00,708.07
2026-04-23 18:50:00+00:00,708.02
2026-04-23 18:51:00+00:00,708.02
2026-04-23 18:52:00+00:00,708.35
2026-04-23 18:53:00+00:00,708.225
2026-04-23 18:54:00+00:00,708.14
2026-04-23 18:55:00+00:00,708.11
2026-04-23 18:56:00+00:00,707.89
2026-04-23 18:57:00+00:00,707.805
2026-04-23 18:58:00+00:00,707.57
2026-04-23 18:59:00+00:00,707.14
2026-04-23 19:00:00+00:00,707.28
2026-04-23 19:01:00+00:00,707.26
2026-04-23 19:02:00+00:00,707.12
2026-04-23 19:03:00+00:00,707.21
2026-04-23 19:04:00+00:00,707.2
2026-04-23 19:05:00+00:00,707.68
2026-04-23 19:06:00+00:00,707.81
2026-04-23 19:07:00+00:00,708.0
2026-04-23 19:08:00+00:00,707.99
2026-04-23 19:09:00+00:00,707.92
2026-04-23 19:10:00+00:00,707.8
2026-04-23 19:11:00+00:00,708.03
2026-04-23 19:12:00+00:00,707.86
2026-04-23 19:13:00+00:00,708.01
2026-04-23 19:14:00+00:00,708.22
2026-04-23 19:15:00+00:00,708.3
2026-04-23 19:16:00+00:00,708.6
2026-04-23 19:17:00+00:00,708.44
2026-04-23 19:18:00+00:00,708.39
2026-04-23 19:19:00+00:00,708.48
2026-04-23 19:20:00+00:00,708.49
2026-04-23 19:21:00+00:00,708.285
2026-04-23 19:22:00+00:00,708.305
2026-04-23 19:23:00+00:00,708.3
2026-04-23 19:24:00+00:00,708.39
2026-04-23 19:25:00+00:00,708.4
2026-04-23 19:26:00+00:00,708.51
2026-04-23 19:27:00+00:00,708.285
2026-04-23 19:28:00+00:00,708.45
2026-04-23 19:29:00+00:00,708.4
2026-04-23 19:30:00+00:00,708.53
2026-04-23 19:31:00+00:00,708.73
2026-04-23 19:32:00+00:00,708.76
2026-04-23 19:33:00+00:00,708.51
2026-04-23 19:34:00+00:00,707.97
2026-04-23 19:35:00+00:00,707.56
2026-04-23 19:36:00+00:00,707.54
2026-04-23 19:37:00+00:00,707.46
2026-04-23 19:38:00+00:00,707.76
2026-04-23 19:39:00+00:00,707.57
2026-04-23 19:40:00+00:00,707.93
2026-04-23 19:41:00+00:00,707.93
2026-04-23 19:42:00+00:00,707.81
2026-04-23 19:43:00+00:00,707.46
2026-04-23 19:44:00+00:00,707.375
2026-04-23 19:45:00+00:00,707.6
2026-04-23 19:46:00+00:00,707.62
2026-04-23 19:47:00+00:00,707.655
2026-04-23 19:48:00+00:00,707.78
2026-04-23 19:49:00+00:00,707.96
2026-04-23 19:50:00+00:00,707.61
2026-04-23 19:51:00+00:00,707.75
2026-04-23 19:52:00+00:00,707.975
2026-04-23 19:53:00+00:00,708.03
2026-04-23 19:54:00+00:00,708.02
2026-04-23 19:55:00+00:00,708.07
2026-04-23 19:56:00+00:00,708.22
2026-04-23 19:57:00+00:00,708.505
2026-04-23 19:58:00+00:00,708.71
2026-04-23 19:59:00+00:00,708.41
2026-04-24 12:06:00+00:00,711.47
2026-04-24 12:10:00+00:00,711.83
2026-04-24 12:11:00+00:00,711.83
2026-04-24 12:14:00+00:00,711.94
2026-04-24 12:19:00+00:00,711.81
2026-04-24 12:20:00+00:00,711.78
2026-04-24 12:22:00+00:00,711.8
2026-04-24 12:23:00+00:00,711.95
2026-04-24 12:58:00+00:00,710.64
2026-04-24 13:21:00+00:00,711.34
2026-04-24 13:23:00+00:00,711.21
2026-04-24 13:30:00+00:00,710.27
2026-04-24 13:31:00+00:00,709.955
2026-04-24 13:32:00+00:00,709.925
2026-04-24 13:33:00+00:00,710.16
2026-04-24 13:34:00+00:00,709.855
2026-04-24 13:35:00+00:00,709.56
2026-04-24 13:36:00+00:00,709.83
2026-04-24 13:37:00+00:00,710.12
2026-04-24 13:38:00+00:00,710.3
2026-04-24 13:39:00+00:00,710.27
2026-04-24 13:40:00+00:00,710.355
2026-04-24 13:41:00+00:00,710.06
2026-04-24 13:42:00+00:00,710.25
2026-04-24 13:43:00+00:00,710.04
2026-04-24 13:44:00+00:00,709.91
2026-04-24 13:45:00+00:00,710.06
2026-04-24 13:46:00+00:00,709.94
2026-04-24 13:47:00+00:00,709.965
2026-04-24 13:48:00+00:00,710.115
2026-04-24 13:49:00+00:00,710.21
2026-04-24 13:50:00+00:00,710.23
2026-04-24 13:51:00+00:00,709.95
2026-04-24 13:52:00+00:00,710.03
2026-04-24 13:53:00+00:00,709.87
2026-04-24 13:54:00+00:00,709.46
2026-04-24 13:55:00+00:00,709.19
2026-04-24 13:56:00+00:00,709.16
2026-04-24 13:57:00+00:00,709.725
2026-04-24 13:58:00+00:00,709.78
2026-04-24 13:59:00+00:00,709.94
2026-04-24 14:00:00+00:00,709.44
2026-04-24 14:01:00+00:00,709.795
2026-04-24 14:02:00+00:00,709.395
2026-04-24 14:03:00+00:00,709.41
2026-04-24 14:04:00+00:00,709.745
2026-04-24 14:05:00+00:00,709.68
2026-04-24 14:06:00+00:00,709.765
2026-04-24 14:07:00+00:00,709.665
2026-04-24 14:08:00+00:00,709.8
2026-04-24 14:09:00+00:00,709.98
2026-04-24 14:10:00+00:00,709.76
2026-04-24 14:11:00+00:00,710.11
2026-04-24 14:12:00+00:00,710.555
2026-04-24 14:13:00+00:00,710.33
2026-04-24 14:14:00+00:00,710.05
2026-04-24 14:15:00+00:00,710.27
2026-04-24 14:16:00+00:00,710.47
2026-04-24 14:17:00+00:00,710.28
2026-04-24 14:18:00+00:00,710.03
2026-04-24 14:19:00+00:00,710.4
2026-04-24 14:20:00+00:00,710.59
2026-04-24 14:21:00+00:00,710.17
2026-04-24 14:22:00+00:00,710.345
2026-04-24 14:23:00+00:00,710.3
2026-04-24 14:24:00+00:00,710.4
2026-04-24 14:25:00+00:00,710.19
2026-04-24 14:26:00+00:00,709.785
2026-04-24 14:27:00+00:00,709.67
2026-04-24 14:28:00+00:00,709.995
2026-04-24 14:29:00+00:00,709.85
2026-04-24 14:30:00+00:00,709.78
2026-04-24 14:31:00+00:00,709.595
2026-04-24 14:32:00+00:00,709.79
2026-04-24 14:33:00+00:00,709.84
2026-04-24 14:34:00+00:00,710.1
2026-04-24 14:35:00+00:00,710.155
2026-04-24 14:36:00+00:00,710.285
2026-04-24 14:37:00+00:00,710.02
2026-04-24 14:38:00+00:00,710.68
2026-04-24 14:39:00+00:00,710.58
2026-04-24 14:40:00+00:00,710.7
2026-04-24 14:41:00+00:00,710.69
2026-04-24 14:42:00+00:00,710.625
2026-04-24 14:43:00+00:00,710.87
2026-04-24 14:44:00+00:00,710.92
2026-04-24 14:45:00+00:00,711.08
2026-04-24 14:46:00+00:00,711.37
2026-04-24 14:47:00+00:00,711.02
2026-04-24 14:48:00+00:00,710.9
2026-04-24 14:49:00+00:00,711.16
2026-04-24 14:50:00+00:00,711.165
2026-04-24 14:51:00+00:00,711.3
2026-04-24 14:52:00+00:00,711.23
2026-04-24 14:53:00+00:00,711.31
2026-04-24 14:54:00+00:00,711.125
2026-04-24 14:55:00+00:00,711.25
2026-04-24 14:56:00+00:00,711.43
2026-04-24 14:57:00+00:00,711.5
2026-04-24 14:58:00+00:00,711.37
2026-04-24 14:59:00+00:00,711.48
2026-04-24 15:00:00+00:00,711.53
2026-04-24 15:01:00+00:00,711.59
2026-04-24 15:02:00+00:00,711.43
2026-04-24 15:03:00+00:00,711.6
2026-04-24 15:04:00+00:00,711.48
2026-04-24 15:05:00+00:00,711.42
2026-04-24 15:06:00+00:00,711.22
2026-04-24 15:07:00+00:00,711.435
2026-04-24 15:08:00+00:00,711.48
2026-04-24 15:09:00+00:00,711.585
2026-04-24 15:10:00+00:00,711.65
2026-04-24 15:11:00+00:00,711.7
2026-04-24 15:12:00+00:00,711.805
2026-04-24 15:13:00+00:00,711.77
2026-04-24 15:14:00+00:00,711.76
2026-04-24 15:15:00+00:00,711.76
2026-04-24 15:16:00+00:00,711.645
2026-04-24 15:17:00+00:00,711.765
2026-04-24 15:18:00+00:00,711.62
2026-04-24 15:19:00+00:00,711.66
2026-04-24 15:20:00+00:00,711.755
2026-04-24 15:21:00+00:00,711.915
2026-04-24 15:22:00+00:00,711.935
2026-04-24 15:23:00+00:00,712.075
2026-04-24 15:24:00+00:00,712.04
2026-04-24 15:25:00+00:00,711.77
2026-04-24 15:26:00+00:00,711.77
2026-04-24 15:27:00+00:00,711.75
2026-04-24 15:28:00+00:00,711.89
2026-04-24 15:29:00+00:00,711.87
2026-04-24 15:30:00+00:00,711.95
2026-04-24 15:31:00+00:00,712.075
2026-04-24 15:32:00+00:00,711.91
2026-04-24 15:33:00+00:00,712.02
2026-04-24 15:34:00+00:00,711.955
2026-04-24 15:35:00+00:00,711.895
2026-04-24 15:36:00+00:00,711.79
2026-04-24 15:37:00+00:00,711.765
2026-04-24 15:38:00+00:00,711.76
2026-04-24 15:39:00+00:00,711.67
2026-04-24 15:40:00+00:00,711.885
2026-04-24 15:41:00+00:00,712.03
2026-04-24 15:42:00+00:00,711.99
2026-04-24 15:43:00+00:00,711.77
2026-04-24 15:44:00+00:00,713.24
2026-04-24 15:45:00+00:00,713.1
2026-04-24 15:46:00+00:00,713.06
2026-04-24 15:47:00+00:00,713.32
2026-04-24 15:48:00+00:00,713.03
2026-04-24 15:49:00+00:00,713.28
2026-04-24 15:50:00+00:00,713.905
2026-04-24 15:51:00+00:00,713.735
2026-04-24 15:52:00+00:00,713.895
2026-04-24 15:53:00+00:00,713.79
2026-04-24 15:54:00+00:00,713.935
2026-04-24 15:55:00+00:00,713.945
2026-04-24 15:56:00+00:00,713.95
2026-04-24 15:57:00+00:00,713.71
2026-04-24 15:58:00+00:00,713.64
2026-04-24 15:59:00+00:00,713.79
2026-04-24 16:00:00+00:00,713.85
2026-04-24 16:01:00+00:00,713.855
2026-04-24 16:02:00+00:00,713.855
2026-04-24 16:03:00+00:00,713.56
2026-04-24 16:04:00+00:00,713.84
2026-04-24 16:05:00+00:00,713.755
2026-04-24 16:06:00+00:00,713.79
2026-04-24 16:07:00+00:00,713.36
2026-04-24 16:08:00+00:00,713.16
2026-04-24 16:09:00+00:00,713.29
2026-04-24 16:10:00+00:00,713.445
2026-04-24 16:11:00+00:00,713.65
2026-04-24 16:12:00+00:00,713.58
2026-04-24 16:13:00+00:00,713.655
2026-04-24 16:14:00+00:00,713.37
2026-04-24 16:15:00+00:00,713.0
2026-04-24 16:16:00+00:00,713.32
2026-04-24 16:17:00+00:00,713.33
2026-04-24 16:18:00+00:00,713.33
2026-04-24 16:19:00+00:00,713.27
2026-04-24 16:20:00+00:00,713.43
2026-04-24 16:21:00+00:00,713.41
2026-04-24 16:22:00+00:00,713.26
2026-04-24 16:23:00+00:00,713.34
2026-04-24 16:24:00+00:00,713.415
2026-04-24 16:25:00+00:00,713.525
2026-04-24 16:26:00+00:00,713.47
2026-04-24 16:27:00+00:00,713.45
2026-04-24 16:28:00+00:00,713.445
2026-04-24 16:29:00+00:00,713.345
2026-04-24 16:30:00+00:00,713.61
2026-04-24 16:31:00+00:00,713.73
2026-04-24 16:32:00+00:00,713.69
2026-04-24 16:33:00+00:00,713.6
2026-04-24 16:34:00+00:00,713.68
2026-04-24 16:35:00+00:00,713.49
2026-04-24 16:36:00+00:00,713.41
2026-04-24 16:37:00+00:00,713.62
2026-04-24 16:38:00+00:00,713.51
2026-04-24 16:39:00+00:00,713.44
2026-04-24 16:40:00+00:00,713.4
2026-04-24 16:41:00+00:00,713.395
2026-04-24 16:42:00+00:00,713.085
2026-04-24 16:43:00+00:00,712.87
2026-04-24 16:44:00+00:00,713.155
2026-04-24 16:45:00+00:00,713.27
2026-04-24 16:46:00+00:00,713.21
2026-04-24 16:47:00+00:00,713.075
2026-04-24 16:48:00+00:00,713.165
2026-04-24 16:49:00+00:00,713.17
2026-04-24 16:50:00+00:00,713.285
2026-04-24 16:51:00+00:00,713.29
2026-04-24 16:52:00+00:00,713.445
2026-04-24 16:53:00+00:00,713.475
2026-04-24 16:54:00+00:00,713.41
2026-04-24 16:55:00+00:00,713.52
2026-04-24 16:56:00+00:00,713.52
2026-04-24 16:57:00+00:00,713.4
2026-04-24 16:58:00+00:00,713.65
2026-04-24 16:59:00+00:00,713.605
2026-04-24 17:00:00+00:00,713.65
2026-04-24 17:01:00+00:00,713.61
2026-04-24 17:02:00+00:00,713.62
2026-04-24 17:03:00+00:00,713.75
2026-04-24 17:04:00+00:00,713.63
2026-04-24 17:05:00+00:00,713.42
2026-04-24 17:06:00+00:00,713.53
2026-04-24 17:07:00+00:00,713.37
2026-04-24 17:08:00+00:00,713.37
2026-04-24 17:09:00+00:00,713.395
2026-04-24 17:10:00+00:00,713.49
2026-04-24 17:11:00+00:00,713.49
2026-04-24 17:12:00+00:00,713.42
2026-04-24 17:13:00+00:00,713.27
2026-04-24 17:14:00+00:00,713.345
2026-04-24 17:15:00+00:00,713.16
2026-04-24 17:16:00+00:00,713.13
2026-04-24 17:17:00+00:00,713.175
2026-04-24 17:18:00+00:00,713.14
2026-04-24 17:19:00+00:00,713.075
2026-04-24 17:20:00+00:00,713.02
2026-04-24 17:21:00+00:00,712.89
2026-04-24 17:22:00+00:00,712.81
2026-04-24 17:23:00+00:00,712.81
2026-04-24 17:24:00+00:00,713.1
2026-04-24 17:25:00+00:00,713.15
2026-04-24 17:26:00+00:00,713.23
2026-04-24 17:27:00+00:00,713.12
2026-04-24 17:28:00+00:00,713.07
2026-04-24 17:29:00+00:00,713.04
2026-04-24 17:30:00+00:00,712.84
2026-04-24 17:31:00+00:00,712.895
2026-04-24 17:32:00+00:00,712.925
2026-04-24 17:33:00+00:00,712.97
2026-04-24 17:34:00+00:00,713.105
2026-04-24 17:35:00+00:00,713.195
2026-04-24 17:36:00+00:00,713.505
2026-04-24 17:37:00+00:00,713.49
2026-04-24 17:38:00+00:00,713.33
2026-04-24 17:39:00+00:00,713.19
2026-04-24 17:40:00+00:00,713.31
2026-04-24 17:41:00+00:00,713.44
2026-04-24 17:42:00+00:00,713.37
2026-04-24 17:43:00+00:00,713.425
2026-04-24 17:44:00+00:00,713.52
2026-04-24 17:45:00+00:00,713.515
2026-04-24 17:46:00+00:00,713.56
2026-04-24 17:47:00+00:00,713.465
2026-04-24 17:48:00+00:00,713.54
2026-04-24 17:49:00+00:00,713.39
2026-04-24 17:50:00+00:00,713.48
2026-04-24 17:51:00+00:00,713.43
2026-04-24 17:52:00+00:00,713.5
2026-04-24 17:53:00+00:00,713.64
2026-04-24 17:54:00+00:00,713.9
2026-04-24 17:55:00+00:00,713.745
2026-04-24 17:56:00+00:00,713.735
2026-04-24 17:57:00+00:00,713.67
2026-04-24 17:58:00+00:00,713.7
2026-04-24 17:59:00+00:00,713.65
2026-04-24 18:00:00+00:00,713.53
2026-04-24 18:01:00+00:00,713.685
2026-04-24 18:02:00+00:00,713.71
2026-04-24 18:03:00+00:00,713.575
2026-04-24 18:04:00+00:00,713.59
2026-04-24 18:05:00+00:00,713.28
2026-04-24 18:06:00+00:00,713.38
2026-04-24 18:07:00+00:00,713.555
2026-04-24 18:08:00+00:00,713.73
2026-04-24 18:09:00+00:00,713.64
2026-04-24 18:10:00+00:00,713.635
2026-04-24 18:11:00+00:00,713.515
2026-04-24 18:12:00+00:00,713.43
2026-04-24 18:13:00+00:00,713.425
2026-04-24 18:14:00+00:00,713.48
2026-04-24 18:15:00+00:00,713.45
2026-04-24 18:16:00+00:00,713.2
2026-04-24 18:17:00+00:00,713.14
2026-04-24 18:18:00+00:00,713.24
2026-04-24 18:19:00+00:00,713.22
2026-04-24 18:20:00+00:00,713.09
2026-04-24 18:21:00+00:00,713.075
2026-04-24 18:22:00+00:00,712.97
2026-04-24 18:23:00+00:00,713.14
2026-04-24 18:24:00+00:00,713.23
2026-04-24 18:25:00+00:00,713.32
2026-04-24 18:26:00+00:00,713.36
2026-04-24 18:27:00+00:00,713.2
2026-04-24 18:28:00+00:00,713.04
2026-04-24 18:29:00+00:00,713.02
2026-04-24 18:30:00+00:00,713.06
2026-04-24 18:31:00+00:00,713.15
2026-04-24 18:32:00+00:00,713.335
2026-04-24 18:33:00+00:00,713.28
2026-04-24 18:34:00+00:00,713.45
2026-04-24 18:35:00+00:00,713.49
2026-04-24 18:36:00+00:00,713.45
2026-04-24 18:37:00+00:00,713.46
2026-04-24 18:38:00+00:00,713.55
2026-04-24 18:39:00+00:00,713.44
2026-04-24 18:40:00+00:00,713.58
2026-04-24 18:41:00+00:00,713.53
2026-04-24 18:42:00+00:00,713.39
2026-04-24 18:43:00+00:00,713.27
2026-04-24 18:44:00+00:00,713.355
2026-04-24 18:45:00+00:00,713.235
2026-04-24 18:46:00+00:00,713.245
2026-04-24 18:47:00+00:00,713.43
2026-04-24 18:48:00+00:00,713.38
2026-04-24 18:49:00+00:00,713.325
2026-04-24 18:50:00+00:00,713.315
2026-04-24 18:51:00+00:00,713.33
2026-04-24 18:52:00+00:00,713.4
2026-04-24 18:53:00+00:00,713.43
2026-04-24 18:54:00+00:00,713.35
2026-04-24 18:55:00+00:00,713.4
2026-04-24 18:56:00+00:00,713.435
2026-04-24 18:57:00+00:00,713.4
2026-04-24 18:58:00+00:00,713.52
2026-04-24 18:59:00+00:00,713.55
2026-04-24 19:00:00+00:00,713.685
2026-04-24 19:01:00+00:00,713.74
2026-04-24 19:02:00+00:00,713.8
2026-04-24 19:03:00+00:00,713.69
2026-04-24 19:04:00+00:00,713.735
2026-04-24 19:05:00+00:00,713.7
2026-04-24 19:06:00+00:00,713.81
2026-04-24 19:07:00+00:00,713.84
2026-04-24 19:08:00+00:00,713.99
2026-04-24 19:09:00+00:00,714.1
2026-04-24 19:10:00+00:00,714.14
2026-04-24 19:11:00+00:00,714.195
2026-04-24 19:12:00+00:00,714.315
2026-04-24 19:13:00+00:00,714.325
2026-04-24 19:14:00+00:00,714.21
2026-04-24 19:15:00+00:00,714.375
2026-04-24 19:16:00+00:00,714.37
2026-04-24 19:17:00+00:00,714.355
2026-04-24 19:18:00+00:00,714.23
2026-04-24 19:19:00+00:00,714.24
2026-04-24 19:20:00+00:00,714.17
2026-04-24 19:21:00+00:00,714.06
2026-04-24 19:22:00+00:00,714.095
2026-04-24 19:23:00+00:00,713.92
2026-04-24 19:24:00+00:00,713.81
2026-04-24 19:25:00+00:00,713.64
2026-04-24 19:26:00+00:00,713.61
2026-04-24 19:27:00+00:00,713.72
2026-04-24 19:28:00+00:00,713.76
2026-04-24 19:29:00+00:00,713.8
2026-04-24 19:30:00+00:00,713.59
2026-04-24 19:31:00+00:00,713.66
2026-04-24 19:32:00+00:00,713.74
2026-04-24 19:33:00+00:00,713.75
2026-04-24 19:34:00+00:00,713.68
2026-04-24 19:35:00+00:00,713.515
2026-04-24 19:36:00+00:00,713.59
2026-04-24 19:37:00+00:00,713.55
2026-04-24 19:38:00+00:00,713.585
2026-04-24 19:39:00+00:00,713.67
2026-04-24 19:40:00+00:00,713.79
2026-04-24 19:41:00+00:00,713.88
2026-04-24 19:42:00+00:00,713.835
2026-04-24 19:43:00+00:00,713.83
2026-04-24 19:44:00+00:00,713.8
2026-04-24 19:45:00+00:00,713.74
2026-04-24 19:46:00+00:00,713.61
2026-04-24 19:47:00+00:00,713.75
2026-04-24 19:48:00+00:00,713.77
2026-04-24 19:49:00+00:00,713.8
2026-04-24 19:50:00+00:00,713.77
2026-04-24 19:51:00+00:00,713.62
2026-04-24 19:52:00+00:00,713.57
2026-04-24 19:53:00+00:00,713.91
2026-04-24 19:54:00+00:00,714.1
2026-04-24 19:55:00+00:00,714.07
2026-04-24 19:56:00+00:00,714.105
2026-04-24 19:57:00+00:00,714.31
2026-04-24 19:58:00+00:00,714.225
2026-04-24 19:59:00+00:00,713.97
2026-04-24 20:00:00+00:00,713.96
2026-04-27 12:09:00+00:00,713.99
2026-04-27 12:22:00+00:00,714.03
2026-04-27 12:26:00+00:00,713.34
2026-04-27 12:30:00+00:00,713.36
2026-04-27 12:43:00+00:00,713.55
2026-04-27 12:49:00+00:00,713.71
2026-04-27 13:30:00+00:00,713.13
2026-04-27 13:31:00+00:00,713.87
2026-04-27 13:32:00+00:00,713.94
2026-04-27 13:33:00+00:00,714.065
2026-04-27 13:34:00+00:00,713.76
2026-04-27 13:35:00+00:00,714.04
2026-04-27 13:36:00+00:00,714.0
2026-04-27 13:37:00+00:00,714.045
2026-04-27 13:38:00+00:00,714.3
2026-04-27 13:39:00+00:00,714.34
2026-04-27 13:40:00+00:00,714.24
2026-04-27 13:41:00+00:00,714.25
2026-04-27 13:42:00+00:00,713.86
2026-04-27 13:43:00+00:00,713.805
2026-04-27 13:44:00+00:00,713.69
2026-04-27 13:45:00+00:00,713.43
2026-04-27 13:46:00+00:00,713.42
2026-04-27 13:47:00+00:00,713.05
2026-04-27 13:48:00+00:00,713.04
2026-04-27 13:49:00+00:00,712.835
2026-04-27 13:50:00+00:00,712.83
2026-04-27 13:51:00+00:00,712.92
2026-04-27 13:52:00+00:00,713.3
2026-04-27 13:53:00+00:00,713.64
2026-04-27 13:54:00+00:00,713.94
2026-04-27 13:55:00+00:00,713.985
2026-04-27 13:56:00+00:00,714.11
2026-04-27 13:57:00+00:00,714.1
2026-04-27 13:58:00+00:00,714.14
2026-04-27 13:59:00+00:00,714.095
2026-04-27 14:00:00+00:00,714.04
2026-04-27 14:01:00+00:00,714.15
2026-04-27 14:02:00+00:00,713.855
2026-04-27 14:03:00+00:00,714.045
2026-04-27 14:04:00+00:00,713.92
2026-04-27 14:05:00+00:00,713.86
2026-04-27 14:06:00+00:00,714.16
2026-04-27 14:07:00+00:00,713.9
2026-04-27 14:08:00+00:00,713.82
2026-04-27 14:09:00+00:00,713.76
2026-04-27 14:10:00+00:00,713.55
2026-04-27 14:11:00+00:00,713.83
2026-04-27 14:12:00+00:00,713.84
2026-04-27 14:13:00+00:00,713.8
2026-04-27 14:14:00+00:00,713.85
2026-04-27 14:15:00+00:00,713.565
2026-04-27 14:16:00+00:00,713.49
2026-04-27 14:17:00+00:00,713.47
2026-04-27 14:18:00+00:00,713.51
2026-04-27 14:19:00+00:00,713.47
2026-04-27 14:20:00+00:00,713.395
2026-04-27 14:21:00+00:00,713.59
2026-04-27 14:22:00+00:00,713.51
2026-04-27 14:23:00+00:00,713.55
2026-04-27 14:24:00+00:00,713.65
2026-04-27 14:25:00+00:00,713.615
2026-04-27 14:26:00+00:00,713.49
2026-04-27 14:27:00+00:00,713.61
2026-04-27 14:28:00+00:00,713.55
2026-04-27 14:29:00+00:00,713.49
2026-04-27 14:30:00+00:00,713.2
2026-04-27 14:31:00+00:00,713.18
2026-04-27 14:32:00+00:00,713.12
2026-04-27 14:33:00+00:00,713.27
2026-04-27 14:34:00+00:00,713.39
2026-04-27 14:35:00+00:00,714.115
2026-04-27 14:36:00+00:00,714.01
2026-04-27 14:37:00+00:00,713.85
2026-04-27 14:38:00+00:00,713.83
2026-04-27 14:39:00+00:00,713.96
2026-04-27 14:40:00+00:00,713.69
2026-04-27 14:41:00+00:00,713.63
2026-04-27 14:42:00+00:00,713.63
2026-04-27 14:43:00+00:00,713.77
2026-04-27 14:44:00+00:00,714.02
2026-04-27 14:45:00+00:00,713.67
2026-04-27 14:46:00+00:00,713.715
2026-04-27 14:47:00+00:00,713.795
2026-04-27 14:48:00+00:00,713.74
2026-04-27 14:49:00+00:00,713.65
2026-04-27 14:50:00+00:00,713.72
2026-04-27 14:51:00+00:00,713.74
2026-04-27 14:52:00+00:00,713.47
2026-04-27 14:53:00+00:00,713.47
2026-04-27 14:54:00+00:00,713.53
2026-04-27 14:55:00+00:00,713.51
2026-04-27 14:56:00+00:00,713.49
2026-04-27 14:57:00+00:00,713.65
2026-04-27 14:58:00+00:00,713.66
2026-04-27 14:59:00+00:00,713.63
2026-04-27 15:00:00+00:00,713.77
2026-04-27 15:01:00+00:00,713.47
2026-04-27 15:02:00+00:00,713.29
2026-04-27 15:03:00+00:00,712.97
2026-04-27 15:04:00+00:00,712.91
2026-04-27 15:05:00+00:00,713.04
2026-04-27 15:06:00+00:00,713.04
2026-04-27 15:07:00+00:00,712.88
2026-04-27 15:08:00+00:00,713.165
2026-04-27 15:09:00+00:00,713.055
2026-04-27 15:10:00+00:00,713.07
2026-04-27 15:11:00+00:00,712.97
2026-04-27 15:12:00+00:00,712.99
2026-04-27 15:13:00+00:00,713.03
2026-04-27 15:14:00+00:00,712.91
2026-04-27 15:15:00+00:00,713.02
2026-04-27 15:16:00+00:00,713.09
2026-04-27 15:17:00+00:00,712.97
2026-04-27 15:18:00+00:00,712.85
2026-04-27 15:19:00+00:00,712.78
2026-04-27 15:20:00+00:00,712.87
2026-04-27 15:21:00+00:00,712.56
2026-04-27 15:22:00+00:00,712.44
2026-04-27 15:23:00+00:00,712.6
2026-04-27 15:24:00+00:00,712.56
2026-04-27 15:25:00+00:00,712.58
2026-04-27 15:26:00+00:00,712.67
2026-04-27 15:27:00+00:00,712.83
2026-04-27 15:28:00+00:00,712.9
2026-04-27 15:29:00+00:00,712.96
2026-04-27 15:30:00+00:00,713.225
2026-04-27 15:31:00+00:00,712.98
2026-04-27 15:32:00+00:00,712.78
2026-04-27 15:33:00+00:00,712.8
2026-04-27 15:34:00+00:00,713.0
2026-04-27 15:35:00+00:00,712.95
2026-04-27 15:36:00+00:00,712.95
2026-04-27 15:37:00+00:00,712.93
2026-04-27 15:38:00+00:00,712.955
2026-04-27 15:39:00+00:00,713.04
2026-04-27 15:40:00+00:00,713.03
2026-04-27 15:41:00+00:00,713.15
2026-04-27 15:42:00+00:00,713.26
2026-04-27 15:43:00+00:00,713.28
2026-04-27 15:44:00+00:00,713.29
2026-04-27 15:45:00+00:00,713.26
2026-04-27 15:46:00+00:00,713.245
2026-04-27 15:47:00+00:00,713.345
2026-04-27 15:48:00+00:00,713.31
2026-04-27 15:49:00+00:00,713.16
2026-04-27 15:50:00+00:00,713.15
2026-04-27 15:51:00+00:00,713.27
2026-04-27 15:52:00+00:00,713.18
2026-04-27 15:53:00+00:00,713.25
2026-04-27 15:54:00+00:00,713.2
2026-04-27 15:55:00+00:00,713.2
2026-04-27 15:56:00+00:00,713.205
2026-04-27 15:57:00+00:00,713.2
2026-04-27 15:58:00+00:00,713.19
2026-04-27 15:59:00+00:00,713.39
2026-04-27 16:00:00+00:00,713.39
2026-04-27 16:01:00+00:00,713.26
2026-04-27 16:02:00+00:00,713.25
2026-04-27 16:03:00+00:00,713.28
2026-04-27 16:04:00+00:00,713.48
2026-04-27 16:05:00+00:00,713.51
2026-04-27 16:06:00+00:00,713.6
2026-04-27 16:07:00+00:00,713.65
2026-04-27 16:08:00+00:00,713.76
2026-04-27 16:09:00+00:00,713.73
2026-04-27 16:10:00+00:00,713.79
2026-04-27 16:11:00+00:00,713.93
2026-04-27 16:12:00+00:00,713.97
2026-04-27 16:13:00+00:00,713.91
2026-04-27 16:14:00+00:00,713.93
2026-04-27 16:15:00+00:00,714.1
2026-04-27 16:16:00+00:00,714.05
2026-04-27 16:17:00+00:00,714.02
2026-04-27 16:18:00+00:00,714.0
2026-04-27 16:19:00+00:00,714.02
2026-04-27 16:20:00+00:00,713.92
2026-04-27 16:21:00+00:00,713.88
2026-04-27 16:22:00+00:00,713.91
2026-04-27 16:23:00+00:00,713.75
2026-04-27 16:24:00+00:00,713.79
2026-04-27 16:25:00+00:00,713.93
2026-04-27 16:26:00+00:00,713.94
2026-04-27 16:27:00+00:00,713.88
2026-04-27 16:28:00+00:00,713.85
2026-04-27 16:29:00+00:00,713.84
2026-04-27 16:30:00+00:00,714.01
2026-04-27 16:31:00+00:00,714.015
2026-04-27 16:32:00+00:00,714.0
2026-04-27 16:33:00+00:00,714.07
2026-04-27 16:34:00+00:00,714.18
2026-04-27 16:35:00+00:00,714.21
2026-04-27 16:36:00+00:00,714.1
2026-04-27 16:37:00+00:00,714.21
2026-04-27 16:38:00+00:00,714.23
2026-04-27 16:39:00+00:00,714.28
2026-04-27 16:40:00+00:00,714.2
2026-04-27 16:41:00+00:00,714.14
2026-04-27 16:42:00+00:00,714.26
2026-04-27 16:43:00+00:00,714.225
2026-04-27 16:44:00+00:00,714.125
2026-04-27 16:45:00+00:00,714.125
2026-04-27 16:46:00+00:00,714.19
2026-04-27 16:47:00+00:00,714.175
2026-04-27 16:48:00+00:00,714.18
2026-04-27 16:49:00+00:00,714.22
2026-04-27 16:50:00+00:00,714.18
2026-04-27 16:51:00+00:00,714.17
2026-04-27 16:52:00+00:00,714.09
2026-04-27 16:53:00+00:00,714.14
2026-04-27 16:54:00+00:00,714.02
2026-04-27 16:55:00+00:00,714.02
2026-04-27 16:56:00+00:00,713.91
2026-04-27 16:57:00+00:00,713.925
2026-04-27 16:58:00+00:00,714.08
2026-04-27 16:59:00+00:00,714.12
2026-04-27 17:00:00+00:00,714.3
2026-04-27 17:01:00+00:00,714.28
2026-04-27 17:02:00+00:00,714.25
2026-04-27 17:03:00+00:00,714.3
2026-04-27 17:04:00+00:00,714.25
2026-04-27 17:05:00+00:00,714.21
2026-04-27 17:06:00+00:00,714.225
2026-04-27 17:07:00+00:00,714.2
2026-04-27 17:08:00+00:00,714.12
2026-04-27 17:09:00+00:00,714.22
2026-04-27 17:10:00+00:00,714.09
2026-04-27 17:11:00+00:00,714.22
2026-04-27 17:12:00+00:00,714.28
2026-04-27 17:13:00+00:00,714.29
2026-04-27 17:14:00+00:00,714.34
2026-04-27 17:15:00+00:00,714.28
2026-04-27 17:16:00+00:00,714.145
2026-04-27 17:17:00+00:00,714.11
2026-04-27 17:18:00+00:00,713.97
2026-04-27 17:19:00+00:00,714.13
2026-04-27 17:20:00+00:00,714.07
2026-04-27 17:21:00+00:00,714.12
2026-04-27 17:22:00+00:00,714.17
2026-04-27 17:23:00+00:00,714.39
2026-04-27 17:24:00+00:00,714.37
2026-04-27 17:25:00+00:00,714.58
2026-04-27 17:26:00+00:00,714.64
2026-04-27 17:27:00+00:00,714.59
2026-04-27 17:28:00+00:00,714.605
2026-04-27 17:29:00+00:00,714.6
2026-04-27 17:30:00+00:00,714.84
2026-04-27 17:31:00+00:00,714.935
2026-04-27 17:32:00+00:00,714.965
2026-04-27 17:33:00+00:00,715.14
2026-04-27 17:34:00+00:00,715.195
2026-04-27 17:35:00+00:00,715.01
2026-04-27 17:36:00+00:00,714.95
2026-04-27 17:37:00+00:00,714.925
2026-04-27 17:38:00+00:00,714.82
2026-04-27 17:39:00+00:00,714.74
2026-04-27 17:40:00+00:00,714.77
2026-04-27 17:41:00+00:00,714.78
2026-04-27 17:42:00+00:00,714.78
2026-04-27 17:43:00+00:00,714.78
2026-04-27 17:44:00+00:00,714.84
2026-04-27 17:45:00+00:00,714.85
2026-04-27 17:46:00+00:00,714.8
2026-04-27 17:47:00+00:00,714.87
2026-04-27 17:48:00+00:00,714.825
2026-04-27 17:49:00+00:00,714.91
2026-04-27 17:50:00+00:00,714.93
2026-04-27 17:51:00+00:00,714.87
2026-04-27 17:52:00+00:00,714.845
2026-04-27 17:53:00+00:00,714.73
2026-04-27 17:54:00+00:00,714.73
2026-04-27 17:55:00+00:00,714.75
2026-04-27 17:56:00+00:00,714.77
2026-04-27 17:57:00+00:00,714.88
2026-04-27 17:58:00+00:00,714.84
2026-04-27 17:59:00+00:00,714.89
2026-04-27 18:00:00+00:00,714.83
2026-04-27 18:01:00+00:00,714.79
2026-04-27 18:02:00+00:00,714.91
2026-04-27 18:03:00+00:00,714.975
2026-04-27 18:04:00+00:00,714.87
2026-04-27 18:05:00+00:00,714.91
2026-04-27 18:06:00+00:00,714.99
2026-04-27 18:07:00+00:00,714.985
2026-04-27 18:08:00+00:00,714.95
2026-04-27 18:09:00+00:00,714.955
2026-04-27 18:10:00+00:00,714.96
2026-04-27 18:11:00+00:00,714.96
2026-04-27 18:12:00+00:00,715.035
2026-04-27 18:13:00+00:00,715.0
2026-04-27 18:14:00+00:00,715.07
2026-04-27 18:15:00+00:00,715.04
2026-04-27 18:16:00+00:00,715.095
2026-04-27 18:17:00+00:00,715.165
2026-04-27 18:18:00+00:00,715.14
2026-04-27 18:19:00+00:00,715.185
2026-04-27 18:20:00+00:00,715.13
2026-04-27 18:21:00+00:00,715.18
2026-04-27 18:22:00+00:00,715.17
2026-04-27 18:23:00+00:00,715.19
2026-04-27 18:24:00+00:00,715.16
2026-04-27 18:25:00+00:00,715.05
2026-04-27 18:26:00+00:00,715.03
2026-04-27 18:27:00+00:00,715.13
2026-04-27 18:28:00+00:00,715.08
2026-04-27 18:29:00+00:00,715.1
2026-04-27 18:30:00+00:00,715.08
2026-04-27 18:31:00+00:00,715.07
2026-04-27 18:32:00+00:00,715.16
2026-04-27 18:33:00+00:00,715.21
2026-04-27 18:34:00+00:00,715.15
2026-04-27 18:35:00+00:00,715.14
2026-04-27 18:36:00+00:00,715.1
2026-04-27 18:37:00+00:00,715.17
2026-04-27 18:38:00+00:00,715.15
2026-04-27 18:39:00+00:00,715.14
2026-04-27 18:40:00+00:00,715.14
2026-04-27 18:41:00+00:00,715.09
2026-04-27 18:42:00+00:00,715.05
2026-04-27 18:43:00+00:00,714.89
2026-04-27 18:44:00+00:00,714.89
2026-04-27 18:45:00+00:00,714.84
2026-04-27 18:46:00+00:00,714.92
2026-04-27 18:47:00+00:00,714.98
2026-04-27 18:48:00+00:00,715.01
2026-04-27 18:49:00+00:00,715.03
2026-04-27 18:50:00+00:00,715.1
2026-04-27 18:51:00+00:00,715.04
2026-04-27 18:52:00+00:00,715.03
2026-04-27 18:53:00+00:00,714.91
2026-04-27 18:54:00+00:00,714.9
2026-04-27 18:55:00+00:00,714.96
2026-04-27 18:56:00+00:00,715.01
2026-04-27 18:57:00+00:00,714.92
2026-04-27 18:58:00+00:00,714.96
2026-04-27 18:59:00+00:00,714.875
2026-04-27 19:00:00+00:00,715.0
2026-04-27 19:01:00+00:00,715.02
2026-04-27 19:02:00+00:00,714.87
2026-04-27 19:03:00+00:00,714.87
2026-04-27 19:04:00+00:00,714.9
2026-04-27 19:05:00+00:00,714.875
2026-04-27 19:06:00+00:00,714.77
2026-04-27 19:07:00+00:00,714.775
2026-04-27 19:08:00+00:00,714.885
2026-04-27 19:09:00+00:00,714.83
2026-04-27 19:10:00+00:00,714.76
2026-04-27 19:11:00+00:00,714.725
2026-04-27 19:12:00+00:00,714.735
2026-04-27 19:13:00+00:00,714.94
2026-04-27 19:14:00+00:00,714.965
2026-04-27 19:15:00+00:00,715.05
2026-04-27 19:16:00+00:00,715.03
2026-04-27 19:17:00+00:00,715.08
2026-04-27 19:18:00+00:00,715.14
2026-04-27 19:19:00+00:00,715.13
2026-04-27 19:20:00+00:00,715.15
2026-04-27 19:21:00+00:00,715.03
2026-04-27 19:22:00+00:00,715.12
2026-04-27 19:23:00+00:00,715.11
2026-04-27 19:24:00+00:00,715.09
2026-04-27 19:25:00+00:00,715.08
2026-04-27 19:26:00+00:00,715.07
2026-04-27 19:27:00+00:00,715.105
2026-04-27 19:28:00+00:00,715.18
2026-04-27 19:29:00+00:00,715.13
2026-04-27 19:30:00+00:00,715.115
2026-04-27 19:31:00+00:00,715.23
2026-04-27 19:32:00+00:00,715.23
2026-04-27 19:33:00+00:00,715.25
2026-04-27 19:34:00+00:00,715.1
2026-04-27 19:35:00+00:00,715.225
2026-04-27 19:36:00+00:00,715.015
2026-04-27 19:37:00+00:00,714.93
2026-04-27 19:38:00+00:00,715.02
2026-04-27 19:39:00+00:00,715.13
2026-04-27 19:40:00+00:00,715.16
2026-04-27 19:41:00+00:00,715.105
2026-04-27 19:42:00+00:00,715.07
2026-04-27 19:43:00+00:00,715.08
2026-04-27 19:44:00+00:00,715.18
2026-04-27 19:45:00+00:00,715.3
2026-04-27 19:46:00+00:00,715.31
2026-04-27 19:47:00+00:00,715.33
2026-04-27 19:48:00+00:00,715.38
2026-04-27 19:49:00+00:00,715.48
2026-04-27 19:50:00+00:00,715.37
2026-04-27 19:51:00+00:00,715.465
2026-04-27 19:52:00+00:00,715.36
2026-04-27 19:53:00+00:00,715.32
2026-04-27 19:54:00+00:00,715.16
2026-04-27 19:55:00+00:00,715.23
2026-04-27 19:56:00+00:00,715.19
2026-04-27 19:57:00+00:00,715.24
2026-04-27 19:58:00+00:00,715.21
2026-04-27 19:59:00+00:00,715.165
2026-04-27 20:00:00+00:00,714.94
2026-04-27 20:01:00+00:00,714.99
2026-04-27 20:02:00+00:00,715.0
2026-04-27 20:04:00+00:00,715.0
2026-04-27 20:21:00+00:00,714.8
2026-04-28 12:06:00+00:00,710.6
2026-04-28 12:08:00+00:00,710.34
2026-04-28 12:10:00+00:00,710.07
2026-04-28 12:11:00+00:00,709.74
2026-04-28 12:12:00+00:00,710.41
2026-04-28 12:18:00+00:00,710.23
2026-04-28 12:20:00+00:00,710.88
2026-04-28 12:22:00+00:00,709.68
2026-04-28 12:23:00+00:00,709.93
2026-04-28 12:42:00+00:00,710.13
2026-04-28 12:43:00+00:00,710.49
2026-04-28 12:46:00+00:00,710.47
2026-04-28 12:48:00+00:00,710.76
2026-04-28 12:50:00+00:00,710.92
2026-04-28 12:51:00+00:00,711.28
2026-04-28 12:52:00+00:00,711.11
2026-04-28 12:53:00+00:00,711.06
2026-04-28 13:02:00+00:00,711.52
2026-04-28 13:22:00+00:00,711.17
2026-04-28 13:30:00+00:00,710.95
2026-04-28 13:31:00+00:00,711.04
2026-04-28 13:32:00+00:00,711.38
2026-04-28 13:33:00+00:00,711.54
2026-04-28 13:34:00+00:00,711.54
2026-04-28 13:35:00+00:00,711.74
2026-04-28 13:36:00+00:00,711.8
2026-04-28 13:37:00+00:00,711.93
2026-04-28 13:38:00+00:00,711.88
2026-04-28 13:39:00+00:00,712.12
2026-04-28 13:40:00+00:00,712.075
2026-04-28 13:41:00+00:00,712.32
2026-04-28 13:42:00+00:00,712.65
2026-04-28 13:43:00+00:00,712.48
2026-04-28 13:44:00+00:00,712.425
2026-04-28 13:45:00+00:00,712.315
2026-04-28 13:46:00+00:00,712.43
2026-04-28 13:47:00+00:00,712.42
2026-04-28 13:48:00+00:00,712.5
2026-04-28 13:49:00+00:00,712.25
2026-04-28 13:50:00+00:00,712.21
2026-04-28 13:51:00+00:00,712.38
2026-04-28 13:52:00+00:00,712.015
2026-04-28 13:53:00+00:00,711.685
2026-04-28 13:54:00+00:00,711.655
2026-04-28 13:55:00+00:00,711.19
2026-04-28 13:56:00+00:00,711.3
2026-04-28 13:57:00+00:00,711.41
2026-04-28 13:58:00+00:00,711.63
2026-04-28 13:59:00+00:00,711.59
2026-04-28 14:00:00+00:00,711.49
2026-04-28 14:01:00+00:00,711.45
2026-04-28 14:02:00+00:00,711.22
2026-04-28 14:03:00+00:00,711.56
2026-04-28 14:04:00+00:00,711.44
2026-04-28 14:05:00+00:00,711.66
2026-04-28 14:06:00+00:00,712.04
2026-04-28 14:07:00+00:00,712.14
2026-04-28 14:08:00+00:00,712.14
2026-04-28 14:09:00+00:00,712.12
2026-04-28 14:10:00+00:00,711.99
2026-04-28 14:11:00+00:00,711.825
2026-04-28 14:12:00+00:00,711.94
2026-04-28 14:13:00+00:00,711.685
2026-04-28 14:14:00+00:00,711.62
2026-04-28 14:15:00+00:00,711.41
2026-04-28 14:16:00+00:00,711.49
2026-04-28 14:17:00+00:00,711.68
2026-04-28 14:18:00+00:00,711.61
2026-04-28 14:19:00+00:00,711.41
2026-04-28 14:20:00+00:00,711.69
2026-04-28 14:21:00+00:00,711.52
2026-04-28 14:22:00+00:00,711.42
2026-04-28 14:23:00+00:00,711.27
2026-04-28 14:24:00+00:00,711.36
2026-04-28 14:25:00+00:00,711.54
2026-04-28 14:26:00+00:00,711.04
2026-04-28 14:27:00+00:00,711.23
2026-04-28 14:28:00+00:00,711.44
2026-04-28 14:29:00+00:00,711.25
2026-04-28 14:30:00+00:00,711.32
2026-04-28 14:31:00+00:00,711.39
2026-04-28 14:32:00+00:00,711.365
2026-04-28 14:33:00+00:00,711.04
2026-04-28 14:34:00+00:00,710.895
2026-04-28 14:35:00+00:00,710.54
2026-04-28 14:36:00+00:00,710.74
2026-04-28 14:37:00+00:00,710.19
2026-04-28 14:38:00+00:00,709.86
2026-04-28 14:39:00+00:00,710.09
2026-04-28 14:40:00+00:00,709.8
2026-04-28 14:41:00+00:00,710.47
2026-04-28 14:42:00+00:00,710.38
2026-04-28 14:43:00+00:00,710.3
2026-04-28 14:44:00+00:00,710.46
2026-04-28 14:45:00+00:00,710.08
2026-04-28 14:46:00+00:00,710.17
2026-04-28 14:47:00+00:00,710.63
2026-04-28 14:48:00+00:00,710.4
2026-04-28 14:49:00+00:00,710.09
2026-04-28 14:50:00+00:00,709.54
2026-04-28 14:51:00+00:00,709.45
2026-04-28 14:52:00+00:00,709.91
2026-04-28 14:53:00+00:00,709.91
2026-04-28 14:54:00+00:00,709.64
2026-04-28 14:55:00+00:00,709.84
2026-04-28 14:56:00+00:00,710.17
2026-04-28 14:57:00+00:00,710.01
2026-04-28 14:58:00+00:00,709.92
2026-04-28 14:59:00+00:00,710.51
2026-04-28 15:00:00+00:00,710.81
2026-04-28 15:01:00+00:00,710.59
2026-04-28 15:02:00+00:00,710.81
2026-04-28 15:03:00+00:00,710.785
2026-04-28 15:04:00+00:00,710.63
2026-04-28 15:05:00+00:00,710.59
2026-04-28 15:06:00+00:00,710.245
2026-04-28 15:07:00+00:00,709.995
2026-04-28 15:08:00+00:00,710.22
2026-04-28 15:09:00+00:00,710.07
2026-04-28 15:10:00+00:00,710.28
2026-04-28 15:11:00+00:00,710.2
2026-04-28 15:12:00+00:00,710.6
2026-04-28 15:13:00+00:00,710.54
2026-04-28 15:14:00+00:00,710.69
2026-04-28 15:15:00+00:00,710.43
2026-04-28 15:16:00+00:00,710.64
2026-04-28 15:17:00+00:00,710.65
2026-04-28 15:18:00+00:00,710.67
2026-04-28 15:19:00+00:00,710.6
2026-04-28 15:20:00+00:00,710.435
2026-04-28 15:21:00+00:00,710.26
2026-04-28 15:22:00+00:00,710.27
2026-04-28 15:23:00+00:00,710.03
2026-04-28 15:24:00+00:00,710.28
2026-04-28 15:25:00+00:00,709.835
2026-04-28 15:26:00+00:00,710.215
2026-04-28 15:27:00+00:00,709.95
2026-04-28 15:28:00+00:00,709.95
2026-04-28 15:29:00+00:00,709.93
2026-04-28 15:30:00+00:00,709.74
2026-04-28 15:31:00+00:00,709.59
2026-04-28 15:32:00+00:00,709.7
2026-04-28 15:33:00+00:00,709.75
2026-04-28 15:34:00+00:00,709.71
2026-04-28 15:35:00+00:00,709.66
2026-04-28 15:36:00+00:00,709.6
2026-04-28 15:37:00+00:00,709.89
2026-04-28 15:38:00+00:00,709.77
2026-04-28 15:39:00+00:00,709.93
2026-04-28 15:40:00+00:00,709.92
2026-04-28 15:41:00+00:00,709.82
2026-04-28 15:42:00+00:00,710.06
2026-04-28 15:43:00+00:00,709.84
2026-04-28 15:44:00+00:00,709.78
2026-04-28 15:45:00+00:00,709.795
2026-04-28 15:46:00+00:00,709.73
2026-04-28 15:47:00+00:00,709.775
2026-04-28 15:48:00+00:00,709.52
2026-04-28 15:49:00+00:00,709.5
2026-04-28 15:50:00+00:00,709.72
2026-04-28 15:51:00+00:00,709.59
2026-04-28 15:52:00+00:00,709.83
2026-04-28 15:53:00+00:00,709.77
2026-04-28 15:54:00+00:00,709.86
2026-04-28 15:55:00+00:00,709.73
2026-04-28 15:56:00+00:00,709.67
2026-04-28 15:57:00+00:00,709.92
2026-04-28 15:58:00+00:00,709.78
2026-04-28 15:59:00+00:00,709.92
2026-04-28 16:00:00+00:00,709.98
2026-04-28 16:01:00+00:00,710.1
2026-04-28 16:02:00+00:00,710.07
2026-04-28 16:03:00+00:00,710.28
2026-04-28 16:04:00+00:00,710.14
2026-04-28 16:05:00+00:00,710.19
2026-04-28 16:06:00+00:00,710.32
2026-04-28 16:07:00+00:00,710.43
2026-04-28 16:08:00+00:00,710.29
2026-04-28 16:09:00+00:00,710.305
2026-04-28 16:10:00+00:00,710.17
2026-04-28 16:11:00+00:00,710.36
2026-04-28 16:12:00+00:00,710.18
2026-04-28 16:13:00+00:00,710.34
2026-04-28 16:14:00+00:00,710.45
2026-04-28 16:15:00+00:00,710.21
2026-04-28 16:16:00+00:00,710.21
2026-04-28 16:17:00+00:00,710.2
2026-04-28 16:18:00+00:00,710.36
2026-04-28 16:19:00+00:00,710.32
2026-04-28 16:20:00+00:00,710.39
2026-04-28 16:21:00+00:00,710.36
2026-04-28 16:22:00+00:00,710.4
2026-04-28 16:23:00+00:00,710.57
2026-04-28 16:24:00+00:00,710.49
2026-04-28 16:25:00+00:00,710.4
2026-04-28 16:26:00+00:00,710.43
2026-04-28 16:27:00+00:00,710.41
2026-04-28 16:28:00+00:00,710.42
2026-04-28 16:29:00+00:00,710.36
2026-04-28 16:30:00+00:00,710.36
2026-04-28 16:31:00+00:00,710.17
2026-04-28 16:32:00+00:00,710.1
2026-04-28 16:33:00+00:00,710.03
2026-04-28 16:34:00+00:00,709.825
2026-04-28 16:35:00+00:00,709.65
2026-04-28 16:36:00+00:00,709.83
2026-04-28 16:37:00+00:00,709.76
2026-04-28 16:38:00+00:00,709.75
2026-04-28 16:39:00+00:00,709.68
2026-04-28 16:40:00+00:00,709.76
2026-04-28 16:41:00+00:00,709.7
2026-04-28 16:42:00+00:00,709.58
2026-04-28 16:43:00+00:00,709.4
2026-04-28 16:44:00+00:00,709.47
2026-04-28 16:45:00+00:00,709.64
2026-04-28 16:46:00+00:00,709.725
2026-04-28 16:47:00+00:00,709.52
2026-04-28 16:48:00+00:00,709.695
2026-04-28 16:49:00+00:00,709.76
2026-04-28 16:50:00+00:00,709.68
2026-04-28 16:51:00+00:00,709.88
2026-04-28 16:52:00+00:00,710.09
2026-04-28 16:53:00+00:00,710.21
2026-04-28 16:54:00+00:00,710.3
2026-04-28 16:55:00+00:00,710.2
2026-04-28 16:56:00+00:00,710.17
2026-04-28 16:57:00+00:00,710.19
2026-04-28 16:58:00+00:00,710.0
2026-04-28 16:59:00+00:00,710.18
2026-04-28 17:00:00+00:00,710.23
2026-04-28 17:01:00+00:00,710.11
2026-04-28 17:02:00+00:00,709.91
2026-04-28 17:03:00+00:00,709.64
2026-04-28 17:04:00+00:00,709.64
2026-04-28 17:05:00+00:00,709.62
2026-04-28 17:06:00+00:00,709.68
2026-04-28 17:07:00+00:00,709.695
2026-04-28 17:08:00+00:00,709.68
2026-04-28 17:09:00+00:00,709.9
2026-04-28 17:10:00+00:00,709.715
2026-04-28 17:11:00+00:00,709.85
2026-04-28 17:12:00+00:00,709.95
2026-04-28 17:13:00+00:00,709.87
2026-04-28 17:14:00+00:00,709.97
2026-04-28 17:15:00+00:00,709.94
2026-04-28 17:16:00+00:00,709.72
2026-04-28 17:17:00+00:00,709.78
2026-04-28 17:18:00+00:00,709.68
2026-04-28 17:19:00+00:00,709.64
2026-04-28 17:20:00+00:00,709.7
2026-04-28 17:21:00+00:00,709.72
2026-04-28 17:22:00+00:00,709.68
2026-04-28 17:23:00+00:00,709.69
2026-04-28 17:24:00+00:00,709.89
2026-04-28 17:25:00+00:00,709.9
2026-04-28 17:26:00+00:00,709.92
2026-04-28 17:27:00+00:00,710.2
2026-04-28 17:28:00+00:00,710.27
2026-04-28 17:29:00+00:00,710.11
2026-04-28 17:30:00+00:00,710.25
2026-04-28 17:31:00+00:00,710.215
2026-04-28 17:32:00+00:00,710.38
2026-04-28 17:33:00+00:00,710.38
2026-04-28 17:34:00+00:00,710.455
2026-04-28 17:35:00+00:00,710.7
2026-04-28 17:36:00+00:00,710.56
2026-04-28 17:37:00+00:00,710.74
2026-04-28 17:38:00+00:00,710.64
2026-04-28 17:39:00+00:00,710.575
2026-04-28 17:40:00+00:00,710.56
2026-04-28 17:41:00+00:00,710.87
2026-04-28 17:42:00+00:00,710.73
2026-04-28 17:43:00+00:00,710.67
2026-04-28 17:44:00+00:00,710.74
2026-04-28 17:45:00+00:00,710.85
2026-04-28 17:46:00+00:00,710.84
2026-04-28 17:47:00+00:00,710.85
2026-04-28 17:48:00+00:00,710.85
2026-04-28 17:49:00+00:00,710.72
2026-04-28 17:50:00+00:00,710.715
2026-04-28 17:51:00+00:00,710.85
2026-04-28 17:52:00+00:00,710.82
2026-04-28 17:53:00+00:00,710.82
2026-04-28 17:54:00+00:00,710.85
2026-04-28 17:55:00+00:00,710.97
2026-04-28 17:56:00+00:00,711.03
2026-04-28 17:57:00+00:00,711.04
2026-04-28 17:58:00+00:00,711.04
2026-04-28 17:59:00+00:00,711.03
2026-04-28 18:00:00+00:00,711.05
2026-04-28 18:01:00+00:00,711.12
2026-04-28 18:02:00+00:00,711.09
2026-04-28 18:03:00+00:00,710.9
2026-04-28 18:04:00+00:00,710.87
2026-04-28 18:05:00+00:00,710.9
2026-04-28 18:06:00+00:00,710.81
2026-04-28 18:07:00+00:00,710.93
2026-04-28 18:08:00+00:00,710.92
2026-04-28 18:09:00+00:00,711.0
2026-04-28 18:10:00+00:00,710.905
2026-04-28 18:11:00+00:00,710.92
2026-04-28 18:12:00+00:00,710.97
2026-04-28 18:13:00+00:00,711.08
2026-04-28 18:14:00+00:00,711.04
2026-04-28 18:15:00+00:00,711.19
2026-04-28 18:16:00+00:00,711.135
2026-04-28 18:17:00+00:00,711.29
2026-04-28 18:18:00+00:00,711.36
2026-04-28 18:19:00+00:00,711.41
2026-04-28 18:20:00+00:00,711.42
2026-04-28 18:21:00+00:00,711.47
2026-04-28 18:22:00+00:00,711.19
2026-04-28 18:23:00+00:00,711.41
2026-04-28 18:24:00+00:00,711.39
2026-04-28 18:25:00+00:00,711.425
2026-04-28 18:26:00+00:00,711.32
2026-04-28 18:27:00+00:00,711.36
2026-04-28 18:28:00+00:00,711.33
2026-04-28 18:29:00+00:00,711.36
2026-04-28 18:30:00+00:00,711.36
2026-04-28 18:31:00+00:00,711.13
2026-04-28 18:32:00+00:00,711.08
2026-04-28 18:33:00+00:00,711.05
2026-04-28 18:34:00+00:00,711.085
2026-04-28 18:35:00+00:00,710.94
2026-04-28 18:36:00+00:00,710.93
2026-04-28 18:37:00+00:00,710.83
2026-04-28 18:38:00+00:00,711.03
2026-04-28 18:39:00+00:00,711.065
2026-04-28 18:40:00+00:00,711.14
2026-04-28 18:41:00+00:00,711.16
2026-04-28 18:42:00+00:00,711.185
2026-04-28 18:43:00+00:00,711.155
2026-04-28 18:44:00+00:00,711.39
2026-04-28 18:45:00+00:00,711.31
2026-04-28 18:46:00+00:00,711.3
2026-04-28 18:47:00+00:00,711.36
2026-04-28 18:48:00+00:00,711.41
2026-04-28 18:49:00+00:00,711.4
2026-04-28 18:50:00+00:00,711.345
2026-04-28 18:51:00+00:00,711.44
2026-04-28 18:52:00+00:00,711.46
2026-04-28 18:53:00+00:00,711.51
2026-04-28 18:54:00+00:00,711.57
2026-04-28 18:55:00+00:00,711.33
2026-04-28 18:56:00+00:00,711.37
2026-04-28 18:57:00+00:00,711.44
2026-04-28 18:58:00+00:00,711.6
2026-04-28 18:59:00+00:00,711.525
2026-04-28 19:00:00+00:00,711.46
2026-04-28 19:01:00+00:00,711.56
2026-04-28 19:02:00+00:00,711.595
2026-04-28 19:03:00+00:00,711.57
2026-04-28 19:04:00+00:00,711.6
2026-04-28 19:05:00+00:00,711.8
2026-04-28 19:06:00+00:00,711.86
2026-04-28 19:07:00+00:00,711.88
2026-04-28 19:08:00+00:00,711.91
2026-04-28 19:09:00+00:00,711.93
2026-04-28 19:10:00+00:00,711.95
2026-04-28 19:11:00+00:00,712.11
2026-04-28 19:12:00+00:00,712.01
2026-04-28 19:13:00+00:00,711.995
2026-04-28 19:14:00+00:00,711.91
2026-04-28 19:15:00+00:00,711.77
2026-04-28 19:16:00+00:00,711.67
2026-04-28 19:17:00+00:00,711.655
2026-04-28 19:18:00+00:00,711.7
2026-04-28 19:19:00+00:00,711.66
2026-04-28 19:20:00+00:00,711.575
2026-04-28 19:21:00+00:00,711.58
2026-04-28 19:22:00+00:00,711.715
2026-04-28 19:23:00+00:00,711.81
2026-04-28 19:24:00+00:00,711.62
2026-04-28 19:25:00+00:00,711.67
2026-04-28 19:26:00+00:00,711.67
2026-04-28 19:27:00+00:00,711.74
2026-04-28 19:28:00+00:00,711.66
2026-04-28 19:29:00+00:00,711.61
2026-04-28 19:30:00+00:00,711.56
2026-04-28 19:31:00+00:00,711.57
2026-04-28 19:32:00+00:00,711.46
2026-04-28 19:33:00+00:00,711.37
2026-04-28 19:34:00+00:00,711.22
2026-04-28 19:35:00+00:00,711.28
2026-04-28 19:36:00+00:00,711.35
2026-04-28 19:37:00+00:00,711.34
2026-04-28 19:38:00+00:00,711.42
2026-04-28 19:39:00+00:00,711.54
2026-04-28 19:40:00+00:00,711.72
2026-04-28 19:41:00+00:00,711.74
2026-04-28 19:42:00+00:00,711.62
2026-04-28 19:43:00+00:00,711.63
2026-04-28 19:44:00+00:00,711.635
2026-04-28 19:45:00+00:00,711.68
2026-04-28 19:46:00+00:00,711.685
2026-04-28 19:47:00+00:00,711.69
2026-04-28 19:48:00+00:00,711.605
2026-04-28 19:49:00+00:00,711.705
2026-04-28 19:50:00+00:00,711.9
2026-04-28 19:51:00+00:00,711.84
2026-04-28 19:52:00+00:00,711.88
2026-04-28 19:53:00+00:00,711.75
2026-04-28 19:54:00+00:00,711.66
2026-04-28 19:55:00+00:00,711.735
2026-04-28 19:56:00+00:00,711.76
2026-04-28 19:57:00+00:00,711.71
2026-04-28 19:58:00+00:00,711.87
2026-04-28 19:59:00+00:00,711.68
2026-04-28 20:00:00+00:00,711.62
2026-04-29 12:22:00+00:00,711.86
2026-04-29 12:23:00+00:00,711.92
2026-04-29 12:24:00+00:00,711.92
2026-04-29 12:25:00+00:00,711.86
2026-04-29 12:31:00+00:00,711.14
2026-04-29 12:33:00+00:00,711.12
2026-04-29 12:36:00+00:00,711.24
2026-04-29 13:19:00+00:00,711.66
2026-04-29 13:30:00+00:00,710.47
2026-04-29 13:31:00+00:00,710.38
2026-04-29 13:32:00+00:00,709.99
2026-04-29 13:33:00+00:00,710.38
2026-04-29 13:34:00+00:00,710.08
2026-04-29 13:35:00+00:00,710.3
2026-04-29 13:36:00+00:00,710.33
2026-04-29 13:37:00+00:00,710.44
2026-04-29 13:38:00+00:00,710.4
2026-04-29 13:39:00+00:00,710.58
2026-04-29 13:40:00+00:00,710.32
2026-04-29 13:41:00+00:00,710.395
2026-04-29 13:42:00+00:00,710.43
2026-04-29 13:43:00+00:00,710.25
2026-04-29 13:44:00+00:00,710.07
2026-04-29 13:45:00+00:00,709.79
2026-04-29 13:46:00+00:00,709.96
2026-04-29 13:47:00+00:00,709.94
2026-04-29 13:48:00+00:00,709.85
2026-04-29 13:49:00+00:00,709.98
2026-04-29 13:50:00+00:00,710.37
2026-04-29 13:51:00+00:00,710.38
2026-04-29 13:52:00+00:00,710.2
2026-04-29 13:53:00+00:00,710.6
2026-04-29 13:54:00+00:00,710.635
2026-04-29 13:55:00+00:00,710.735
2026-04-29 13:56:00+00:00,710.93
2026-04-29 13:57:00+00:00,710.89
2026-04-29 13:58:00+00:00,710.61
2026-04-29 13:59:00+00:00,710.8
2026-04-29 14:00:00+00:00,710.39
2026-04-29 14:01:00+00:00,710.38
2026-04-29 14:02:00+00:00,710.47
2026-04-29 14:03:00+00:00,710.5
2026-04-29 14:04:00+00:00,710.6
2026-04-29 14:05:00+00:00,710.75
2026-04-29 14:06:00+00:00,710.705
2026-04-29 14:07:00+00:00,710.63
2026-04-29 14:08:00+00:00,710.65
2026-04-29 14:09:00+00:00,710.765
2026-04-29 14:10:00+00:00,710.87
2026-04-29 14:11:00+00:00,710.805
2026-04-29 14:12:00+00:00,711.07
2026-04-29 14:13:00+00:00,711.12
2026-04-29 14:14:00+00:00,711.155
2026-04-29 14:15:00+00:00,711.19
2026-04-29 14:16:00+00:00,711.18
2026-04-29 14:17:00+00:00,711.155
2026-04-29 14:18:00+00:00,711.06
2026-04-29 14:19:00+00:00,711.04
2026-04-29 14:20:00+00:00,711.05
2026-04-29 14:21:00+00:00,711.1
2026-04-29 14:22:00+00:00,711.26
2026-04-29 14:23:00+00:00,711.38
2026-04-29 14:24:00+00:00,711.345
2026-04-29 14:25:00+00:00,711.39
2026-04-29 14:26:00+00:00,711.42
2026-04-29 14:27:00+00:00,711.495
2026-04-29 14:28:00+00:00,711.575
2026-04-29 14:29:00+00:00,711.485
2026-04-29 14:30:00+00:00,711.44
2026-04-29 14:31:00+00:00,711.45
2026-04-29 14:32:00+00:00,711.71
2026-04-29 14:33:00+00:00,711.79
2026-04-29 14:34:00+00:00,711.9
2026-04-29 14:35:00+00:00,712.0
2026-04-29 14:36:00+00:00,712.07
2026-04-29 14:37:00+00:00,711.98
2026-04-29 14:38:00+00:00,711.98
2026-04-29 14:39:00+00:00,711.86
2026-04-29 14:40:00+00:00,711.79
2026-04-29 14:41:00+00:00,711.76
2026-04-29 14:42:00+00:00,711.88
2026-04-29 14:43:00+00:00,711.72
2026-04-29 14:44:00+00:00,711.78
2026-04-29 14:45:00+00:00,711.73
2026-04-29 14:46:00+00:00,711.69
2026-04-29 14:47:00+00:00,711.58
2026-04-29 14:48:00+00:00,711.75
2026-04-29 14:49:00+00:00,711.48
2026-04-29 14:50:00+00:00,711.54
2026-04-29 14:51:00+00:00,711.5
2026-04-29 14:52:00+00:00,711.52
2026-04-29 14:53:00+00:00,711.595
2026-04-29 14:54:00+00:00,711.62
2026-04-29 14:55:00+00:00,711.45
2026-04-29 14:56:00+00:00,711.43
2026-04-29 14:57:00+00:00,711.515
2026-04-29 14:58:00+00:00,711.455
2026-04-29 14:59:00+00:00,711.41
2026-04-29 15:00:00+00:00,711.49
2026-04-29 15:01:00+00:00,711.21
2026-04-29 15:02:00+00:00,711.18
2026-04-29 15:03:00+00:00,710.95
2026-04-29 15:04:00+00:00,711.12
2026-04-29 15:05:00+00:00,711.15
2026-04-29 15:06:00+00:00,711.18
2026-04-29 15:07:00+00:00,710.97
2026-04-29 15:08:00+00:00,710.83
2026-04-29 15:09:00+00:00,710.63
2026-04-29 15:10:00+00:00,710.575
2026-04-29 15:11:00+00:00,710.37
2026-04-29 15:12:00+00:00,710.33
2026-04-29 15:13:00+00:00,710.275
2026-04-29 15:14:00+00:00,710.24
2026-04-29 15:15:00+00:00,710.44
2026-04-29 15:16:00+00:00,710.69
2026-04-29 15:17:00+00:00,710.84
2026-04-29 15:18:00+00:00,710.675
2026-04-29 15:19:00+00:00,710.655
2026-04-29 15:20:00+00:00,710.7
2026-04-29 15:21:00+00:00,710.735
2026-04-29 15:22:00+00:00,710.68
2026-04-29 15:23:00+00:00,710.74
2026-04-29 15:24:00+00:00,710.85
2026-04-29 15:25:00+00:00,710.975
2026-04-29 15:26:00+00:00,710.94
2026-04-29 15:27:00+00:00,710.905
2026-04-29 15:28:00+00:00,710.7
2026-04-29 15:29:00+00:00,710.91
2026-04-29 15:30:00+00:00,710.95
2026-04-29 15:31:00+00:00,710.96
2026-04-29 15:32:00+00:00,710.74
2026-04-29 15:33:00+00:00,710.82
2026-04-29 15:34:00+00:00,710.7
2026-04-29 15:35:00+00:00,710.915
2026-04-29 15:36:00+00:00,710.83
2026-04-29 15:37:00+00:00,710.68
2026-04-29 15:38:00+00:00,710.55
2026-04-29 15:39:00+00:00,710.62
2026-04-29 15:40:00+00:00,710.52
2026-04-29 15:41:00+00:00,710.45
2026-04-29 15:42:00+00:00,710.46
2026-04-29 15:43:00+00:00,710.71
2026-04-29 15:44:00+00:00,710.52
2026-04-29 15:45:00+00:00,710.915
2026-04-29 15:46:00+00:00,710.84
2026-04-29 15:47:00+00:00,710.81
2026-04-29 15:48:00+00:00,710.77
2026-04-29 15:51:00+00:00,710.83
2026-04-29 15:52:00+00:00,710.305
2026-04-29 15:53:00+00:00,709.67
2026-04-29 15:54:00+00:00,709.45
2026-04-29 15:55:00+00:00,709.85
2026-04-29 15:56:00+00:00,709.69
2026-04-29 15:57:00+00:00,709.595
2026-04-29 15:58:00+00:00,710.005
2026-04-29 15:59:00+00:00,710.095
2026-04-29 16:00:00+00:00,710.02
2026-04-29 16:01:00+00:00,710.32
2026-04-29 16:02:00+00:00,710.25
2026-04-29 16:03:00+00:00,710.27
2026-04-29 16:04:00+00:00,710.39
2026-04-29 16:05:00+00:00,710.45
2026-04-29 16:06:00+00:00,710.425
2026-04-29 16:07:00+00:00,710.55
2026-04-29 16:08:00+00:00,710.64
2026-04-29 16:09:00+00:00,710.44
2026-04-29 16:10:00+00:00,710.625
2026-04-29 16:11:00+00:00,710.55
2026-04-29 16:12:00+00:00,710.42
2026-04-29 16:13:00+00:00,710.39
2026-04-29 16:14:00+00:00,710.23
2026-04-29 16:15:00+00:00,710.405
2026-04-29 16:16:00+00:00,710.3
2026-04-29 16:17:00+00:00,710.15
2026-04-29 16:18:00+00:00,710.01
2026-04-29 16:19:00+00:00,709.825
2026-04-29 16:20:00+00:00,710.03
2026-04-29 16:21:00+00:00,709.97
2026-04-29 16:22:00+00:00,709.955
2026-04-29 16:23:00+00:00,710.03
2026-04-29 16:24:00+00:00,710.22
2026-04-29 16:25:00+00:00,710.01
2026-04-29 16:26:00+00:00,710.04
2026-04-29 16:27:00+00:00,710.0
2026-04-29 16:28:00+00:00,709.9
2026-04-29 16:29:00+00:00,709.71
2026-04-29 16:30:00+00:00,709.43
2026-04-29 16:31:00+00:00,709.29
2026-04-29 16:32:00+00:00,709.5
2026-04-29 16:33:00+00:00,709.13
2026-04-29 16:34:00+00:00,709.04
2026-04-29 16:35:00+00:00,709.16
2026-04-29 16:36:00+00:00,709.13
2026-04-29 16:37:00+00:00,709.05
2026-04-29 16:38:00+00:00,709.335
2026-04-29 16:39:00+00:00,709.41
2026-04-29 16:40:00+00:00,709.81
2026-04-29 16:41:00+00:00,709.52
2026-04-29 16:42:00+00:00,709.715
2026-04-29 16:43:00+00:00,709.74
2026-04-29 16:44:00+00:00,709.73
2026-04-29 16:45:00+00:00,709.635
2026-04-29 16:46:00+00:00,709.74
2026-04-29 16:47:00+00:00,709.75
2026-04-29 16:48:00+00:00,709.765
2026-04-29 16:49:00+00:00,709.875
2026-04-29 16:50:00+00:00,709.88
2026-04-29 16:51:00+00:00,709.98
2026-04-29 16:52:00+00:00,709.92
2026-04-29 16:53:00+00:00,709.805
2026-04-29 16:54:00+00:00,709.83
2026-04-29 16:55:00+00:00,709.81
2026-04-29 16:56:00+00:00,709.595
2026-04-29 16:57:00+00:00,709.55
2026-04-29 16:58:00+00:00,709.63
2026-04-29 16:59:00+00:00,709.65
2026-04-29 17:00:00+00:00,709.59
2026-04-29 17:01:00+00:00,709.43
2026-04-29 17:02:00+00:00,709.38
2026-04-29 17:03:00+00:00,709.27
2026-04-29 17:04:00+00:00,709.46
2026-04-29 17:05:00+00:00,709.66
2026-04-29 17:06:00+00:00,709.62
2026-04-29 17:07:00+00:00,709.66
2026-04-29 17:08:00+00:00,709.64
2026-04-29 17:09:00+00:00,709.635
2026-04-29 17:10:00+00:00,709.68
2026-04-29 17:11:00+00:00,709.8
2026-04-29 17:12:00+00:00,709.54
2026-04-29 17:13:00+00:00,709.575
2026-04-29 17:14:00+00:00,709.63
2026-04-29 17:15:00+00:00,709.44
2026-04-29 17:16:00+00:00,709.55
2026-04-29 17:17:00+00:00,709.77
2026-04-29 17:18:00+00:00,709.67
2026-04-29 17:19:00+00:00,709.66
2026-04-29 17:20:00+00:00,709.88
2026-04-29 17:21:00+00:00,709.825
2026-04-29 17:22:00+00:00,709.74
2026-04-29 17:23:00+00:00,709.88
2026-04-29 17:24:00+00:00,709.715
2026-04-29 17:25:00+00:00,709.61
2026-04-29 17:26:00+00:00,709.6
2026-04-29 17:27:00+00:00,709.57
2026-04-29 17:28:00+00:00,709.78
2026-04-29 17:29:00+00:00,709.88
2026-04-29 17:30:00+00:00,709.985
2026-04-29 17:31:00+00:00,710.0
2026-04-29 17:32:00+00:00,710.11
2026-04-29 17:34:00+00:00,710.03
2026-04-29 17:35:00+00:00,709.965
2026-04-29 17:36:00+00:00,710.07
2026-04-29 17:37:00+00:00,710.1
2026-04-29 17:38:00+00:00,710.04
2026-04-29 17:39:00+00:00,710.075
2026-04-29 17:40:00+00:00,710.025
2026-04-29 17:41:00+00:00,709.88
2026-04-29 17:42:00+00:00,709.905
2026-04-29 17:43:00+00:00,709.83
2026-04-29 17:44:00+00:00,710.05
2026-04-29 17:45:00+00:00,710.12
2026-04-29 17:46:00+00:00,710.01
2026-04-29 17:47:00+00:00,710.08
2026-04-29 17:48:00+00:00,710.41
2026-04-29 17:49:00+00:00,710.46
2026-04-29 17:50:00+00:00,710.56
2026-04-29 17:51:00+00:00,710.6
2026-04-29 17:52:00+00:00,710.51
2026-04-29 17:53:00+00:00,710.49
2026-04-29 17:54:00+00:00,710.44
2026-04-29 17:55:00+00:00,710.25
2026-04-29 17:56:00+00:00,710.36
2026-04-29 17:57:00+00:00,710.33
2026-04-29 17:58:00+00:00,710.46
2026-04-29 17:59:00+00:00,710.6
2026-04-29 18:00:00+00:00,710.07
2026-04-29 18:01:00+00:00,710.12
2026-04-29 18:02:00+00:00,709.8
2026-04-29 18:03:00+00:00,709.58
2026-04-29 18:04:00+00:00,709.45
2026-04-29 18:05:00+00:00,709.39
2026-04-29 18:06:00+00:00,709.52
2026-04-29 18:07:00+00:00,709.55
2026-04-29 18:08:00+00:00,708.96
2026-04-29 18:09:00+00:00,708.86
2026-04-29 18:10:00+00:00,708.84
2026-04-29 18:11:00+00:00,708.92
2026-04-29 18:12:00+00:00,709.0
2026-04-29 18:13:00+00:00,709.13
2026-04-29 18:14:00+00:00,709.07
2026-04-29 18:15:00+00:00,709.19
2026-04-29 18:16:00+00:00,709.54
2026-04-29 18:17:00+00:00,709.67
2026-04-29 18:18:00+00:00,709.77
2026-04-29 18:19:00+00:00,709.55
2026-04-29 18:20:00+00:00,709.75
2026-04-29 18:21:00+00:00,709.76
2026-04-29 18:22:00+00:00,709.48
2026-04-29 18:23:00+00:00,709.6
2026-04-29 18:24:00+00:00,709.57
2026-04-29 18:25:00+00:00,709.27
2026-04-29 18:26:00+00:00,709.21
2026-04-29 18:27:00+00:00,709.39
2026-04-29 18:28:00+00:00,709.25
2026-04-29 18:29:00+00:00,709.25
2026-04-29 18:30:00+00:00,709.0
2026-04-29 18:31:00+00:00,708.83
2026-04-29 18:32:00+00:00,709.09
2026-04-29 18:33:00+00:00,709.14
2026-04-29 18:34:00+00:00,709.02
2026-04-29 18:35:00+00:00,709.43
2026-04-29 18:36:00+00:00,709.85
2026-04-29 18:37:00+00:00,709.52
2026-04-29 18:38:00+00:00,709.28
2026-04-29 18:39:00+00:00,709.38
2026-04-29 18:40:00+00:00,709.39
2026-04-29 18:41:00+00:00,709.13
2026-04-29 18:42:00+00:00,709.4
2026-04-29 18:43:00+00:00,709.27
2026-04-29 18:44:00+00:00,708.695
2026-04-29 18:45:00+00:00,708.95
2026-04-29 18:46:00+00:00,708.87
2026-04-29 18:47:00+00:00,709.33
2026-04-29 18:48:00+00:00,709.33
2026-04-29 18:49:00+00:00,709.48
2026-04-29 18:50:00+00:00,709.785
2026-04-29 18:51:00+00:00,709.76
2026-04-29 18:52:00+00:00,709.67
2026-04-29 18:53:00+00:00,709.68
2026-04-29 18:54:00+00:00,709.575
2026-04-29 18:55:00+00:00,710.0
2026-04-29 18:56:00+00:00,710.065
2026-04-29 18:57:00+00:00,710.31
2026-04-29 18:58:00+00:00,710.38
2026-04-29 18:59:00+00:00,710.61
2026-04-29 19:00:00+00:00,710.57
2026-04-29 19:01:00+00:00,710.56
2026-04-29 19:02:00+00:00,710.37
2026-04-29 19:03:00+00:00,710.5
2026-04-29 19:04:00+00:00,710.43
2026-04-29 19:05:00+00:00,710.09
2026-04-29 19:06:00+00:00,710.265
2026-04-29 19:07:00+00:00,710.32
2026-04-29 19:08:00+00:00,710.35
2026-04-29 19:09:00+00:00,710.46
2026-04-29 19:10:00+00:00,710.61
2026-04-29 19:11:00+00:00,710.69
2026-04-29 19:12:00+00:00,710.89
2026-04-29 19:13:00+00:00,711.0
2026-04-29 19:14:00+00:00,711.235
2026-04-29 19:15:00+00:00,711.305
2026-04-29 19:16:00+00:00,711.17
2026-04-29 19:17:00+00:00,711.15
2026-04-29 19:18:00+00:00,711.26
2026-04-29 19:19:00+00:00,711.27
2026-04-29 19:20:00+00:00,711.12
2026-04-29 19:21:00+00:00,711.08
2026-04-29 19:22:00+00:00,711.06
2026-04-29 19:23:00+00:00,711.0
2026-04-29 19:24:00+00:00,711.19
2026-04-29 19:25:00+00:00,711.18
2026-04-29 19:26:00+00:00,711.12
2026-04-29 19:27:00+00:00,711.185
2026-04-29 19:28:00+00:00,711.025
2026-04-29 19:29:00+00:00,710.87
2026-04-29 19:30:00+00:00,710.65
2026-04-29 19:31:00+00:00,710.62
2026-04-29 19:32:00+00:00,710.31
2026-04-29 19:33:00+00:00,710.17
2026-04-29 19:34:00+00:00,710.36
2026-04-29 19:35:00+00:00,710.355
2026-04-29 19:36:00+00:00,710.57
2026-04-29 19:37:00+00:00,710.75
2026-04-29 19:38:00+00:00,710.85
2026-04-29 19:39:00+00:00,710.96
2026-04-29 19:40:00+00:00,710.785
2026-04-29 19:41:00+00:00,710.57
2026-04-29 19:42:00+00:00,710.72
2026-04-29 19:43:00+00:00,710.52
2026-04-29 19:44:00+00:00,710.53
2026-04-29 19:45:00+00:00,710.72
2026-04-29 19:46:00+00:00,710.695
2026-04-29 19:47:00+00:00,710.73
2026-04-29 19:48:00+00:00,710.69
2026-04-29 19:49:00+00:00,710.75
2026-04-29 19:50:00+00:00,710.49
2026-04-29 19:51:00+00:00,710.55
2026-04-29 19:52:00+00:00,710.63
2026-04-29 19:53:00+00:00,710.83
2026-04-29 19:54:00+00:00,711.01
2026-04-29 19:55:00+00:00,711.1
2026-04-29 19:56:00+00:00,711.04
2026-04-29 19:57:00+00:00,711.0
2026-04-29 19:58:00+00:00,710.625
2026-04-29 19:59:00+00:00,711.59
2026-04-29 20:03:00+00:00,713.0
2026-04-29 20:07:00+00:00,712.0
2026-04-29 20:40:00+00:00,711.23
2026-04-30 12:08:00+00:00,714.52
2026-04-30 12:09:00+00:00,714.44
2026-04-30 12:11:00+00:00,714.64
2026-04-30 12:13:00+00:00,714.88
2026-04-30 12:16:00+00:00,715.08
2026-04-30 12:17:00+00:00,715.3
2026-04-30 12:19:00+00:00,715.39
2026-04-30 12:22:00+00:00,715.66
2026-04-30 12:23:00+00:00,715.37
2026-04-30 12:30:00+00:00,715.62
2026-04-30 12:32:00+00:00,714.96
2026-04-30 12:34:00+00:00,714.78
2026-04-30 12:44:00+00:00,714.6
2026-04-30 12:53:00+00:00,715.11
2026-04-30 13:30:00+00:00,713.68
2026-04-30 13:31:00+00:00,713.2
2026-04-30 13:32:00+00:00,713.5
2026-04-30 13:33:00+00:00,713.14
2026-04-30 13:34:00+00:00,713.005
2026-04-30 13:35:00+00:00,712.48
2026-04-30 13:36:00+00:00,712.695
2026-04-30 13:37:00+00:00,712.28
2026-04-30 13:38:00+00:00,712.32
2026-04-30 13:39:00+00:00,711.92
2026-04-30 13:40:00+00:00,711.71
2026-04-30 13:41:00+00:00,711.645
2026-04-30 13:42:00+00:00,712.08
2026-04-30 13:43:00+00:00,712.5
2026-04-30 13:44:00+00:00,712.88
2026-04-30 13:45:00+00:00,713.05
2026-04-30 13:46:00+00:00,712.29
2026-04-30 13:47:00+00:00,712.55
2026-04-30 13:48:00+00:00,712.43
2026-04-30 13:49:00+00:00,712.52
2026-04-30 13:50:00+00:00,712.41
2026-04-30 13:51:00+00:00,711.98
2026-04-30 13:52:00+00:00,711.66
2026-04-30 13:53:00+00:00,711.69
2026-04-30 13:54:00+00:00,711.52
2026-04-30 13:55:00+00:00,711.27
2026-04-30 13:56:00+00:00,711.155
2026-04-30 13:57:00+00:00,710.97
2026-04-30 13:58:00+00:00,711.27
2026-04-30 13:59:00+00:00,711.21
2026-04-30 14:00:00+00:00,711.68
2026-04-30 14:01:00+00:00,711.82
2026-04-30 14:02:00+00:00,712.1
2026-04-30 14:03:00+00:00,711.975
2026-04-30 14:04:00+00:00,711.875
2026-04-30 14:05:00+00:00,711.78
2026-04-30 14:06:00+00:00,711.765
2026-04-30 14:07:00+00:00,711.6
2026-04-30 14:08:00+00:00,710.785
2026-04-30 14:09:00+00:00,711.195
2026-04-30 14:10:00+00:00,711.015
2026-04-30 14:11:00+00:00,711.01
2026-04-30 14:12:00+00:00,711.305
2026-04-30 14:13:00+00:00,711.73
2026-04-30 14:14:00+00:00,711.61
2026-04-30 14:15:00+00:00,711.44
2026-04-30 14:16:00+00:00,710.57
2026-04-30 14:17:00+00:00,710.82
2026-04-30 14:18:00+00:00,711.47
2026-04-30 14:19:00+00:00,711.615
2026-04-30 14:20:00+00:00,711.72
2026-04-30 14:21:00+00:00,711.78
2026-04-30 14:22:00+00:00,712.33
2026-04-30 14:23:00+00:00,711.9
2026-04-30 14:24:00+00:00,711.88
2026-04-30 14:25:00+00:00,711.76
2026-04-30 14:26:00+00:00,711.39
2026-04-30 14:27:00+00:00,711.47
2026-04-30 14:28:00+00:00,711.77
2026-04-30 14:29:00+00:00,712.06
2026-04-30 14:30:00+00:00,712.19
2026-04-30 14:31:00+00:00,712.63
2026-04-30 14:32:00+00:00,712.57
2026-04-30 14:33:00+00:00,711.99
2026-04-30 14:34:00+00:00,711.705
2026-04-30 14:35:00+00:00,711.86
2026-04-30 14:36:00+00:00,711.41
2026-04-30 14:37:00+00:00,711.545
2026-04-30 14:38:00+00:00,711.52
2026-04-30 14:39:00+00:00,711.31
2026-04-30 14:40:00+00:00,711.83
2026-04-30 14:41:00+00:00,712.07
2026-04-30 14:42:00+00:00,711.96
2026-04-30 14:43:00+00:00,712.24
2026-04-30 14:44:00+00:00,712.24
2026-04-30 14:45:00+00:00,712.5
2026-04-30 14:46:00+00:00,712.85
2026-04-30 14:47:00+00:00,712.91
2026-04-30 14:48:00+00:00,712.84
2026-04-30 14:49:00+00:00,712.83
2026-04-30 14:50:00+00:00,712.96
2026-04-30 14:51:00+00:00,713.5
2026-04-30 14:52:00+00:00,713.65
2026-04-30 14:53:00+00:00,713.68
2026-04-30 14:54:00+00:00,713.69
2026-04-30 14:55:00+00:00,714.05
2026-04-30 14:56:00+00:00,713.875
2026-04-30 14:57:00+00:00,714.04
2026-04-30 14:58:00+00:00,714.07
2026-04-30 14:59:00+00:00,713.89
2026-04-30 15:00:00+00:00,714.08
2026-04-30 15:01:00+00:00,714.4
2026-04-30 15:02:00+00:00,714.05
2026-04-30 15:03:00+00:00,713.91
2026-04-30 15:04:00+00:00,713.99
2026-04-30 15:05:00+00:00,713.68
2026-04-30 15:06:00+00:00,713.69
2026-04-30 15:07:00+00:00,714.12
2026-04-30 15:08:00+00:00,714.05
2026-04-30 15:09:00+00:00,714.4
2026-04-30 15:10:00+00:00,714.4
2026-04-30 15:11:00+00:00,714.46
2026-04-30 15:12:00+00:00,714.16
2026-04-30 15:13:00+00:00,714.13
2026-04-30 15:14:00+00:00,714.29
2026-04-30 15:15:00+00:00,714.32
2026-04-30 15:16:00+00:00,714.28
2026-04-30 15:17:00+00:00,714.21
2026-04-30 15:18:00+00:00,714.115
2026-04-30 15:19:00+00:00,714.22
2026-04-30 15:20:00+00:00,714.18
2026-04-30 15:21:00+00:00,713.92
2026-04-30 15:22:00+00:00,713.95
2026-04-30 15:23:00+00:00,714.08
2026-04-30 15:24:00+00:00,714.235
2026-04-30 15:25:00+00:00,714.44
2026-04-30 15:26:00+00:00,714.4
2026-04-30 15:27:00+00:00,714.39
2026-04-30 15:28:00+00:00,714.28
2026-04-30 15:29:00+00:00,714.43
2026-04-30 15:30:00+00:00,714.65
2026-04-30 15:31:00+00:00,714.76
2026-04-30 15:32:00+00:00,714.64
2026-04-30 15:33:00+00:00,714.51
2026-04-30 15:34:00+00:00,714.5
2026-04-30 15:35:00+00:00,714.22
2026-04-30 15:36:00+00:00,714.245
2026-04-30 15:37:00+00:00,714.0
2026-04-30 15:38:00+00:00,714.095
2026-04-30 15:39:00+00:00,713.99
2026-04-30 15:40:00+00:00,713.82
2026-04-30 15:41:00+00:00,714.0
2026-04-30 15:42:00+00:00,713.88
2026-04-30 15:43:00+00:00,713.925
2026-04-30 15:44:00+00:00,713.98
2026-04-30 15:45:00+00:00,713.63
2026-04-30 15:46:00+00:00,713.68
2026-04-30 15:47:00+00:00,713.53
2026-04-30 15:48:00+00:00,713.97
2026-04-30 15:49:00+00:00,713.99
2026-04-30 15:50:00+00:00,714.37
2026-04-30 15:51:00+00:00,714.44
2026-04-30 15:52:00+00:00,714.46
2026-04-30 15:53:00+00:00,714.53
2026-04-30 15:54:00+00:00,714.65
2026-04-30 15:55:00+00:00,714.97
2026-04-30 15:56:00+00:00,714.84
2026-04-30 15:57:00+00:00,714.73
2026-04-30 15:58:00+00:00,714.75
2026-04-30 15:59:00+00:00,714.6
2026-04-30 16:00:00+00:00,714.61
2026-04-30 16:01:00+00:00,714.345
2026-04-30 16:02:00+00:00,714.2
2026-04-30 16:03:00+00:00,714.38
2026-04-30 16:04:00+00:00,714.57
2026-04-30 16:05:00+00:00,714.68
2026-04-30 16:06:00+00:00,714.85
2026-04-30 16:07:00+00:00,714.8
2026-04-30 16:08:00+00:00,714.91
2026-04-30 16:09:00+00:00,714.75
2026-04-30 16:10:00+00:00,714.75
2026-04-30 16:11:00+00:00,714.83
2026-04-30 16:12:00+00:00,715.05
2026-04-30 16:13:00+00:00,715.26
2026-04-30 16:14:00+00:00,715.27
2026-04-30 16:15:00+00:00,715.09
2026-04-30 16:16:00+00:00,715.02
2026-04-30 16:17:00+00:00,715.11
2026-04-30 16:18:00+00:00,715.2
2026-04-30 16:19:00+00:00,715.19
2026-04-30 16:20:00+00:00,715.11
2026-04-30 16:21:00+00:00,715.05
2026-04-30 16:22:00+00:00,715.18
2026-04-30 16:23:00+00:00,714.95
2026-04-30 16:24:00+00:00,714.93
2026-04-30 16:25:00+00:00,714.84
2026-04-30 16:26:00+00:00,714.97
2026-04-30 16:27:00+00:00,714.98
2026-04-30 16:28:00+00:00,715.08
2026-04-30 16:29:00+00:00,715.17
2026-04-30 16:30:00+00:00,715.22
2026-04-30 16:31:00+00:00,715.12
2026-04-30 16:32:00+00:00,715.22
2026-04-30 16:33:00+00:00,715.19
2026-04-30 16:34:00+00:00,715.05
2026-04-30 16:35:00+00:00,715.035
2026-04-30 16:36:00+00:00,714.96
2026-04-30 16:37:00+00:00,714.93
2026-04-30 16:38:00+00:00,715.0
2026-04-30 16:39:00+00:00,715.15
2026-04-30 16:40:00+00:00,715.05
2026-04-30 16:41:00+00:00,714.94
2026-04-30 16:42:00+00:00,714.955
2026-04-30 16:43:00+00:00,714.935
2026-04-30 16:44:00+00:00,714.72
2026-04-30 16:45:00+00:00,714.53
2026-04-30 16:46:00+00:00,714.75
2026-04-30 16:47:00+00:00,714.765
2026-04-30 16:48:00+00:00,714.75
2026-04-30 16:49:00+00:00,714.85
2026-04-30 16:50:00+00:00,714.66
2026-04-30 16:51:00+00:00,714.39
2026-04-30 16:52:00+00:00,714.32
2026-04-30 16:53:00+00:00,714.39
2026-04-30 16:54:00+00:00,714.39
2026-04-30 16:55:00+00:00,714.09
2026-04-30 16:56:00+00:00,714.16
2026-04-30 16:57:00+00:00,713.965
2026-04-30 16:58:00+00:00,714.235
2026-04-30 16:59:00+00:00,714.34
2026-04-30 17:00:00+00:00,714.8
2026-04-30 17:01:00+00:00,715.15
2026-04-30 17:02:00+00:00,714.795
2026-04-30 17:03:00+00:00,714.82
2026-04-30 17:04:00+00:00,714.95
2026-04-30 17:05:00+00:00,714.97
2026-04-30 17:06:00+00:00,714.94
2026-04-30 17:07:00+00:00,715.08
2026-04-30 17:08:00+00:00,715.18
2026-04-30 17:09:00+00:00,715.23
2026-04-30 17:10:00+00:00,715.23
2026-04-30 17:11:00+00:00,715.31
2026-04-30 17:12:00+00:00,715.29
2026-04-30 17:13:00+00:00,715.62
2026-04-30 17:14:00+00:00,715.55
2026-04-30 17:15:00+00:00,715.42
2026-04-30 17:16:00+00:00,715.375
2026-04-30 17:17:00+00:00,715.29
2026-04-30 17:18:00+00:00,715.4
2026-04-30 17:19:00+00:00,715.5
2026-04-30 17:20:00+00:00,715.52
2026-04-30 17:21:00+00:00,715.53
2026-04-30 17:22:00+00:00,715.44
2026-04-30 17:23:00+00:00,715.52
2026-04-30 17:24:00+00:00,715.7
2026-04-30 17:25:00+00:00,715.66
2026-04-30 17:26:00+00:00,715.58
2026-04-30 17:27:00+00:00,715.61
2026-04-30 17:28:00+00:00,715.61
2026-04-30 17:29:00+00:00,715.81
2026-04-30 17:30:00+00:00,716.47
2026-04-30 17:31:00+00:00,716.17
2026-04-30 17:32:00+00:00,716.185
2026-04-30 17:33:00+00:00,716.12
2026-04-30 17:34:00+00:00,716.25
2026-04-30 17:35:00+00:00,716.44
2026-04-30 17:36:00+00:00,716.41
2026-04-30 17:37:00+00:00,716.48
2026-04-30 17:38:00+00:00,716.37
2026-04-30 17:39:00+00:00,716.48
2026-04-30 17:40:00+00:00,716.33
2026-04-30 17:41:00+00:00,716.43
2026-04-30 17:42:00+00:00,716.36
2026-04-30 17:43:00+00:00,716.48
2026-04-30 17:44:00+00:00,716.45
2026-04-30 17:45:00+00:00,716.64
2026-04-30 17:46:00+00:00,716.84
2026-04-30 17:47:00+00:00,716.75
2026-04-30 17:48:00+00:00,716.84
2026-04-30 17:49:00+00:00,716.77
2026-04-30 17:50:00+00:00,716.78
2026-04-30 17:51:00+00:00,716.66
2026-04-30 17:52:00+00:00,716.665
2026-04-30 17:53:00+00:00,716.76
2026-04-30 17:54:00+00:00,716.72
2026-04-30 17:55:00+00:00,716.75
2026-04-30 17:56:00+00:00,716.84
2026-04-30 17:57:00+00:00,716.93
2026-04-30 17:58:00+00:00,717.05
2026-04-30 17:59:00+00:00,717.06
2026-04-30 18:00:00+00:00,717.665
2026-04-30 18:01:00+00:00,717.67
2026-04-30 18:02:00+00:00,717.8
2026-04-30 18:03:00+00:00,717.835
2026-04-30 18:04:00+00:00,717.675
2026-04-30 18:05:00+00:00,717.58
2026-04-30 18:06:00+00:00,717.66
2026-04-30 18:07:00+00:00,717.62
2026-04-30 18:08:00+00:00,717.64
2026-04-30 18:09:00+00:00,717.54
2026-04-30 18:10:00+00:00,717.61
2026-04-30 18:11:00+00:00,717.6
2026-04-30 18:12:00+00:00,717.76
2026-04-30 18:13:00+00:00,717.8
2026-04-30 18:14:00+00:00,717.79
2026-04-30 18:15:00+00:00,717.83
2026-04-30 18:16:00+00:00,718.09
2026-04-30 18:17:00+00:00,717.945
2026-04-30 18:18:00+00:00,718.035
2026-04-30 18:19:00+00:00,717.87
2026-04-30 18:20:00+00:00,717.93
2026-04-30 18:21:00+00:00,717.86
2026-04-30 18:22:00+00:00,717.84
2026-04-30 18:23:00+00:00,717.84
2026-04-30 18:24:00+00:00,717.71
2026-04-30 18:25:00+00:00,717.79
2026-04-30 18:26:00+00:00,717.68
2026-04-30 18:27:00+00:00,717.73
2026-04-30 18:28:00+00:00,717.78
2026-04-30 18:29:00+00:00,717.87
2026-04-30 18:30:00+00:00,718.15
2026-04-30 18:31:00+00:00,718.13
2026-04-30 18:32:00+00:00,718.12
2026-04-30 18:33:00+00:00,718.06
2026-04-30 18:34:00+00:00,718.11
2026-04-30 18:35:00+00:00,718.265
2026-04-30 18:36:00+00:00,718.42
2026-04-30 18:37:00+00:00,718.51
2026-04-30 18:38:00+00:00,718.47
2026-04-30 18:39:00+00:00,718.51
2026-04-30 18:40:00+00:00,718.58
2026-04-30 18:41:00+00:00,718.62
2026-04-30 18:42:00+00:00,718.53
2026-04-30 18:43:00+00:00,718.59
2026-04-30 18:44:00+00:00,718.59
2026-04-30 18:45:00+00:00,718.64
2026-04-30 18:46:00+00:00,718.59
2026-04-30 18:47:00+00:00,718.68
2026-04-30 18:48:00+00:00,718.7
2026-04-30 18:49:00+00:00,718.68
2026-04-30 18:50:00+00:00,718.71
2026-04-30 18:51:00+00:00,718.58
2026-04-30 18:52:00+00:00,718.6
2026-04-30 18:53:00+00:00,718.48
2026-04-30 18:54:00+00:00,718.495
2026-04-30 18:55:00+00:00,718.5
2026-04-30 18:56:00+00:00,718.41
2026-04-30 18:57:00+00:00,718.46
2026-04-30 18:58:00+00:00,718.37
2026-04-30 18:59:00+00:00,718.37
2026-04-30 19:00:00+00:00,718.6
2026-04-30 19:01:00+00:00,718.69
2026-04-30 19:02:00+00:00,718.78
2026-04-30 19:03:00+00:00,718.72
2026-04-30 19:04:00+00:00,718.75
2026-04-30 19:05:00+00:00,718.69
2026-04-30 19:06:00+00:00,718.76
2026-04-30 19:07:00+00:00,718.87
2026-04-30 19:08:00+00:00,718.75
2026-04-30 19:09:00+00:00,718.91
2026-04-30 19:10:00+00:00,719.02
2026-04-30 19:11:00+00:00,719.09
2026-04-30 19:12:00+00:00,719.14
2026-04-30 19:13:00+00:00,719.32
2026-04-30 19:14:00+00:00,719.28
2026-04-30 19:15:00+00:00,719.22
2026-04-30 19:16:00+00:00,719.28
2026-04-30 19:17:00+00:00,719.315
2026-04-30 19:18:00+00:00,719.25
2026-04-30 19:19:00+00:00,719.17
2026-04-30 19:20:00+00:00,719.14
2026-04-30 19:21:00+00:00,719.16
2026-04-30 19:22:00+00:00,719.135
2026-04-30 19:23:00+00:00,719.16
2026-04-30 19:24:00+00:00,719.27
2026-04-30 19:25:00+00:00,719.31
2026-04-30 19:26:00+00:00,719.23
2026-04-30 19:27:00+00:00,719.2
2026-04-30 19:28:00+00:00,719.21
2026-04-30 19:29:00+00:00,719.12
2026-04-30 19:30:00+00:00,718.94
2026-04-30 19:31:00+00:00,718.92
2026-04-30 19:32:00+00:00,718.835
2026-04-30 19:33:00+00:00,718.94
2026-04-30 19:34:00+00:00,718.93
2026-04-30 19:35:00+00:00,718.9
2026-04-30 19:36:00+00:00,719.005
2026-04-30 19:37:00+00:00,718.93
2026-04-30 19:38:00+00:00,718.955
2026-04-30 19:39:00+00:00,719.165
2026-04-30 19:40:00+00:00,718.94
2026-04-30 19:41:00+00:00,719.06
2026-04-30 19:42:00+00:00,719.165
2026-04-30 19:43:00+00:00,719.28
2026-04-30 19:44:00+00:00,719.38
2026-04-30 19:45:00+00:00,719.21
2026-04-30 19:46:00+00:00,719.26
2026-04-30 19:47:00+00:00,719.25
2026-04-30 19:48:00+00:00,719.28
2026-04-30 19:49:00+00:00,719.48
2026-04-30 19:50:00+00:00,719.41
2026-04-30 19:51:00+00:00,719.23
2026-04-30 19:52:00+00:00,718.97
2026-04-30 19:53:00+00:00,719.175
2026-04-30 19:54:00+00:00,719.225
2026-04-30 19:55:00+00:00,718.99
2026-04-30 19:56:00+00:00,718.88
2026-04-30 19:57:00+00:00,718.93
2026-04-30 19:58:00+00:00,718.91
2026-04-30 19:59:00+00:00,718.41
2026-05-01 12:01:00+00:00,720.69
2026-05-01 12:12:00+00:00,720.78
2026-05-01 12:14:00+00:00,721.56
2026-05-01 12:15:00+00:00,721.51
2026-05-01 12:22:00+00:00,721.41
2026-05-01 12:23:00+00:00,721.59
2026-05-01 12:25:00+00:00,721.54
2026-05-01 12:36:00+00:00,721.21
2026-05-01 12:42:00+00:00,720.71
2026-05-01 13:26:00+00:00,721.0
2026-05-01 13:30:00+00:00,721.02
2026-05-01 13:31:00+00:00,721.69
2026-05-01 13:32:00+00:00,721.91
2026-05-01 13:33:00+00:00,722.06
2026-05-01 13:34:00+00:00,722.22
2026-05-01 13:35:00+00:00,722.5
2026-05-01 13:36:00+00:00,722.45
2026-05-01 13:37:00+00:00,722.47
2026-05-01 13:38:00+00:00,722.26
2026-05-01 13:39:00+00:00,722.12
2026-05-01 13:40:00+00:00,722.43
2026-05-01 13:41:00+00:00,722.55
2026-05-01 13:42:00+00:00,722.31
2026-05-01 13:43:00+00:00,722.245
2026-05-01 13:44:00+00:00,722.51
2026-05-01 13:45:00+00:00,722.16
2026-05-01 13:46:00+00:00,722.02
2026-05-01 13:47:00+00:00,722.01
2026-05-01 13:48:00+00:00,722.15
2026-05-01 13:49:00+00:00,722.23
2026-05-01 13:50:00+00:00,722.64
2026-05-01 13:51:00+00:00,722.34
2026-05-01 13:52:00+00:00,722.42
2026-05-01 13:53:00+00:00,722.435
2026-05-01 13:54:00+00:00,722.56
2026-05-01 13:55:00+00:00,723.35
2026-05-01 13:56:00+00:00,723.515
2026-05-01 13:57:00+00:00,723.59
2026-05-01 13:58:00+00:00,723.83
2026-05-01 13:59:00+00:00,724.065
2026-05-01 14:00:00+00:00,724.27
2026-05-01 14:01:00+00:00,724.43
2026-05-01 14:02:00+00:00,724.4
2026-05-01 14:03:00+00:00,724.56
2026-05-01 14:04:00+00:00,724.35
2026-05-01 14:05:00+00:00,724.03
2026-05-01 14:06:00+00:00,724.22
2026-05-01 14:07:00+00:00,724.075
2026-05-01 14:08:00+00:00,724.06
2026-05-01 14:09:00+00:00,724.095
2026-05-01 14:10:00+00:00,724.115
2026-05-01 14:11:00+00:00,724.2
2026-05-01 14:12:00+00:00,724.47
2026-05-01 14:13:00+00:00,724.52
2026-05-01 14:14:00+00:00,724.45
2026-05-01 14:15:00+00:00,724.21
2026-05-01 14:16:00+00:00,724.45
2026-05-01 14:17:00+00:00,724.44
2026-05-01 14:18:00+00:00,724.27
2026-05-01 14:19:00+00:00,724.47
2026-05-01 14:20:00+00:00,724.56
2026-05-01 14:21:00+00:00,724.715
2026-05-01 14:22:00+00:00,724.8
2026-05-01 14:23:00+00:00,724.68
2026-05-01 14:24:00+00:00,724.585
2026-05-01 14:25:00+00:00,724.49
2026-05-01 14:26:00+00:00,724.45
2026-05-01 14:27:00+00:00,724.54
2026-05-01 14:28:00+00:00,724.41
2026-05-01 14:29:00+00:00,724.23
2026-05-01 14:30:00+00:00,723.87
2026-05-01 14:31:00+00:00,723.765
2026-05-01 14:32:00+00:00,723.595
2026-05-01 14:33:00+00:00,723.83
2026-05-01 14:34:00+00:00,723.28
2026-05-01 14:35:00+00:00,723.2
2026-05-01 14:36:00+00:00,722.72
2026-05-01 14:37:00+00:00,722.35
2026-05-01 14:38:00+00:00,722.72
2026-05-01 14:39:00+00:00,722.825
2026-05-01 14:40:00+00:00,722.7
2026-05-01 14:41:00+00:00,722.63
2026-05-01 14:42:00+00:00,722.76
2026-05-01 14:43:00+00:00,723.165
2026-05-01 14:44:00+00:00,723.01
2026-05-01 14:45:00+00:00,723.055
2026-05-01 14:46:00+00:00,723.23
2026-05-01 14:47:00+00:00,723.03
2026-05-01 14:48:00+00:00,723.25
2026-05-01 14:49:00+00:00,723.16
2026-05-01 14:50:00+00:00,722.81
2026-05-01 14:51:00+00:00,723.22
2026-05-01 14:52:00+00:00,723.14
2026-05-01 14:53:00+00:00,723.05
2026-05-01 14:54:00+00:00,722.935
2026-05-01 14:55:00+00:00,723.0
2026-05-01 14:56:00+00:00,723.04
2026-05-01 14:57:00+00:00,723.04
2026-05-01 14:58:00+00:00,722.91
2026-05-01 14:59:00+00:00,722.78
2026-05-01 15:00:00+00:00,722.67
2026-05-01 15:01:00+00:00,722.54
2026-05-01 15:02:00+00:00,722.35
2026-05-01 15:03:00+00:00,722.48
2026-05-01 15:04:00+00:00,722.37
2026-05-01 15:05:00+00:00,722.42
2026-05-01 15:06:00+00:00,722.4
2026-05-01 15:07:00+00:00,722.215
2026-05-01 15:08:00+00:00,722.445
2026-05-01 15:09:00+00:00,722.64
2026-05-01 15:10:00+00:00,722.36
2026-05-01 15:11:00+00:00,722.6
2026-05-01 15:12:00+00:00,722.74
2026-05-01 15:13:00+00:00,722.98
2026-05-01 15:14:00+00:00,722.965
2026-05-01 15:15:00+00:00,723.07
2026-05-01 15:16:00+00:00,722.96
2026-05-01 15:17:00+00:00,723.05
2026-05-01 15:18:00+00:00,722.925
2026-05-01 15:19:00+00:00,723.0
2026-05-01 15:20:00+00:00,723.15
2026-05-01 15:21:00+00:00,723.19
2026-05-01 15:22:00+00:00,723.14
2026-05-01 15:23:00+00:00,723.285
2026-05-01 15:24:00+00:00,723.27
2026-05-01 15:25:00+00:00,723.23
2026-05-01 15:26:00+00:00,723.27
2026-05-01 15:27:00+00:00,723.22
2026-05-01 15:28:00+00:00,723.05
2026-05-01 15:29:00+00:00,723.31
2026-05-01 15:30:00+00:00,723.375
2026-05-01 15:31:00+00:00,723.33
2026-05-01 15:32:00+00:00,723.37
2026-05-01 15:33:00+00:00,723.295
2026-05-01 15:34:00+00:00,723.26
2026-05-01 15:35:00+00:00,723.235
2026-05-01 15:36:00+00:00,723.4
2026-05-01 15:37:00+00:00,723.88
2026-05-01 15:38:00+00:00,723.76
2026-05-01 15:39:00+00:00,723.79
2026-05-01 15:40:00+00:00,723.855
2026-05-01 15:41:00+00:00,723.9
2026-05-01 15:42:00+00:00,723.91
2026-05-01 15:43:00+00:00,723.99
2026-05-01 15:44:00+00:00,724.025
2026-05-01 15:45:00+00:00,724.03
2026-05-01 15:46:00+00:00,724.19
2026-05-01 15:47:00+00:00,724.26
2026-05-01 15:48:00+00:00,724.27
2026-05-01 15:49:00+00:00,724.29
2026-05-01 15:50:00+00:00,723.35
2026-05-01 15:51:00+00:00,723.46
2026-05-01 15:52:00+00:00,723.505
2026-05-01 15:53:00+00:00,723.37
2026-05-01 15:54:00+00:00,723.45
2026-05-01 15:55:00+00:00,723.65
2026-05-01 15:56:00+00:00,723.68
2026-05-01 15:57:00+00:00,723.32
2026-05-01 15:58:00+00:00,723.38
2026-05-01 15:59:00+00:00,723.39
2026-05-01 16:00:00+00:00,723.32
2026-05-01 16:01:00+00:00,723.5
2026-05-01 16:02:00+00:00,723.42
2026-05-01 16:03:00+00:00,723.37
2026-05-01 16:04:00+00:00,723.35
2026-05-01 16:05:00+00:00,723.17
2026-05-01 16:06:00+00:00,723.135
2026-05-01 16:07:00+00:00,722.88
2026-05-01 16:08:00+00:00,722.79
2026-05-01 16:09:00+00:00,722.51
2026-05-01 16:10:00+00:00,722.44
2026-05-01 16:11:00+00:00,722.56
2026-05-01 16:12:00+00:00,722.71
2026-05-01 16:13:00+00:00,722.66
2026-05-01 16:14:00+00:00,722.5
2026-05-01 16:15:00+00:00,722.635
2026-05-01 16:16:00+00:00,722.785
2026-05-01 16:17:00+00:00,722.955
2026-05-01 16:18:00+00:00,722.78
2026-05-01 16:19:00+00:00,723.02
2026-05-01 16:20:00+00:00,722.97
2026-05-01 16:21:00+00:00,723.035
2026-05-01 16:22:00+00:00,723.14
2026-05-01 16:23:00+00:00,722.35
2026-05-01 16:24:00+00:00,722.51
2026-05-01 16:25:00+00:00,722.1
2026-05-01 16:26:00+00:00,722.185
2026-05-01 16:27:00+00:00,722.24
2026-05-01 16:28:00+00:00,722.45
2026-05-01 16:29:00+00:00,722.17
2026-05-01 16:30:00+00:00,722.18
2026-05-01 16:31:00+00:00,722.22
2026-05-01 16:32:00+00:00,722.17
2026-05-01 16:33:00+00:00,721.78
2026-05-01 16:34:00+00:00,722.04
2026-05-01 16:35:00+00:00,722.11
2026-05-01 16:36:00+00:00,722.0
2026-05-01 16:37:00+00:00,721.96
2026-05-01 16:38:00+00:00,722.1
2026-05-01 16:39:00+00:00,722.24
2026-05-01 16:40:00+00:00,722.01
2026-05-01 16:41:00+00:00,722.15
2026-05-01 16:42:00+00:00,721.91
2026-05-01 16:43:00+00:00,721.965
2026-05-01 16:44:00+00:00,721.71
2026-05-01 16:45:00+00:00,721.85
2026-05-01 16:46:00+00:00,721.75
2026-05-01 16:47:00+00:00,721.77
2026-05-01 16:48:00+00:00,721.58
2026-05-01 16:49:00+00:00,721.69
2026-05-01 16:50:00+00:00,721.62
2026-05-01 16:51:00+00:00,721.89
2026-05-01 16:52:00+00:00,721.71
2026-05-01 16:53:00+00:00,721.94
2026-05-01 16:54:00+00:00,722.13
2026-05-01 16:55:00+00:00,722.22
2026-05-01 16:56:00+00:00,722.13
2026-05-01 16:57:00+00:00,722.155
2026-05-01 16:58:00+00:00,722.29
2026-05-01 16:59:00+00:00,721.9
2026-05-01 17:00:00+00:00,722.08
2026-05-01 17:01:00+00:00,722.28
2026-05-01 17:02:00+00:00,722.38
2026-05-01 17:03:00+00:00,722.25
2026-05-01 17:04:00+00:00,722.15
2026-05-01 17:05:00+00:00,722.28
2026-05-01 17:06:00+00:00,722.315
2026-05-01 17:07:00+00:00,722.26
2026-05-01 17:08:00+00:00,722.17
2026-05-01 17:09:00+00:00,722.22
2026-05-01 17:10:00+00:00,722.26
2026-05-01 17:11:00+00:00,722.35
2026-05-01 17:12:00+00:00,722.325
2026-05-01 17:13:00+00:00,722.31
2026-05-01 17:14:00+00:00,722.51
2026-05-01 17:15:00+00:00,722.56
2026-05-01 17:16:00+00:00,722.585
2026-05-01 17:17:00+00:00,722.415
2026-05-01 17:18:00+00:00,722.63
2026-05-01 17:19:00+00:00,722.7
2026-05-01 17:20:00+00:00,722.76
2026-05-01 17:21:00+00:00,722.83
2026-05-01 17:22:00+00:00,722.85
2026-05-01 17:23:00+00:00,722.81
2026-05-01 17:24:00+00:00,722.75
2026-05-01 17:25:00+00:00,722.765
2026-05-01 17:26:00+00:00,722.84
2026-05-01 17:27:00+00:00,722.82
2026-05-01 17:28:00+00:00,722.93
2026-05-01 17:29:00+00:00,722.965
2026-05-01 17:30:00+00:00,722.99
2026-05-01 17:31:00+00:00,723.0
2026-05-01 17:32:00+00:00,723.045
2026-05-01 17:33:00+00:00,723.04
2026-05-01 17:34:00+00:00,722.99
2026-05-01 17:35:00+00:00,722.91
2026-05-01 17:36:00+00:00,722.83
2026-05-01 17:37:00+00:00,722.75
2026-05-01 17:38:00+00:00,722.66
2026-05-01 17:39:00+00:00,722.81
2026-05-01 17:40:00+00:00,722.95
2026-05-01 17:41:00+00:00,722.96
2026-05-01 17:42:00+00:00,722.99
2026-05-01 17:43:00+00:00,722.91
2026-05-01 17:44:00+00:00,722.91
2026-05-01 17:45:00+00:00,722.905
2026-05-01 17:46:00+00:00,722.95
2026-05-01 17:47:00+00:00,722.85
2026-05-01 17:48:00+00:00,722.87
2026-05-01 17:49:00+00:00,722.84
2026-05-01 17:50:00+00:00,722.9
2026-05-01 17:51:00+00:00,722.78
2026-05-01 17:52:00+00:00,722.865
2026-05-01 17:53:00+00:00,723.05
2026-05-01 17:54:00+00:00,722.97
2026-05-01 17:55:00+00:00,723.05
2026-05-01 17:56:00+00:00,722.95
2026-05-01 17:57:00+00:00,722.96
2026-05-01 17:58:00+00:00,722.91
2026-05-01 17:59:00+00:00,722.8
2026-05-01 18:00:00+00:00,722.82
2026-05-01 18:01:00+00:00,722.78
2026-05-01 18:02:00+00:00,722.54
2026-05-01 18:03:00+00:00,722.57
2026-05-01 18:04:00+00:00,722.47
2026-05-01 18:05:00+00:00,722.31
2026-05-01 18:06:00+00:00,722.32
2026-05-01 18:07:00+00:00,722.31
2026-05-01 18:08:00+00:00,722.44
2026-05-01 18:09:00+00:00,722.46
2026-05-01 18:10:00+00:00,722.37
2026-05-01 18:11:00+00:00,722.27
2026-05-01 18:12:00+00:00,722.22
2026-05-01 18:13:00+00:00,722.19
2026-05-01 18:14:00+00:00,721.83
2026-05-01 18:15:00+00:00,721.87
2026-05-01 18:16:00+00:00,721.59
2026-05-01 18:17:00+00:00,721.78
2026-05-01 18:18:00+00:00,721.8
2026-05-01 18:19:00+00:00,721.84
2026-05-01 18:20:00+00:00,721.74
2026-05-01 18:21:00+00:00,721.85
2026-05-01 18:22:00+00:00,721.92
2026-05-01 18:23:00+00:00,721.99
2026-05-01 18:24:00+00:00,722.07
2026-05-01 18:25:00+00:00,721.94
2026-05-01 18:26:00+00:00,721.98
2026-05-01 18:27:00+00:00,721.93
2026-05-01 18:28:00+00:00,722.01
2026-05-01 18:29:00+00:00,722.14
2026-05-01 18:30:00+00:00,721.96
2026-05-01 18:31:00+00:00,721.82
2026-05-01 18:32:00+00:00,721.76
2026-05-01 18:33:00+00:00,721.62
2026-05-01 18:34:00+00:00,721.58
2026-05-01 18:35:00+00:00,721.37
2026-05-01 18:36:00+00:00,721.53
2026-05-01 18:37:00+00:00,721.3
2026-05-01 18:38:00+00:00,721.36
2026-05-01 18:39:00+00:00,721.38
2026-05-01 18:40:00+00:00,721.345
2026-05-01 18:41:00+00:00,721.34
2026-05-01 18:42:00+00:00,721.4
2026-05-01 18:43:00+00:00,721.21
2026-05-01 18:44:00+00:00,721.22
2026-05-01 18:45:00+00:00,721.065
2026-05-01 18:46:00+00:00,721.11
2026-05-01 18:47:00+00:00,721.13
2026-05-01 18:48:00+00:00,721.05
2026-05-01 18:49:00+00:00,721.105
2026-05-01 18:50:00+00:00,721.18
2026-05-01 18:51:00+00:00,721.13
2026-05-01 18:52:00+00:00,721.01
2026-05-01 18:53:00+00:00,721.07
2026-05-01 18:54:00+00:00,721.04
2026-05-01 18:55:00+00:00,721.24
2026-05-01 18:56:00+00:00,721.08
2026-05-01 18:57:00+00:00,721.04
2026-05-01 18:58:00+00:00,721.05
2026-05-01 18:59:00+00:00,721.17
2026-05-01 19:00:00+00:00,721.145
2026-05-01 19:01:00+00:00,721.41
2026-05-01 19:02:00+00:00,721.525
2026-05-01 19:03:00+00:00,721.46
2026-05-01 19:04:00+00:00,721.415
2026-05-01 19:05:00+00:00,721.545
2026-05-01 19:06:00+00:00,721.6
2026-05-01 19:07:00+00:00,721.58
2026-05-01 19:08:00+00:00,721.67
2026-05-01 19:09:00+00:00,721.79
2026-05-01 19:10:00+00:00,721.72
2026-05-01 19:11:00+00:00,721.89
2026-05-01 19:12:00+00:00,721.93
2026-05-01 19:13:00+00:00,721.97
2026-05-01 19:14:00+00:00,722.07
2026-05-01 19:15:00+00:00,722.12
2026-05-01 19:16:00+00:00,722.0
2026-05-01 19:17:00+00:00,722.16
2026-05-01 19:18:00+00:00,722.27
2026-05-01 19:19:00+00:00,722.19
2026-05-01 19:20:00+00:00,722.15
2026-05-01 19:21:00+00:00,722.19
2026-05-01 19:22:00+00:00,722.125
2026-05-01 19:23:00+00:00,722.22
2026-05-01 19:24:00+00:00,722.24
2026-05-01 19:25:00+00:00,722.395
2026-05-01 19:26:00+00:00,722.53
2026-05-01 19:27:00+00:00,722.465
2026-05-01 19:28:00+00:00,722.54
2026-05-01 19:29:00+00:00,722.41
2026-05-01 19:30:00+00:00,722.31
2026-05-01 19:31:00+00:00,722.11
2026-05-01 19:32:00+00:00,722.14
2026-05-01 19:33:00+00:00,722.21
2026-05-01 19:34:00+00:00,722.26
2026-05-01 19:35:00+00:00,722.14
2026-05-01 19:36:00+00:00,722.1
2026-05-01 19:37:00+00:00,722.13
2026-05-01 19:38:00+00:00,722.18
2026-05-01 19:39:00+00:00,722.33
2026-05-01 19:40:00+00:00,722.355
2026-05-01 19:41:00+00:00,722.19
2026-05-01 19:42:00+00:00,722.075
2026-05-01 19:43:00+00:00,722.165
2026-05-01 19:44:00+00:00,722.14
2026-05-01 19:45:00+00:00,722.04
2026-05-01 19:46:00+00:00,722.01
2026-05-01 19:47:00+00:00,721.89
2026-05-01 19:48:00+00:00,721.87
2026-05-01 19:49:00+00:00,721.955
2026-05-01 19:50:00+00:00,721.635
2026-05-01 19:51:00+00:00,721.55
2026-05-01 19:52:00+00:00,721.175
2026-05-01 19:53:00+00:00,721.44
2026-05-01 19:54:00+00:00,721.32
2026-05-01 19:55:00+00:00,721.08
2026-05-01 19:56:00+00:00,721.18
2026-05-01 19:57:00+00:00,721.11
2026-05-01 19:58:00+00:00,720.99
2026-05-01 19:59:00+00:00,720.49
2026-05-01 20:00:00+00:00,720.6
2026-05-01 20:01:00+00:00,720.52
2026-05-01 20:02:00+00:00,720.64
2026-05-01 20:03:00+00:00,720.65
2026-05-01 20:21:00+00:00,719.72
2026-05-04 12:03:00+00:00,719.73
2026-05-04 12:07:00+00:00,719.94
2026-05-04 12:16:00+00:00,720.18
2026-05-04 12:17:00+00:00,720.11
2026-05-04 12:19:00+00:00,720.23
2026-05-04 12:21:00+00:00,720.41
2026-05-04 12:59:00+00:00,720.07
2026-05-04 13:06:00+00:00,719.94
2026-05-04 13:30:00+00:00,719.69
2026-05-04 13:31:00+00:00,719.71
2026-05-04 13:32:00+00:00,719.87
2026-05-04 13:33:00+00:00,719.87
2026-05-04 13:34:00+00:00,719.905
2026-05-04 13:35:00+00:00,719.825
2026-05-04 13:36:00+00:00,720.12
2026-05-04 13:37:00+00:00,719.645
2026-05-04 13:38:00+00:00,719.59
2026-05-04 13:39:00+00:00,719.84
2026-05-04 13:40:00+00:00,719.76
2026-05-04 13:41:00+00:00,720.03
2026-05-04 13:42:00+00:00,720.05
2026-05-04 13:43:00+00:00,720.03
2026-05-04 13:44:00+00:00,719.93
2026-05-04 13:45:00+00:00,720.28
2026-05-04 13:46:00+00:00,720.29
2026-05-04 13:47:00+00:00,720.46
2026-05-04 13:48:00+00:00,720.51
2026-05-04 13:49:00+00:00,720.41
2026-05-04 13:50:00+00:00,720.51
2026-05-04 13:51:00+00:00,720.56
2026-05-04 13:52:00+00:00,720.505
2026-05-04 13:53:00+00:00,720.5
2026-05-04 13:54:00+00:00,720.47
2026-05-04 13:55:00+00:00,720.37
2026-05-04 13:56:00+00:00,720.45
2026-05-04 13:57:00+00:00,720.49
2026-05-04 13:58:00+00:00,720.65
2026-05-04 13:59:00+00:00,720.64
2026-05-04 14:00:00+00:00,720.505
2026-05-04 14:01:00+00:00,720.47
2026-05-04 14:02:00+00:00,720.47
2026-05-04 14:03:00+00:00,720.44
2026-05-04 14:04:00+00:00,720.305
2026-05-04 14:05:00+00:00,720.385
2026-05-04 14:06:00+00:00,720.43
2026-05-04 14:07:00+00:00,720.58
2026-05-04 14:08:00+00:00,720.18
2026-05-04 14:09:00+00:00,720.06
2026-05-04 14:10:00+00:00,720.34
2026-05-04 14:11:00+00:00,720.64
2026-05-04 14:12:00+00:00,721.08
2026-05-04 14:13:00+00:00,721.055
2026-05-04 14:14:00+00:00,721.03
2026-05-04 14:15:00+00:00,721.04
2026-05-04 14:16:00+00:00,721.04
2026-05-04 14:17:00+00:00,721.18
2026-05-04 14:18:00+00:00,721.26
2026-05-04 14:19:00+00:00,721.43
2026-05-04 14:20:00+00:00,721.375
2026-05-04 14:21:00+00:00,721.52
2026-05-04 14:22:00+00:00,721.62
2026-05-04 14:23:00+00:00,721.38
2026-05-04 14:24:00+00:00,721.41
2026-05-04 14:25:00+00:00,721.46
2026-05-04 14:26:00+00:00,721.48
2026-05-04 14:27:00+00:00,721.48
2026-05-04 14:28:00+00:00,721.315
2026-05-04 14:29:00+00:00,721.185
2026-05-04 14:30:00+00:00,721.51
2026-05-04 14:31:00+00:00,721.68
2026-05-04 14:32:00+00:00,721.76
2026-05-04 14:33:00+00:00,721.75
2026-05-04 14:34:00+00:00,721.62
2026-05-04 14:35:00+00:00,721.71
2026-05-04 14:36:00+00:00,721.57
2026-05-04 14:37:00+00:00,721.795
2026-05-04 14:38:00+00:00,721.93
2026-05-04 14:39:00+00:00,721.84
2026-05-04 14:40:00+00:00,721.98
2026-05-04 14:41:00+00:00,721.985
2026-05-04 14:42:00+00:00,722.06
2026-05-04 14:43:00+00:00,721.995
2026-05-04 14:44:00+00:00,721.91
2026-05-04 14:45:00+00:00,722.035
2026-05-04 14:46:00+00:00,721.875
2026-05-04 14:47:00+00:00,721.97
2026-05-04 14:48:00+00:00,721.835
2026-05-04 14:49:00+00:00,721.69
2026-05-04 14:50:00+00:00,721.845
2026-05-04 14:51:00+00:00,721.905
2026-05-04 14:52:00+00:00,721.995
2026-05-04 14:53:00+00:00,721.94
2026-05-04 14:54:00+00:00,721.935
2026-05-04 14:55:00+00:00,721.89
2026-05-04 14:56:00+00:00,721.565
2026-05-04 14:57:00+00:00,721.26
2026-05-04 14:58:00+00:00,721.21
2026-05-04 14:59:00+00:00,720.97
2026-05-04 15:00:00+00:00,721.15
2026-05-04 15:01:00+00:00,721.15
2026-05-04 15:02:00+00:00,721.235
2026-05-04 15:03:00+00:00,721.0
2026-05-04 15:04:00+00:00,720.98
2026-05-04 15:05:00+00:00,721.08
2026-05-04 15:06:00+00:00,720.955
2026-05-04 15:07:00+00:00,720.795
2026-05-04 15:08:00+00:00,720.645
2026-05-04 15:09:00+00:00,720.84
2026-05-04 15:10:00+00:00,720.805
2026-05-04 15:11:00+00:00,720.605
2026-05-04 15:12:00+00:00,720.4
2026-05-04 15:13:00+00:00,720.23
2026-05-04 15:14:00+00:00,720.23
2026-05-04 15:15:00+00:00,720.3
2026-05-04 15:16:00+00:00,720.31
2026-05-04 15:17:00+00:00,720.01
2026-05-04 15:18:00+00:00,719.66
2026-05-04 15:19:00+00:00,718.855
2026-05-04 15:20:00+00:00,718.49
2026-05-04 15:21:00+00:00,717.6
2026-05-04 15:22:00+00:00,718.19
2026-05-04 15:23:00+00:00,717.93
2026-05-04 15:24:00+00:00,717.665
2026-05-04 15:25:00+00:00,717.79
2026-05-04 15:26:00+00:00,718.5
2026-05-04 15:27:00+00:00,718.63
2026-05-04 15:28:00+00:00,718.41
2026-05-04 15:29:00+00:00,718.45
2026-05-04 15:30:00+00:00,718.22
2026-05-04 15:31:00+00:00,718.03
2026-05-04 15:32:00+00:00,717.62
2026-05-04 15:33:00+00:00,718.09
2026-05-04 15:34:00+00:00,718.24
2026-05-04 15:35:00+00:00,717.6
2026-05-04 15:36:00+00:00,717.79
2026-05-04 15:37:00+00:00,717.975
2026-05-04 15:38:00+00:00,717.99
2026-05-04 15:39:00+00:00,717.8
2026-05-04 15:40:00+00:00,717.545
2026-05-04 15:41:00+00:00,717.88
2026-05-04 15:42:00+00:00,718.04
2026-05-04 15:43:00+00:00,717.78
2026-05-04 15:44:00+00:00,718.315
2026-05-04 15:45:00+00:00,717.975
2026-05-04 15:46:00+00:00,718.11
2026-05-04 15:47:00+00:00,717.79
2026-05-04 15:48:00+00:00,717.75
2026-05-04 15:49:00+00:00,717.62
2026-05-04 15:50:00+00:00,717.57
2026-05-04 15:51:00+00:00,717.235
2026-05-04 15:52:00+00:00,717.44
2026-05-04 15:53:00+00:00,717.71
2026-05-04 15:54:00+00:00,718.04
2026-05-04 15:55:00+00:00,718.02
2026-05-04 15:56:00+00:00,717.81
2026-05-04 15:57:00+00:00,717.77
2026-05-04 15:58:00+00:00,717.86
2026-05-04 15:59:00+00:00,717.58
2026-05-04 16:00:00+00:00,717.7
2026-05-04 16:01:00+00:00,717.135
2026-05-04 16:02:00+00:00,717.3
2026-05-04 16:03:00+00:00,717.14
2026-05-04 16:04:00+00:00,717.23
2026-05-04 16:05:00+00:00,717.05
2026-05-04 16:06:00+00:00,717.05
2026-05-04 16:07:00+00:00,716.05
2026-05-04 16:08:00+00:00,715.69
2026-05-04 16:09:00+00:00,716.08
2026-05-04 16:10:00+00:00,715.8
2026-05-04 16:11:00+00:00,716.33
2026-05-04 16:12:00+00:00,716.51
2026-05-04 16:13:00+00:00,716.23
2026-05-04 16:14:00+00:00,715.98
2026-05-04 16:15:00+00:00,715.93
2026-05-04 16:16:00+00:00,716.125
2026-05-04 16:17:00+00:00,716.31
2026-05-04 16:18:00+00:00,716.85
2026-05-04 16:19:00+00:00,717.22
2026-05-04 16:20:00+00:00,717.31
2026-05-04 16:21:00+00:00,717.27
2026-05-04 16:22:00+00:00,717.62
2026-05-04 16:23:00+00:00,717.385
2026-05-04 16:24:00+00:00,717.37
2026-05-04 16:25:00+00:00,717.42
2026-05-04 16:26:00+00:00,717.56
2026-05-04 16:27:00+00:00,717.12
2026-05-04 16:28:00+00:00,716.995
2026-05-04 16:29:00+00:00,717.11
2026-05-04 16:30:00+00:00,717.29
2026-05-04 16:31:00+00:00,717.38
2026-05-04 16:32:00+00:00,717.23
2026-05-04 16:33:00+00:00,717.33
2026-05-04 16:34:00+00:00,717.58
2026-05-04 16:35:00+00:00,717.28
2026-05-04 16:36:00+00:00,717.315
2026-05-04 16:37:00+00:00,717.125
2026-05-04 16:38:00+00:00,717.0
2026-05-04 16:39:00+00:00,716.95
2026-05-04 16:40:00+00:00,716.98
2026-05-04 16:41:00+00:00,717.04
2026-05-04 16:42:00+00:00,716.96
2026-05-04 16:43:00+00:00,717.28
2026-05-04 16:44:00+00:00,717.085
2026-05-04 16:45:00+00:00,716.98
2026-05-04 16:46:00+00:00,716.815
2026-05-04 16:47:00+00:00,716.755
2026-05-04 16:48:00+00:00,716.77
2026-05-04 16:49:00+00:00,716.81
2026-05-04 16:50:00+00:00,716.82
2026-05-04 16:51:00+00:00,716.62
2026-05-04 16:52:00+00:00,716.63
2026-05-04 16:53:00+00:00,716.61
2026-05-04 16:54:00+00:00,716.56
2026-05-04 16:55:00+00:00,716.63
2026-05-04 16:56:00+00:00,716.55
2026-05-04 16:57:00+00:00,716.58
2026-05-04 16:58:00+00:00,716.51
2026-05-04 16:59:00+00:00,716.54
2026-05-04 17:00:00+00:00,716.78
2026-05-04 17:01:00+00:00,716.85
2026-05-04 17:02:00+00:00,716.96
2026-05-04 17:03:00+00:00,716.92
2026-05-04 17:04:00+00:00,717.06
2026-05-04 17:05:00+00:00,717.28
2026-05-04 17:06:00+00:00,717.39
2026-05-04 17:07:00+00:00,717.38
2026-05-04 17:08:00+00:00,717.26
2026-05-04 17:09:00+00:00,717.37
2026-05-04 17:10:00+00:00,717.49
2026-05-04 17:11:00+00:00,717.35
2026-05-04 17:12:00+00:00,717.36
2026-05-04 17:13:00+00:00,717.23
2026-05-04 17:14:00+00:00,717.49
2026-05-04 17:15:00+00:00,717.38
2026-05-04 17:16:00+00:00,717.45
2026-05-04 17:17:00+00:00,717.89
2026-05-04 17:18:00+00:00,718.24
2026-05-04 17:19:00+00:00,718.28
2026-05-04 17:20:00+00:00,718.19
2026-05-04 17:21:00+00:00,718.37
2026-05-04 17:22:00+00:00,718.31
2026-05-04 17:23:00+00:00,718.56
2026-05-04 17:24:00+00:00,718.47
2026-05-04 17:25:00+00:00,718.41
2026-05-04 17:26:00+00:00,718.22
2026-05-04 17:27:00+00:00,718.47
2026-05-04 17:28:00+00:00,718.56
2026-05-04 17:29:00+00:00,718.51
2026-05-04 17:30:00+00:00,718.46
2026-05-04 17:31:00+00:00,718.48
2026-05-04 17:32:00+00:00,718.56
2026-05-04 17:33:00+00:00,718.34
2026-05-04 17:34:00+00:00,718.135
2026-05-04 17:35:00+00:00,717.8
2026-05-04 17:36:00+00:00,717.93
2026-05-04 17:37:00+00:00,717.79
2026-05-04 17:38:00+00:00,717.885
2026-05-04 17:39:00+00:00,718.02
2026-05-04 17:40:00+00:00,717.99
2026-05-04 17:41:00+00:00,717.94
2026-05-04 17:42:00+00:00,718.21
2026-05-04 17:43:00+00:00,718.27
2026-05-04 17:44:00+00:00,718.2
2026-05-04 17:45:00+00:00,718.17
2026-05-04 17:46:00+00:00,718.255
2026-05-04 17:47:00+00:00,718.24
2026-05-04 17:48:00+00:00,718.175
2026-05-04 17:49:00+00:00,718.31
2026-05-04 17:50:00+00:00,718.37
2026-05-04 17:51:00+00:00,718.53
2026-05-04 17:52:00+00:00,718.62
2026-05-04 17:53:00+00:00,718.33
2026-05-04 17:54:00+00:00,718.39
2026-05-04 17:55:00+00:00,718.48
2026-05-04 17:56:00+00:00,718.46
2026-05-04 17:57:00+00:00,718.52
2026-05-04 17:58:00+00:00,718.51
2026-05-04 17:59:00+00:00,718.33
2026-05-04 18:00:00+00:00,718.39
2026-05-04 18:01:00+00:00,718.435
2026-05-04 18:02:00+00:00,718.59
2026-05-04 18:03:00+00:00,718.8
2026-05-04 18:04:00+00:00,718.89
2026-05-04 18:05:00+00:00,718.98
2026-05-04 18:06:00+00:00,718.86
2026-05-04 18:07:00+00:00,718.62
2026-05-04 18:08:00+00:00,718.78
2026-05-04 18:09:00+00:00,718.705
2026-05-04 18:10:00+00:00,718.695
2026-05-04 18:11:00+00:00,718.67
2026-05-04 18:12:00+00:00,718.65
2026-05-04 18:13:00+00:00,718.54
2026-05-04 18:14:00+00:00,718.48
2026-05-04 18:15:00+00:00,718.35
2026-05-04 18:16:00+00:00,718.37
2026-05-04 18:17:00+00:00,718.28
2026-05-04 18:18:00+00:00,718.23
2026-05-04 18:19:00+00:00,718.25
2026-05-04 18:20:00+00:00,718.18
2026-05-04 18:21:00+00:00,718.08
2026-05-04 18:22:00+00:00,718.01
2026-05-04 18:23:00+00:00,717.585
2026-05-04 18:24:00+00:00,717.72
2026-05-04 18:25:00+00:00,717.57
2026-05-04 18:26:00+00:00,717.43
2026-05-04 18:27:00+00:00,717.32
2026-05-04 18:28:00+00:00,717.65
2026-05-04 18:29:00+00:00,717.785
2026-05-04 18:30:00+00:00,717.58
2026-05-04 18:31:00+00:00,717.545
2026-05-04 18:32:00+00:00,717.53
2026-05-04 18:33:00+00:00,717.67
2026-05-04 18:34:00+00:00,717.625
2026-05-04 18:35:00+00:00,717.42
2026-05-04 18:36:00+00:00,717.39
2026-05-04 18:37:00+00:00,717.36
2026-05-04 18:38:00+00:00,717.31
2026-05-04 18:39:00+00:00,717.52
2026-05-04 18:40:00+00:00,717.49
2026-05-04 18:41:00+00:00,717.49
2026-05-04 18:42:00+00:00,717.375
2026-05-04 18:43:00+00:00,717.17
2026-05-04 18:44:00+00:00,717.09
2026-05-04 18:45:00+00:00,716.975
2026-05-04 18:46:00+00:00,717.13
2026-05-04 18:47:00+00:00,717.34
2026-05-04 18:48:00+00:00,717.265
2026-05-04 18:49:00+00:00,717.45
2026-05-04 18:50:00+00:00,717.38
2026-05-04 18:51:00+00:00,717.47
2026-05-04 18:52:00+00:00,717.33
2026-05-04 18:53:00+00:00,717.12
2026-05-04 18:54:00+00:00,717.11
2026-05-04 18:55:00+00:00,717.32
2026-05-04 18:56:00+00:00,717.44
2026-05-04 18:57:00+00:00,717.57
2026-05-04 18:58:00+00:00,717.53
2026-05-04 18:59:00+00:00,717.435
2026-05-04 19:00:00+00:00,717.47
2026-05-04 19:01:00+00:00,717.38
2026-05-04 19:02:00+00:00,717.24
2026-05-04 19:03:00+00:00,717.41
2026-05-04 19:04:00+00:00,717.38
2026-05-04 19:05:00+00:00,717.75
2026-05-04 19:06:00+00:00,717.74
2026-05-04 19:07:00+00:00,717.83
2026-05-04 19:08:00+00:00,717.995
2026-05-04 19:09:00+00:00,717.935
2026-05-04 19:10:00+00:00,717.84
2026-05-04 19:11:00+00:00,717.845
2026-05-04 19:12:00+00:00,717.97
2026-05-04 19:13:00+00:00,717.945
2026-05-04 19:14:00+00:00,718.05
2026-05-04 19:15:00+00:00,717.95
2026-05-04 19:16:00+00:00,718.15
2026-05-04 19:17:00+00:00,718.09
2026-05-04 19:18:00+00:00,718.09
2026-05-04 19:19:00+00:00,717.94
2026-05-04 19:20:00+00:00,717.92
2026-05-04 19:21:00+00:00,717.965
2026-05-04 19:22:00+00:00,717.76
2026-05-04 19:23:00+00:00,717.915
2026-05-04 19:24:00+00:00,717.91
2026-05-04 19:25:00+00:00,717.745
2026-05-04 19:26:00+00:00,717.74
2026-05-04 19:27:00+00:00,717.71
2026-05-04 19:28:00+00:00,717.95
2026-05-04 19:29:00+00:00,717.75
2026-05-04 19:30:00+00:00,717.78
2026-05-04 19:31:00+00:00,718.0
2026-05-04 19:32:00+00:00,717.945
2026-05-04 19:33:00+00:00,718.025
2026-05-04 19:34:00+00:00,717.98
2026-05-04 19:35:00+00:00,718.04
2026-05-04 19:36:00+00:00,718.06
2026-05-04 19:37:00+00:00,718.195
2026-05-04 19:38:00+00:00,718.07
2026-05-04 19:39:00+00:00,717.98
2026-05-04 19:40:00+00:00,717.84
2026-05-04 19:41:00+00:00,717.76
2026-05-04 19:42:00+00:00,717.86
2026-05-04 19:43:00+00:00,717.8
2026-05-04 19:44:00+00:00,717.77
2026-05-04 19:45:00+00:00,717.68
2026-05-04 19:46:00+00:00,717.73
2026-05-04 19:47:00+00:00,718.075
2026-05-04 19:48:00+00:00,718.03
2026-05-04 19:49:00+00:00,718.13
2026-05-04 19:50:00+00:00,717.53
2026-05-04 19:51:00+00:00,717.63
2026-05-04 19:52:00+00:00,717.48
2026-05-04 19:53:00+00:00,717.5
2026-05-04 19:54:00+00:00,717.52
2026-05-04 19:55:00+00:00,717.58
2026-05-04 19:56:00+00:00,717.6
2026-05-04 19:57:00+00:00,717.725
2026-05-04 19:58:00+00:00,717.84
2026-05-04 19:59:00+00:00,718.09
2026-05-04 20:00:00+00:00,717.8
