timestamp,close
2026-04-06 12:09:00+00:00,136.86
2026-04-06 12:47:00+00:00,136.65
2026-04-06 13:10:00+00:00,136.98
2026-04-06 13:19:00+00:00,137.99
2026-04-06 13:23:00+00:00,138.13
2026-04-06 13:30:00+00:00,138.37
2026-04-06 13:31:00+00:00,138.4
2026-04-06 13:32:00+00:00,138.485
2026-04-06 13:33:00+00:00,138.39
2026-04-06 13:34:00+00:00,138.19
2026-04-06 13:35:00+00:00,138.11
2026-04-06 13:36:00+00:00,138.61
2026-04-06 13:37:00+00:00,139.01
2026-04-06 13:38:00+00:00,138.81
2026-04-06 13:39:00+00:00,138.84
2026-04-06 13:40:00+00:00,139.01
2026-04-06 13:41:00+00:00,138.68
2026-04-06 13:42:00+00:00,138.9
2026-04-06 13:43:00+00:00,139.2
2026-04-06 13:45:00+00:00,138.66
2026-04-06 13:46:00+00:00,138.255
2026-04-06 13:51:00+00:00,138.52
2026-04-06 13:53:00+00:00,138.46
2026-04-06 13:55:00+00:00,138.53
2026-04-06 13:56:00+00:00,138.46
2026-04-06 13:57:00+00:00,138.33
2026-04-06 13:58:00+00:00,138.42
2026-04-06 13:59:00+00:00,138.28
2026-04-06 14:00:00+00:00,138.06
2026-04-06 14:01:00+00:00,138.34
2026-04-06 14:02:00+00:00,138.505
2026-04-06 14:03:00+00:00,138.81
2026-04-06 14:04:00+00:00,138.74
2026-04-06 14:05:00+00:00,139.16
2026-04-06 14:06:00+00:00,138.99
2026-04-06 14:07:00+00:00,138.93
2026-04-06 14:08:00+00:00,139.0
2026-04-06 14:09:00+00:00,139.0
2026-04-06 14:11:00+00:00,138.73
2026-04-06 14:12:00+00:00,138.61
2026-04-06 14:13:00+00:00,138.13
2026-04-06 14:14:00+00:00,138.01
2026-04-06 14:15:00+00:00,137.61
2026-04-06 14:16:00+00:00,137.57
2026-04-06 14:17:00+00:00,137.575
2026-04-06 14:19:00+00:00,137.42
2026-04-06 14:20:00+00:00,137.29
2026-04-06 14:21:00+00:00,137.1
2026-04-06 14:22:00+00:00,137.07
2026-04-06 14:24:00+00:00,137.36
2026-04-06 14:25:00+00:00,137.45
2026-04-06 14:26:00+00:00,137.0
2026-04-06 14:27:00+00:00,137.305
2026-04-06 14:28:00+00:00,137.31
2026-04-06 14:29:00+00:00,137.15
2026-04-06 14:30:00+00:00,136.9
2026-04-06 14:31:00+00:00,137.015
2026-04-06 14:32:00+00:00,136.93
2026-04-06 14:33:00+00:00,137.14
2026-04-06 14:35:00+00:00,137.085
2026-04-06 14:36:00+00:00,137.4
2026-04-06 14:37:00+00:00,137.46
2026-04-06 14:38:00+00:00,138.09
2026-04-06 14:39:00+00:00,137.71
2026-04-06 14:40:00+00:00,137.41
2026-04-06 14:41:00+00:00,137.3
2026-04-06 14:42:00+00:00,137.67
2026-04-06 14:44:00+00:00,137.27
2026-04-06 14:46:00+00:00,137.44
2026-04-06 14:47:00+00:00,137.62
2026-04-06 14:48:00+00:00,137.69
2026-04-06 14:49:00+00:00,137.77
2026-04-06 14:50:00+00:00,137.53
2026-04-06 14:51:00+00:00,137.44
2026-04-06 14:52:00+00:00,137.23
2026-04-06 14:53:00+00:00,137.23
2026-04-06 14:55:00+00:00,137.52
2026-04-06 14:56:00+00:00,137.43
2026-04-06 14:57:00+00:00,137.22
2026-04-06 14:58:00+00:00,137.34
2026-04-06 15:01:00+00:00,137.52
2026-04-06 15:02:00+00:00,137.4
2026-04-06 15:04:00+00:00,137.75
2026-04-06 15:05:00+00:00,137.89
2026-04-06 15:06:00+00:00,137.89
2026-04-06 15:07:00+00:00,137.945
2026-04-06 15:08:00+00:00,137.875
2026-04-06 15:10:00+00:00,138.02
2026-04-06 15:11:00+00:00,138.07
2026-04-06 15:12:00+00:00,137.85
2026-04-06 15:13:00+00:00,137.7
2026-04-06 15:14:00+00:00,138.13
2026-04-06 15:18:00+00:00,138.45
2026-04-06 15:20:00+00:00,138.51
2026-04-06 15:22:00+00:00,138.485
2026-04-06 15:24:00+00:00,138.63
2026-04-06 15:25:00+00:00,138.71
2026-04-06 15:28:00+00:00,138.83
2026-04-06 15:29:00+00:00,138.715
2026-04-06 15:30:00+00:00,138.66
2026-04-06 15:37:00+00:00,139.11
2026-04-06 15:41:00+00:00,138.88
2026-04-06 15:42:00+00:00,138.92
2026-04-06 15:43:00+00:00,138.79
2026-04-06 15:44:00+00:00,138.84
2026-04-06 15:46:00+00:00,138.53
2026-04-06 15:51:00+00:00,138.51
2026-04-06 15:52:00+00:00,138.22
2026-04-06 16:00:00+00:00,138.21
2026-04-06 16:03:00+00:00,138.0
2026-04-06 16:04:00+00:00,138.0
2026-04-06 16:08:00+00:00,138.13
2026-04-06 16:10:00+00:00,137.91
2026-04-06 16:14:00+00:00,137.79
2026-04-06 16:15:00+00:00,137.65
2026-04-06 16:16:00+00:00,137.92
2026-04-06 16:20:00+00:00,138.01
2026-04-06 16:22:00+00:00,137.9
2026-04-06 16:27:00+00:00,138.11
2026-04-06 16:32:00+00:00,137.91
2026-04-06 16:33:00+00:00,137.94
2026-04-06 16:36:00+00:00,137.99
2026-04-06 16:43:00+00:00,137.64
2026-04-06 16:44:00+00:00,137.5
2026-04-06 16:45:00+00:00,137.44
2026-04-06 16:46:00+00:00,137.62
2026-04-06 16:49:00+00:00,137.62
2026-04-06 16:53:00+00:00,137.91
2026-04-06 16:54:00+00:00,138.14
2026-04-06 16:55:00+00:00,138.25
2026-04-06 16:56:00+00:00,138.39
2026-04-06 16:57:00+00:00,138.36
2026-04-06 16:59:00+00:00,138.49
2026-04-06 17:01:00+00:00,138.91
2026-04-06 17:02:00+00:00,139.28
2026-04-06 17:03:00+00:00,139.32
2026-04-06 17:04:00+00:00,139.23
2026-04-06 17:05:00+00:00,139.5
2026-04-06 17:06:00+00:00,139.35
2026-04-06 17:10:00+00:00,139.63
2026-04-06 17:11:00+00:00,139.84
2026-04-06 17:12:00+00:00,140.25
2026-04-06 17:13:00+00:00,140.31
2026-04-06 17:14:00+00:00,140.16
2026-04-06 17:15:00+00:00,140.39
2026-04-06 17:16:00+00:00,140.21
2026-04-06 17:18:00+00:00,140.27
2026-04-06 17:19:00+00:00,140.22
2026-04-06 17:20:00+00:00,140.43
2026-04-06 17:21:00+00:00,140.2
2026-04-06 17:22:00+00:00,140.01
2026-04-06 17:23:00+00:00,139.83
2026-04-06 17:25:00+00:00,139.86
2026-04-06 17:26:00+00:00,139.68
2026-04-06 17:27:00+00:00,139.56
2026-04-06 17:28:00+00:00,139.43
2026-04-06 17:29:00+00:00,139.4
2026-04-06 17:30:00+00:00,139.44
2026-04-06 17:31:00+00:00,139.57
2026-04-06 17:32:00+00:00,139.5
2026-04-06 17:33:00+00:00,139.7
2026-04-06 17:34:00+00:00,139.5
2026-04-06 17:35:00+00:00,139.63
2026-04-06 17:36:00+00:00,139.92
2026-04-06 17:37:00+00:00,140.03
2026-04-06 17:38:00+00:00,140.2
2026-04-06 17:39:00+00:00,140.28
2026-04-06 17:40:00+00:00,140.27
2026-04-06 17:41:00+00:00,140.69
2026-04-06 17:42:00+00:00,140.74
2026-04-06 17:43:00+00:00,140.77
2026-04-06 17:44:00+00:00,140.46
2026-04-06 17:45:00+00:00,140.37
2026-04-06 17:46:00+00:00,140.325
2026-04-06 17:49:00+00:00,140.55
2026-04-06 17:50:00+00:00,140.47
2026-04-06 17:53:00+00:00,140.545
2026-04-06 17:55:00+00:00,140.11
2026-04-06 17:56:00+00:00,140.23
2026-04-06 17:58:00+00:00,140.53
2026-04-06 18:00:00+00:00,140.89
2026-04-06 18:01:00+00:00,140.51
2026-04-06 18:02:00+00:00,140.38
2026-04-06 18:03:00+00:00,140.39
2026-04-06 18:04:00+00:00,140.55
2026-04-06 18:05:00+00:00,140.42
2026-04-06 18:06:00+00:00,140.33
2026-04-06 18:07:00+00:00,140.23
2026-04-06 18:08:00+00:00,140.24
2026-04-06 18:09:00+00:00,140.22
2026-04-06 18:10:00+00:00,139.56
2026-04-06 18:11:00+00:00,139.5
2026-04-06 18:12:00+00:00,139.51
2026-04-06 18:13:00+00:00,139.57
2026-04-06 18:14:00+00:00,139.71
2026-04-06 18:15:00+00:00,139.51
2026-04-06 18:16:00+00:00,139.56
2026-04-06 18:17:00+00:00,139.42
2026-04-06 18:18:00+00:00,139.24
2026-04-06 18:19:00+00:00,139.24
2026-04-06 18:22:00+00:00,139.45
2026-04-06 18:23:00+00:00,139.52
2026-04-06 18:24:00+00:00,139.65
2026-04-06 18:25:00+00:00,139.76
2026-04-06 18:26:00+00:00,139.9
2026-04-06 18:27:00+00:00,139.05
2026-04-06 18:28:00+00:00,139.23
2026-04-06 18:29:00+00:00,139.3
2026-04-06 18:30:00+00:00,138.84
2026-04-06 18:32:00+00:00,139.195
2026-04-06 18:33:00+00:00,139.03
2026-04-06 18:34:00+00:00,139.4
2026-04-06 18:36:00+00:00,139.38
2026-04-06 18:37:00+00:00,139.38
2026-04-06 18:38:00+00:00,139.21
2026-04-06 18:40:00+00:00,139.38
2026-04-06 18:44:00+00:00,139.4
2026-04-06 18:48:00+00:00,139.23
2026-04-06 18:54:00+00:00,138.94
2026-04-06 18:57:00+00:00,138.87
2026-04-06 19:01:00+00:00,139.21
2026-04-06 19:02:00+00:00,139.42
2026-04-06 19:03:00+00:00,139.44
2026-04-06 19:04:00+00:00,139.455
2026-04-06 19:05:00+00:00,139.155
2026-04-06 19:16:00+00:00,139.7
2026-04-06 19:26:00+00:00,139.4
2026-04-06 19:29:00+00:00,139.41
2026-04-06 19:32:00+00:00,139.31
2026-04-06 19:33:00+00:00,139.295
2026-04-06 19:34:00+00:00,139.29
2026-04-06 19:35:00+00:00,139.315
2026-04-06 19:36:00+00:00,139.34
2026-04-06 19:38:00+00:00,139.385
2026-04-06 19:40:00+00:00,139.39
2026-04-06 19:44:00+00:00,139.18
2026-04-06 19:45:00+00:00,139.12
2026-04-06 19:47:00+00:00,139.155
2026-04-06 19:48:00+00:00,138.97
2026-04-06 19:49:00+00:00,138.72
2026-04-06 19:50:00+00:00,138.51
2026-04-06 19:53:00+00:00,138.41
2026-04-06 19:54:00+00:00,138.43
2026-04-06 19:55:00+00:00,138.57
2026-04-06 19:57:00+00:00,138.78
2026-04-06 19:58:00+00:00,138.85
2026-04-06 19:59:00+00:00,138.91
2026-04-06 20:41:00+00:00,139.37
2026-04-07 12:07:00+00:00,142.53
2026-04-07 12:43:00+00:00,141.5
2026-04-07 12:49:00+00:00,142.03
2026-04-07 13:00:00+00:00,141.6
2026-04-07 13:02:00+00:00,141.42
2026-04-07 13:18:00+00:00,141.91
2026-04-07 13:22:00+00:00,141.75
2026-04-07 13:30:00+00:00,141.27
2026-04-07 13:31:00+00:00,141.72
2026-04-07 13:32:00+00:00,141.86
2026-04-07 13:33:00+00:00,141.96
2026-04-07 13:34:00+00:00,141.87
2026-04-07 13:35:00+00:00,142.02
2026-04-07 13:36:00+00:00,141.93
2026-04-07 13:37:00+00:00,141.69
2026-04-07 13:38:00+00:00,141.75
2026-04-07 13:39:00+00:00,141.91
2026-04-07 13:40:00+00:00,141.99
2026-04-07 13:41:00+00:00,142.24
2026-04-07 13:43:00+00:00,142.18
2026-04-07 13:44:00+00:00,142.215
2026-04-07 13:45:00+00:00,142.38
2026-04-07 13:46:00+00:00,142.385
2026-04-07 13:47:00+00:00,142.36
2026-04-07 13:49:00+00:00,142.08
2026-04-07 13:51:00+00:00,142.03
2026-04-07 13:52:00+00:00,142.075
2026-04-07 13:53:00+00:00,142.27
2026-04-07 13:54:00+00:00,141.95
2026-04-07 13:55:00+00:00,141.91
2026-04-07 13:57:00+00:00,142.31
2026-04-07 13:58:00+00:00,142.29
2026-04-07 13:59:00+00:00,142.52
2026-04-07 14:00:00+00:00,142.51
2026-04-07 14:02:00+00:00,142.57
2026-04-07 14:03:00+00:00,142.55
2026-04-07 14:04:00+00:00,142.33
2026-04-07 14:05:00+00:00,142.38
2026-04-07 14:06:00+00:00,142.73
2026-04-07 14:07:00+00:00,142.69
2026-04-07 14:08:00+00:00,142.78
2026-04-07 14:09:00+00:00,142.655
2026-04-07 14:11:00+00:00,142.825
2026-04-07 14:12:00+00:00,143.035
2026-04-07 14:13:00+00:00,143.0
2026-04-07 14:14:00+00:00,142.845
2026-04-07 14:16:00+00:00,142.88
2026-04-07 14:17:00+00:00,143.08
2026-04-07 14:18:00+00:00,143.13
2026-04-07 14:20:00+00:00,142.895
2026-04-07 14:21:00+00:00,142.6
2026-04-07 14:22:00+00:00,142.65
2026-04-07 14:23:00+00:00,142.56
2026-04-07 14:24:00+00:00,142.105
2026-04-07 14:25:00+00:00,142.16
2026-04-07 14:26:00+00:00,142.45
2026-04-07 14:27:00+00:00,142.685
2026-04-07 14:28:00+00:00,142.67
2026-04-07 14:29:00+00:00,142.695
2026-04-07 14:31:00+00:00,142.745
2026-04-07 14:32:00+00:00,142.61
2026-04-07 14:33:00+00:00,142.38
2026-04-07 14:34:00+00:00,142.41
2026-04-07 14:35:00+00:00,142.57
2026-04-07 14:36:00+00:00,142.71
2026-04-07 14:39:00+00:00,142.45
2026-04-07 14:41:00+00:00,142.56
2026-04-07 14:44:00+00:00,142.54
2026-04-07 14:45:00+00:00,142.4
2026-04-07 14:46:00+00:00,141.94
2026-04-07 14:47:00+00:00,142.08
2026-04-07 14:48:00+00:00,142.1
2026-04-07 14:49:00+00:00,142.08
2026-04-07 14:50:00+00:00,142.45
2026-04-07 14:51:00+00:00,142.35
2026-04-07 14:52:00+00:00,142.43
2026-04-07 14:53:00+00:00,142.36
2026-04-07 14:55:00+00:00,142.38
2026-04-07 14:56:00+00:00,142.26
2026-04-07 14:57:00+00:00,142.27
2026-04-07 14:58:00+00:00,142.57
2026-04-07 14:59:00+00:00,142.65
2026-04-07 15:00:00+00:00,142.92
2026-04-07 15:01:00+00:00,143.05
2026-04-07 15:02:00+00:00,143.29
2026-04-07 15:03:00+00:00,143.02
2026-04-07 15:04:00+00:00,143.35
2026-04-07 15:05:00+00:00,143.46
2026-04-07 15:08:00+00:00,143.84
2026-04-07 15:10:00+00:00,143.55
2026-04-07 15:11:00+00:00,143.74
2026-04-07 15:12:00+00:00,143.83
2026-04-07 15:13:00+00:00,143.75
2026-04-07 15:15:00+00:00,142.62
2026-04-07 15:16:00+00:00,142.9
2026-04-07 15:17:00+00:00,142.86
2026-04-07 15:18:00+00:00,142.72
2026-04-07 15:19:00+00:00,142.5
2026-04-07 15:20:00+00:00,142.68
2026-04-07 15:21:00+00:00,142.97
2026-04-07 15:22:00+00:00,142.68
2026-04-07 15:23:00+00:00,142.95
2026-04-07 15:24:00+00:00,142.86
2026-04-07 15:25:00+00:00,142.44
2026-04-07 15:26:00+00:00,142.52
2026-04-07 15:27:00+00:00,142.33
2026-04-07 15:28:00+00:00,142.45
2026-04-07 15:29:00+00:00,142.19
2026-04-07 15:30:00+00:00,142.37
2026-04-07 15:31:00+00:00,142.42
2026-04-07 15:32:00+00:00,142.42
2026-04-07 15:33:00+00:00,142.36
2026-04-07 15:34:00+00:00,142.36
2026-04-07 15:35:00+00:00,142.18
2026-04-07 15:36:00+00:00,142.09
2026-04-07 15:37:00+00:00,142.28
2026-04-07 15:39:00+00:00,142.47
2026-04-07 15:40:00+00:00,142.33
2026-04-07 15:41:00+00:00,142.24
2026-04-07 15:43:00+00:00,141.9
2026-04-07 15:44:00+00:00,141.85
2026-04-07 15:45:00+00:00,141.88
2026-04-07 15:47:00+00:00,141.81
2026-04-07 15:48:00+00:00,141.97
2026-04-07 15:51:00+00:00,141.94
2026-04-07 15:52:00+00:00,141.955
2026-04-07 15:54:00+00:00,141.32
2026-04-07 15:55:00+00:00,141.04
2026-04-07 15:56:00+00:00,141.36
2026-04-07 15:57:00+00:00,141.43
2026-04-07 15:58:00+00:00,141.31
2026-04-07 15:59:00+00:00,141.25
2026-04-07 16:00:00+00:00,140.61
2026-04-07 16:01:00+00:00,140.79
2026-04-07 16:02:00+00:00,140.27
2026-04-07 16:03:00+00:00,140.09
2026-04-07 16:04:00+00:00,140.45
2026-04-07 16:05:00+00:00,140.73
2026-04-07 16:06:00+00:00,140.51
2026-04-07 16:07:00+00:00,140.37
2026-04-07 16:08:00+00:00,140.79
2026-04-07 16:09:00+00:00,141.12
2026-04-07 16:10:00+00:00,141.19
2026-04-07 16:11:00+00:00,141.16
2026-04-07 16:12:00+00:00,141.3
2026-04-07 16:13:00+00:00,141.38
2026-04-07 16:14:00+00:00,141.48
2026-04-07 16:15:00+00:00,141.5
2026-04-07 16:16:00+00:00,141.49
2026-04-07 16:17:00+00:00,141.5
2026-04-07 16:18:00+00:00,141.6
2026-04-07 16:19:00+00:00,141.77
2026-04-07 16:20:00+00:00,141.77
2026-04-07 16:21:00+00:00,141.76
2026-04-07 16:22:00+00:00,141.78
2026-04-07 16:23:00+00:00,141.36
2026-04-07 16:24:00+00:00,141.17
2026-04-07 16:25:00+00:00,141.25
2026-04-07 16:26:00+00:00,141.46
2026-04-07 16:27:00+00:00,141.06
2026-04-07 16:28:00+00:00,141.21
2026-04-07 16:29:00+00:00,140.98
2026-04-07 16:30:00+00:00,141.07
2026-04-07 16:31:00+00:00,140.98
2026-04-07 16:32:00+00:00,141.15
2026-04-07 16:33:00+00:00,140.93
2026-04-07 16:34:00+00:00,140.8
2026-04-07 16:35:00+00:00,141.2
2026-04-07 16:36:00+00:00,141.27
2026-04-07 16:38:00+00:00,141.51
2026-04-07 16:39:00+00:00,141.65
2026-04-07 16:40:00+00:00,141.57
2026-04-07 16:41:00+00:00,141.38
2026-04-07 16:44:00+00:00,141.42
2026-04-07 16:45:00+00:00,141.02
2026-04-07 16:46:00+00:00,140.84
2026-04-07 16:47:00+00:00,140.89
2026-04-07 16:49:00+00:00,141.04
2026-04-07 16:50:00+00:00,141.12
2026-04-07 16:53:00+00:00,140.94
2026-04-07 16:54:00+00:00,140.74
2026-04-07 16:55:00+00:00,141.17
2026-04-07 16:56:00+00:00,141.54
2026-04-07 16:57:00+00:00,141.37
2026-04-07 16:58:00+00:00,141.51
2026-04-07 16:59:00+00:00,141.65
2026-04-07 17:00:00+00:00,141.36
2026-04-07 17:02:00+00:00,141.22
2026-04-07 17:05:00+00:00,140.96
2026-04-07 17:06:00+00:00,140.89
2026-04-07 17:07:00+00:00,141.27
2026-04-07 17:09:00+00:00,141.41
2026-04-07 17:10:00+00:00,141.52
2026-04-07 17:11:00+00:00,141.83
2026-04-07 17:12:00+00:00,141.77
2026-04-07 17:13:00+00:00,141.92
2026-04-07 17:14:00+00:00,141.92
2026-04-07 17:19:00+00:00,142.06
2026-04-07 17:21:00+00:00,142.26
2026-04-07 17:22:00+00:00,142.35
2026-04-07 17:24:00+00:00,142.34
2026-04-07 17:25:00+00:00,142.73
2026-04-07 17:26:00+00:00,142.18
2026-04-07 17:27:00+00:00,142.18
2026-04-07 17:28:00+00:00,142.45
2026-04-07 17:30:00+00:00,141.94
2026-04-07 17:31:00+00:00,141.89
2026-04-07 17:32:00+00:00,141.54
2026-04-07 17:33:00+00:00,141.47
2026-04-07 17:34:00+00:00,141.31
2026-04-07 17:35:00+00:00,140.94
2026-04-07 17:36:00+00:00,140.76
2026-04-07 17:37:00+00:00,140.89
2026-04-07 17:38:00+00:00,140.98
2026-04-07 17:39:00+00:00,141.12
2026-04-07 17:40:00+00:00,141.46
2026-04-07 17:41:00+00:00,141.15
2026-04-07 17:42:00+00:00,141.3
2026-04-07 17:43:00+00:00,141.36
2026-04-07 17:44:00+00:00,141.39
2026-04-07 17:45:00+00:00,141.64
2026-04-07 17:46:00+00:00,141.33
2026-04-07 17:48:00+00:00,141.31
2026-04-07 17:49:00+00:00,141.09
2026-04-07 17:50:00+00:00,140.95
2026-04-07 17:51:00+00:00,140.85
2026-04-07 17:52:00+00:00,140.65
2026-04-07 17:53:00+00:00,140.75
2026-04-07 17:54:00+00:00,140.9
2026-04-07 17:55:00+00:00,140.67
2026-04-07 17:57:00+00:00,141.09
2026-04-07 17:58:00+00:00,141.12
2026-04-07 17:59:00+00:00,141.19
2026-04-07 18:00:00+00:00,140.96
2026-04-07 18:03:00+00:00,140.77
2026-04-07 18:04:00+00:00,140.7
2026-04-07 18:05:00+00:00,140.83
2026-04-07 18:06:00+00:00,141.17
2026-04-07 18:07:00+00:00,141.02
2026-04-07 18:08:00+00:00,141.2
2026-04-07 18:09:00+00:00,140.91
2026-04-07 18:13:00+00:00,140.97
2026-04-07 18:14:00+00:00,140.9
2026-04-07 18:16:00+00:00,140.86
2026-04-07 18:17:00+00:00,140.8
2026-04-07 18:18:00+00:00,140.39
2026-04-07 18:19:00+00:00,140.34
2026-04-07 18:20:00+00:00,140.41
2026-04-07 18:21:00+00:00,140.41
2026-04-07 18:22:00+00:00,140.36
2026-04-07 18:23:00+00:00,140.805
2026-04-07 18:24:00+00:00,140.58
2026-04-07 18:25:00+00:00,140.55
2026-04-07 18:27:00+00:00,140.38
2026-04-07 18:28:00+00:00,140.1
2026-04-07 18:29:00+00:00,139.9
2026-04-07 18:30:00+00:00,140.18
2026-04-07 18:31:00+00:00,140.11
2026-04-07 18:32:00+00:00,140.07
2026-04-07 18:33:00+00:00,140.06
2026-04-07 18:34:00+00:00,140.0
2026-04-07 18:35:00+00:00,140.4
2026-04-07 18:36:00+00:00,140.39
2026-04-07 18:37:00+00:00,140.44
2026-04-07 18:38:00+00:00,140.63
2026-04-07 18:39:00+00:00,140.55
2026-04-07 18:41:00+00:00,140.88
2026-04-07 18:42:00+00:00,141.06
2026-04-07 18:43:00+00:00,141.21
2026-04-07 18:44:00+00:00,141.03
2026-04-07 18:45:00+00:00,141.17
2026-04-07 18:46:00+00:00,141.12
2026-04-07 18:48:00+00:00,141.14
2026-04-07 18:49:00+00:00,141.24
2026-04-07 18:50:00+00:00,141.18
2026-04-07 18:51:00+00:00,141.29
2026-04-07 18:53:00+00:00,141.49
2026-04-07 18:54:00+00:00,141.51
2026-04-07 18:55:00+00:00,141.66
2026-04-07 18:56:00+00:00,141.69
2026-04-07 18:57:00+00:00,141.48
2026-04-07 18:58:00+00:00,141.35
2026-04-07 18:59:00+00:00,141.48
2026-04-07 19:00:00+00:00,141.6
2026-04-07 19:01:00+00:00,141.57
2026-04-07 19:03:00+00:00,141.18
2026-04-07 19:04:00+00:00,141.3
2026-04-07 19:05:00+00:00,141.55
2026-04-07 19:06:00+00:00,141.29
2026-04-07 19:08:00+00:00,141.56
2026-04-07 19:10:00+00:00,141.68
2026-04-07 19:11:00+00:00,141.43
2026-04-07 19:12:00+00:00,141.51
2026-04-07 19:13:00+00:00,141.55
2026-04-07 19:15:00+00:00,141.25
2026-04-07 19:16:00+00:00,140.9
2026-04-07 19:17:00+00:00,140.76
2026-04-07 19:18:00+00:00,139.32
2026-04-07 19:19:00+00:00,138.47
2026-04-07 19:20:00+00:00,139.3
2026-04-07 19:21:00+00:00,139.4
2026-04-07 19:22:00+00:00,139.55
2026-04-07 19:23:00+00:00,140.01
2026-04-07 19:24:00+00:00,139.63
2026-04-07 19:25:00+00:00,139.3
2026-04-07 19:26:00+00:00,139.72
2026-04-07 19:27:00+00:00,139.56
2026-04-07 19:28:00+00:00,139.26
2026-04-07 19:29:00+00:00,139.62
2026-04-07 19:30:00+00:00,139.585
2026-04-07 19:31:00+00:00,139.8
2026-04-07 19:32:00+00:00,139.69
2026-04-07 19:33:00+00:00,139.86
2026-04-07 19:34:00+00:00,139.94
2026-04-07 19:35:00+00:00,140.02
2026-04-07 19:36:00+00:00,139.91
2026-04-07 19:37:00+00:00,139.83
2026-04-07 19:38:00+00:00,140.01
2026-04-07 19:39:00+00:00,139.94
2026-04-07 19:41:00+00:00,139.71
2026-04-07 19:42:00+00:00,139.94
2026-04-07 19:43:00+00:00,140.02
2026-04-07 19:44:00+00:00,139.76
2026-04-07 19:45:00+00:00,131.38
2026-04-07 19:46:00+00:00,137.085
2026-04-07 19:47:00+00:00,137.625
2026-04-07 19:48:00+00:00,137.19
2026-04-07 19:49:00+00:00,137.905
2026-04-07 19:50:00+00:00,137.47
2026-04-07 19:51:00+00:00,137.445
2026-04-07 19:52:00+00:00,137.8
2026-04-07 19:53:00+00:00,138.12
2026-04-07 19:54:00+00:00,138.16
2026-04-07 19:55:00+00:00,138.19
2026-04-07 19:56:00+00:00,137.84
2026-04-07 19:57:00+00:00,137.97
2026-04-07 19:58:00+00:00,138.05
2026-04-07 19:59:00+00:00,137.93
2026-04-07 20:02:00+00:00,136.76
2026-04-08 12:02:00+00:00,118.72
2026-04-08 12:17:00+00:00,118.26
2026-04-08 12:19:00+00:00,119.21
2026-04-08 12:20:00+00:00,119.94
2026-04-08 12:21:00+00:00,120.12
2026-04-08 12:22:00+00:00,120.74
2026-04-08 12:24:00+00:00,121.26
2026-04-08 12:26:00+00:00,121.26
2026-04-08 12:27:00+00:00,120.99
2026-04-08 12:28:00+00:00,120.66
2026-04-08 12:29:00+00:00,120.35
2026-04-08 12:34:00+00:00,119.63
2026-04-08 12:40:00+00:00,119.13
2026-04-08 12:46:00+00:00,118.43
2026-04-08 12:48:00+00:00,118.7
2026-04-08 12:54:00+00:00,118.3
2026-04-08 13:07:00+00:00,118.39
2026-04-08 13:30:00+00:00,119.19
2026-04-08 13:31:00+00:00,119.46
2026-04-08 13:32:00+00:00,119.415
2026-04-08 13:33:00+00:00,119.19
2026-04-08 13:34:00+00:00,118.975
2026-04-08 13:35:00+00:00,119.19
2026-04-08 13:36:00+00:00,118.86
2026-04-08 13:37:00+00:00,119.15
2026-04-08 13:38:00+00:00,119.89
2026-04-08 13:39:00+00:00,120.325
2026-04-08 13:40:00+00:00,120.13
2026-04-08 13:41:00+00:00,120.01
2026-04-08 13:42:00+00:00,120.53
2026-04-08 13:43:00+00:00,120.47
2026-04-08 13:44:00+00:00,120.09
2026-04-08 13:45:00+00:00,120.01
2026-04-08 13:46:00+00:00,119.32
2026-04-08 13:47:00+00:00,119.14
2026-04-08 13:48:00+00:00,118.94
2026-04-08 13:49:00+00:00,118.7
2026-04-08 13:50:00+00:00,118.84
2026-04-08 13:51:00+00:00,119.37
2026-04-08 13:52:00+00:00,119.015
2026-04-08 13:53:00+00:00,119.32
2026-04-08 13:54:00+00:00,119.47
2026-04-08 13:55:00+00:00,119.35
2026-04-08 13:56:00+00:00,119.06
2026-04-08 13:57:00+00:00,119.4
2026-04-08 13:58:00+00:00,119.5
2026-04-08 13:59:00+00:00,119.53
2026-04-08 14:00:00+00:00,119.26
2026-04-08 14:01:00+00:00,119.31
2026-04-08 14:02:00+00:00,119.39
2026-04-08 14:03:00+00:00,119.36
2026-04-08 14:04:00+00:00,119.125
2026-04-08 14:05:00+00:00,119.58
2026-04-08 14:06:00+00:00,119.28
2026-04-08 14:07:00+00:00,119.15
2026-04-08 14:08:00+00:00,119.95
2026-04-08 14:09:00+00:00,119.64
2026-04-08 14:10:00+00:00,119.42
2026-04-08 14:11:00+00:00,119.42
2026-04-08 14:12:00+00:00,119.46
2026-04-08 14:13:00+00:00,119.42
2026-04-08 14:14:00+00:00,119.27
2026-04-08 14:15:00+00:00,119.35
2026-04-08 14:16:00+00:00,119.45
2026-04-08 14:17:00+00:00,119.48
2026-04-08 14:18:00+00:00,119.95
2026-04-08 14:19:00+00:00,120.49
2026-04-08 14:20:00+00:00,120.62
2026-04-08 14:21:00+00:00,120.53
2026-04-08 14:22:00+00:00,120.46
2026-04-08 14:23:00+00:00,120.81
2026-04-08 14:24:00+00:00,121.0
2026-04-08 14:25:00+00:00,121.24
2026-04-08 14:26:00+00:00,121.3
2026-04-08 14:27:00+00:00,121.105
2026-04-08 14:28:00+00:00,121.21
2026-04-08 14:29:00+00:00,121.31
2026-04-08 14:30:00+00:00,121.54
2026-04-08 14:31:00+00:00,121.94
2026-04-08 14:32:00+00:00,122.355
2026-04-08 14:33:00+00:00,122.34
2026-04-08 14:34:00+00:00,122.22
2026-04-08 14:35:00+00:00,122.8
2026-04-08 14:36:00+00:00,122.7
2026-04-08 14:37:00+00:00,122.49
2026-04-08 14:38:00+00:00,122.52
2026-04-08 14:39:00+00:00,122.53
2026-04-08 14:40:00+00:00,122.52
2026-04-08 14:41:00+00:00,122.305
2026-04-08 14:42:00+00:00,122.4
2026-04-08 14:43:00+00:00,122.58
2026-04-08 14:44:00+00:00,122.795
2026-04-08 14:45:00+00:00,122.53
2026-04-08 14:46:00+00:00,122.865
2026-04-08 14:47:00+00:00,122.62
2026-04-08 14:48:00+00:00,122.32
2026-04-08 14:49:00+00:00,122.24
2026-04-08 14:50:00+00:00,122.28
2026-04-08 14:51:00+00:00,122.26
2026-04-08 14:52:00+00:00,122.74
2026-04-08 14:53:00+00:00,122.71
2026-04-08 14:54:00+00:00,122.29
2026-04-08 14:55:00+00:00,122.91
2026-04-08 14:56:00+00:00,123.09
2026-04-08 14:57:00+00:00,122.64
2026-04-08 14:58:00+00:00,122.43
2026-04-08 14:59:00+00:00,122.5
2026-04-08 15:00:00+00:00,122.305
2026-04-08 15:01:00+00:00,122.12
2026-04-08 15:02:00+00:00,121.96
2026-04-08 15:03:00+00:00,121.77
2026-04-08 15:04:00+00:00,122.05
2026-04-08 15:05:00+00:00,122.12
2026-04-08 15:06:00+00:00,122.25
2026-04-08 15:07:00+00:00,122.42
2026-04-08 15:08:00+00:00,122.46
2026-04-08 15:09:00+00:00,122.84
2026-04-08 15:10:00+00:00,122.6
2026-04-08 15:11:00+00:00,122.7
2026-04-08 15:12:00+00:00,122.59
2026-04-08 15:13:00+00:00,122.28
2026-04-08 15:14:00+00:00,122.47
2026-04-08 15:15:00+00:00,122.31
2026-04-08 15:16:00+00:00,122.28
2026-04-08 15:17:00+00:00,122.46
2026-04-08 15:19:00+00:00,122.25
2026-04-08 15:20:00+00:00,122.01
2026-04-08 15:21:00+00:00,122.13
2026-04-08 15:22:00+00:00,122.12
2026-04-08 15:23:00+00:00,122.28
2026-04-08 15:24:00+00:00,122.52
2026-04-08 15:25:00+00:00,122.36
2026-04-08 15:26:00+00:00,122.58
2026-04-08 15:27:00+00:00,122.77
2026-04-08 15:28:00+00:00,122.71
2026-04-08 15:29:00+00:00,123.24
2026-04-08 15:30:00+00:00,123.15
2026-04-08 15:31:00+00:00,123.11
2026-04-08 15:32:00+00:00,122.91
2026-04-08 15:33:00+00:00,122.99
2026-04-08 15:34:00+00:00,122.83
2026-04-08 15:35:00+00:00,122.72
2026-04-08 15:36:00+00:00,122.56
2026-04-08 15:37:00+00:00,122.58
2026-04-08 15:38:00+00:00,122.16
2026-04-08 15:39:00+00:00,122.03
2026-04-08 15:42:00+00:00,122.04
2026-04-08 15:44:00+00:00,122.285
2026-04-08 15:46:00+00:00,122.2
2026-04-08 15:47:00+00:00,122.095
2026-04-08 15:48:00+00:00,122.08
2026-04-08 15:49:00+00:00,122.01
2026-04-08 15:50:00+00:00,121.545
2026-04-08 15:51:00+00:00,121.54
2026-04-08 15:52:00+00:00,121.8
2026-04-08 15:53:00+00:00,121.7
2026-04-08 15:54:00+00:00,121.67
2026-04-08 15:55:00+00:00,121.63
2026-04-08 15:56:00+00:00,121.52
2026-04-08 15:57:00+00:00,121.84
2026-04-08 15:58:00+00:00,121.86
2026-04-08 15:59:00+00:00,121.79
2026-04-08 16:00:00+00:00,121.75
2026-04-08 16:01:00+00:00,121.57
2026-04-08 16:02:00+00:00,121.6
2026-04-08 16:04:00+00:00,121.77
2026-04-08 16:05:00+00:00,121.89
2026-04-08 16:06:00+00:00,121.98
2026-04-08 16:07:00+00:00,121.65
2026-04-08 16:08:00+00:00,121.65
2026-04-08 16:09:00+00:00,121.4
2026-04-08 16:10:00+00:00,121.59
2026-04-08 16:12:00+00:00,121.67
2026-04-08 16:13:00+00:00,121.8
2026-04-08 16:14:00+00:00,122.27
2026-04-08 16:15:00+00:00,122.3
2026-04-08 16:16:00+00:00,122.18
2026-04-08 16:17:00+00:00,122.47
2026-04-08 16:18:00+00:00,122.49
2026-04-08 16:19:00+00:00,122.33
2026-04-08 16:20:00+00:00,122.25
2026-04-08 16:21:00+00:00,122.16
2026-04-08 16:22:00+00:00,122.41
2026-04-08 16:23:00+00:00,122.4
2026-04-08 16:24:00+00:00,122.31
2026-04-08 16:25:00+00:00,122.63
2026-04-08 16:26:00+00:00,122.47
2026-04-08 16:27:00+00:00,122.65
2026-04-08 16:28:00+00:00,122.49
2026-04-08 16:29:00+00:00,122.3
2026-04-08 16:31:00+00:00,122.48
2026-04-08 16:33:00+00:00,122.0
2026-04-08 16:34:00+00:00,122.045
2026-04-08 16:36:00+00:00,122.24
2026-04-08 16:37:00+00:00,122.54
2026-04-08 16:38:00+00:00,122.59
2026-04-08 16:39:00+00:00,122.46
2026-04-08 16:40:00+00:00,122.46
2026-04-08 16:41:00+00:00,122.27
2026-04-08 16:42:00+00:00,122.23
2026-04-08 16:43:00+00:00,122.555
2026-04-08 16:44:00+00:00,122.59
2026-04-08 16:45:00+00:00,122.57
2026-04-08 16:46:00+00:00,122.45
2026-04-08 16:47:00+00:00,122.32
2026-04-08 16:48:00+00:00,122.06
2026-04-08 16:49:00+00:00,121.985
2026-04-08 16:50:00+00:00,121.975
2026-04-08 16:51:00+00:00,122.12
2026-04-08 16:52:00+00:00,121.91
2026-04-08 16:54:00+00:00,121.73
2026-04-08 16:55:00+00:00,121.7
2026-04-08 16:56:00+00:00,121.525
2026-04-08 16:57:00+00:00,121.6
2026-04-08 16:58:00+00:00,121.72
2026-04-08 17:01:00+00:00,121.72
2026-04-08 17:02:00+00:00,121.72
2026-04-08 17:03:00+00:00,121.87
2026-04-08 17:04:00+00:00,121.99
2026-04-08 17:05:00+00:00,122.16
2026-04-08 17:06:00+00:00,122.14
2026-04-08 17:07:00+00:00,122.43
2026-04-08 17:08:00+00:00,122.27
2026-04-08 17:09:00+00:00,122.26
2026-04-08 17:10:00+00:00,122.05
2026-04-08 17:11:00+00:00,121.87
2026-04-08 17:12:00+00:00,121.885
2026-04-08 17:13:00+00:00,122.0
2026-04-08 17:14:00+00:00,122.05
2026-04-08 17:15:00+00:00,122.04
2026-04-08 17:17:00+00:00,122.48
2026-04-08 17:18:00+00:00,122.4
2026-04-08 17:19:00+00:00,122.59
2026-04-08 17:21:00+00:00,122.55
2026-04-08 17:22:00+00:00,122.82
2026-04-08 17:23:00+00:00,123.02
2026-04-08 17:24:00+00:00,123.22
2026-04-08 17:25:00+00:00,123.26
2026-04-08 17:26:00+00:00,123.51
2026-04-08 17:27:00+00:00,123.44
2026-04-08 17:28:00+00:00,123.27
2026-04-08 17:29:00+00:00,123.3
2026-04-08 17:30:00+00:00,123.5
2026-04-08 17:31:00+00:00,123.3
2026-04-08 17:32:00+00:00,123.3
2026-04-08 17:33:00+00:00,123.4
2026-04-08 17:34:00+00:00,123.37
2026-04-08 17:35:00+00:00,123.29
2026-04-08 17:36:00+00:00,122.95
2026-04-08 17:37:00+00:00,123.25
2026-04-08 17:38:00+00:00,123.29
2026-04-08 17:39:00+00:00,123.37
2026-04-08 17:40:00+00:00,123.15
2026-04-08 17:41:00+00:00,123.215
2026-04-08 17:42:00+00:00,122.86
2026-04-08 17:43:00+00:00,122.59
2026-04-08 17:45:00+00:00,122.6
2026-04-08 17:46:00+00:00,122.62
2026-04-08 17:47:00+00:00,122.55
2026-04-08 17:48:00+00:00,122.72
2026-04-08 17:49:00+00:00,122.76
2026-04-08 17:50:00+00:00,122.65
2026-04-08 17:51:00+00:00,122.58
2026-04-08 17:53:00+00:00,122.735
2026-04-08 17:54:00+00:00,122.92
2026-04-08 17:55:00+00:00,123.08
2026-04-08 17:56:00+00:00,123.01
2026-04-08 17:57:00+00:00,122.86
2026-04-08 17:58:00+00:00,123.06
2026-04-08 17:59:00+00:00,123.01
2026-04-08 18:00:00+00:00,122.91
2026-04-08 18:01:00+00:00,122.77
2026-04-08 18:02:00+00:00,122.57
2026-04-08 18:03:00+00:00,122.5
2026-04-08 18:04:00+00:00,122.38
2026-04-08 18:05:00+00:00,122.15
2026-04-08 18:06:00+00:00,122.04
2026-04-08 18:07:00+00:00,121.79
2026-04-08 18:08:00+00:00,121.96
2026-04-08 18:09:00+00:00,121.75
2026-04-08 18:10:00+00:00,121.79
2026-04-08 18:12:00+00:00,121.81
2026-04-08 18:13:00+00:00,121.95
2026-04-08 18:14:00+00:00,121.99
2026-04-08 18:15:00+00:00,121.9
2026-04-08 18:16:00+00:00,121.8
2026-04-08 18:17:00+00:00,122.11
2026-04-08 18:18:00+00:00,122.7
2026-04-08 18:19:00+00:00,122.88
2026-04-08 18:20:00+00:00,123.35
2026-04-08 18:21:00+00:00,123.65
2026-04-08 18:22:00+00:00,123.77
2026-04-08 18:23:00+00:00,123.51
2026-04-08 18:24:00+00:00,123.58
2026-04-08 18:25:00+00:00,123.91
2026-04-08 18:26:00+00:00,123.5
2026-04-08 18:27:00+00:00,123.265
2026-04-08 18:28:00+00:00,122.46
2026-04-08 18:29:00+00:00,122.435
2026-04-08 18:30:00+00:00,122.27
2026-04-08 18:31:00+00:00,122.15
2026-04-08 18:32:00+00:00,122.28
2026-04-08 18:33:00+00:00,122.43
2026-04-08 18:34:00+00:00,122.2
2026-04-08 18:35:00+00:00,122.23
2026-04-08 18:36:00+00:00,122.31
2026-04-08 18:37:00+00:00,122.46
2026-04-08 18:38:00+00:00,122.53
2026-04-08 18:39:00+00:00,122.62
2026-04-08 18:40:00+00:00,122.63
2026-04-08 18:41:00+00:00,122.77
2026-04-08 18:42:00+00:00,122.72
2026-04-08 18:43:00+00:00,122.7
2026-04-08 18:44:00+00:00,122.83
2026-04-08 18:45:00+00:00,122.8
2026-04-08 18:46:00+00:00,122.89
2026-04-08 18:47:00+00:00,122.95
2026-04-08 18:48:00+00:00,122.86
2026-04-08 18:49:00+00:00,122.99
2026-04-08 18:50:00+00:00,122.81
2026-04-08 18:51:00+00:00,122.83
2026-04-08 18:52:00+00:00,122.89
2026-04-08 18:53:00+00:00,122.82
2026-04-08 18:54:00+00:00,122.91
2026-04-08 18:55:00+00:00,122.92
2026-04-08 18:57:00+00:00,123.05
2026-04-08 18:58:00+00:00,123.3
2026-04-08 18:59:00+00:00,123.34
2026-04-08 19:00:00+00:00,123.42
2026-04-08 19:01:00+00:00,123.35
2026-04-08 19:02:00+00:00,123.395
2026-04-08 19:03:00+00:00,123.43
2026-04-08 19:04:00+00:00,123.47
2026-04-08 19:05:00+00:00,123.515
2026-04-08 19:06:00+00:00,123.58
2026-04-08 19:08:00+00:00,123.65
2026-04-08 19:09:00+00:00,123.79
2026-04-08 19:10:00+00:00,123.91
2026-04-08 19:11:00+00:00,123.55
2026-04-08 19:12:00+00:00,123.62
2026-04-08 19:13:00+00:00,123.66
2026-04-08 19:14:00+00:00,123.63
2026-04-08 19:15:00+00:00,123.76
2026-04-08 19:16:00+00:00,124.03
2026-04-08 19:17:00+00:00,124.26
2026-04-08 19:18:00+00:00,124.26
2026-04-08 19:19:00+00:00,124.4
2026-04-08 19:20:00+00:00,124.48
2026-04-08 19:21:00+00:00,124.47
2026-04-08 19:22:00+00:00,124.64
2026-04-08 19:23:00+00:00,124.74
2026-04-08 19:24:00+00:00,124.83
2026-04-08 19:25:00+00:00,124.82
2026-04-08 19:26:00+00:00,124.86
2026-04-08 19:27:00+00:00,125.06
2026-04-08 19:28:00+00:00,125.13
2026-04-08 19:29:00+00:00,125.02
2026-04-08 19:30:00+00:00,124.85
2026-04-08 19:31:00+00:00,124.58
2026-04-08 19:32:00+00:00,124.44
2026-04-08 19:33:00+00:00,124.54
2026-04-08 19:34:00+00:00,124.36
2026-04-08 19:35:00+00:00,124.27
2026-04-08 19:36:00+00:00,123.925
2026-04-08 19:37:00+00:00,124.24
2026-04-08 19:38:00+00:00,124.415
2026-04-08 19:39:00+00:00,124.38
2026-04-08 19:40:00+00:00,124.51
2026-04-08 19:41:00+00:00,124.62
2026-04-08 19:42:00+00:00,124.64
2026-04-08 19:43:00+00:00,124.46
2026-04-08 19:44:00+00:00,124.48
2026-04-08 19:45:00+00:00,124.31
2026-04-08 19:46:00+00:00,124.4
2026-04-08 19:47:00+00:00,124.41
2026-04-08 19:48:00+00:00,124.64
2026-04-08 19:49:00+00:00,124.58
2026-04-08 19:50:00+00:00,124.53
2026-04-08 19:51:00+00:00,124.42
2026-04-08 19:52:00+00:00,124.4
2026-04-08 19:53:00+00:00,124.45
2026-04-08 19:54:00+00:00,124.55
2026-04-08 19:55:00+00:00,124.48
2026-04-08 19:56:00+00:00,124.35
2026-04-08 19:57:00+00:00,124.065
2026-04-08 19:58:00+00:00,124.2
2026-04-08 19:59:00+00:00,124.41
2026-04-08 20:12:00+00:00,124.16
2026-04-08 20:32:00+00:00,124.52
2026-04-08 20:45:00+00:00,124.55
2026-04-09 12:04:00+00:00,126.99
2026-04-09 12:13:00+00:00,127.11
2026-04-09 12:24:00+00:00,127.29
2026-04-09 12:27:00+00:00,127.21
2026-04-09 12:47:00+00:00,128.16
2026-04-09 12:59:00+00:00,127.73
2026-04-09 13:00:00+00:00,127.71
2026-04-09 13:30:00+00:00,127.45
2026-04-09 13:31:00+00:00,127.32
2026-04-09 13:32:00+00:00,127.305
2026-04-09 13:33:00+00:00,127.29
2026-04-09 13:34:00+00:00,127.48
2026-04-09 13:35:00+00:00,127.4
2026-04-09 13:36:00+00:00,127.165
2026-04-09 13:37:00+00:00,127.15
2026-04-09 13:38:00+00:00,127.16
2026-04-09 13:39:00+00:00,127.11
2026-04-09 13:40:00+00:00,127.05
2026-04-09 13:41:00+00:00,127.08
2026-04-09 13:42:00+00:00,127.16
2026-04-09 13:43:00+00:00,127.01
2026-04-09 13:45:00+00:00,127.12
2026-04-09 13:46:00+00:00,127.45
2026-04-09 13:47:00+00:00,127.49
2026-04-09 13:48:00+00:00,127.625
2026-04-09 13:49:00+00:00,127.69
2026-04-09 13:50:00+00:00,127.78
2026-04-09 13:51:00+00:00,127.95
2026-04-09 13:52:00+00:00,127.96
2026-04-09 13:53:00+00:00,127.97
2026-04-09 13:54:00+00:00,128.14
2026-04-09 13:55:00+00:00,128.1
2026-04-09 13:56:00+00:00,128.16
2026-04-09 13:57:00+00:00,128.23
2026-04-09 13:58:00+00:00,128.45
2026-04-09 13:59:00+00:00,128.43
2026-04-09 14:00:00+00:00,128.5
2026-04-09 14:01:00+00:00,128.44
2026-04-09 14:02:00+00:00,128.38
2026-04-09 14:03:00+00:00,128.4
2026-04-09 14:04:00+00:00,128.38
2026-04-09 14:05:00+00:00,128.34
2026-04-09 14:06:00+00:00,128.435
2026-04-09 14:07:00+00:00,128.485
2026-04-09 14:08:00+00:00,128.52
2026-04-09 14:09:00+00:00,128.505
2026-04-09 14:10:00+00:00,128.4
2026-04-09 14:11:00+00:00,128.39
2026-04-09 14:12:00+00:00,128.04
2026-04-09 14:13:00+00:00,128.09
2026-04-09 14:14:00+00:00,127.98
2026-04-09 14:15:00+00:00,128.0
2026-04-09 14:16:00+00:00,128.3
2026-04-09 14:17:00+00:00,128.765
2026-04-09 14:18:00+00:00,128.82
2026-04-09 14:19:00+00:00,128.9
2026-04-09 14:20:00+00:00,128.75
2026-04-09 14:21:00+00:00,128.85
2026-04-09 14:22:00+00:00,128.88
2026-04-09 14:23:00+00:00,128.84
2026-04-09 14:24:00+00:00,128.86
2026-04-09 14:25:00+00:00,128.81
2026-04-09 14:26:00+00:00,128.94
2026-04-09 14:27:00+00:00,129.31
2026-04-09 14:28:00+00:00,129.26
2026-04-09 14:29:00+00:00,129.51
2026-04-09 14:30:00+00:00,129.19
2026-04-09 14:31:00+00:00,129.2
2026-04-09 14:32:00+00:00,129.17
2026-04-09 14:33:00+00:00,129.25
2026-04-09 14:34:00+00:00,129.36
2026-04-09 14:35:00+00:00,129.32
2026-04-09 14:36:00+00:00,129.395
2026-04-09 14:37:00+00:00,129.25
2026-04-09 14:38:00+00:00,129.21
2026-04-09 14:39:00+00:00,129.13
2026-04-09 14:40:00+00:00,129.165
2026-04-09 14:41:00+00:00,129.07
2026-04-09 14:42:00+00:00,129.14
2026-04-09 14:43:00+00:00,129.02
2026-04-09 14:44:00+00:00,129.1
2026-04-09 14:45:00+00:00,129.02
2026-04-09 14:46:00+00:00,129.08
2026-04-09 14:47:00+00:00,129.05
2026-04-09 14:48:00+00:00,129.19
2026-04-09 14:49:00+00:00,129.2
2026-04-09 14:50:00+00:00,129.1
2026-04-09 14:51:00+00:00,129.07
2026-04-09 14:52:00+00:00,129.25
2026-04-09 14:53:00+00:00,129.2
2026-04-09 14:54:00+00:00,129.17
2026-04-09 14:55:00+00:00,128.88
2026-04-09 14:56:00+00:00,129.18
2026-04-09 14:57:00+00:00,129.08
2026-04-09 14:58:00+00:00,129.195
2026-04-09 14:59:00+00:00,129.09
2026-04-09 15:00:00+00:00,129.17
2026-04-09 15:01:00+00:00,129.35
2026-04-09 15:02:00+00:00,129.37
2026-04-09 15:03:00+00:00,129.48
2026-04-09 15:04:00+00:00,129.54
2026-04-09 15:05:00+00:00,129.33
2026-04-09 15:06:00+00:00,129.35
2026-04-09 15:07:00+00:00,129.47
2026-04-09 15:08:00+00:00,129.4
2026-04-09 15:09:00+00:00,129.47
2026-04-09 15:10:00+00:00,129.2
2026-04-09 15:11:00+00:00,129.29
2026-04-09 15:12:00+00:00,129.22
2026-04-09 15:13:00+00:00,129.02
2026-04-09 15:14:00+00:00,128.81
2026-04-09 15:15:00+00:00,128.68
2026-04-09 15:16:00+00:00,128.44
2026-04-09 15:17:00+00:00,128.35
2026-04-09 15:18:00+00:00,128.44
2026-04-09 15:19:00+00:00,128.02
2026-04-09 15:20:00+00:00,127.98
2026-04-09 15:21:00+00:00,128.06
2026-04-09 15:22:00+00:00,127.98
2026-04-09 15:23:00+00:00,127.89
2026-04-09 15:24:00+00:00,127.75
2026-04-09 15:25:00+00:00,127.99
2026-04-09 15:26:00+00:00,128.24
2026-04-09 15:27:00+00:00,128.5
2026-04-09 15:28:00+00:00,128.43
2026-04-09 15:29:00+00:00,128.69
2026-04-09 15:30:00+00:00,128.52
2026-04-09 15:31:00+00:00,128.53
2026-04-09 15:32:00+00:00,127.17
2026-04-09 15:33:00+00:00,126.44
2026-04-09 15:34:00+00:00,126.71
2026-04-09 15:35:00+00:00,126.33
2026-04-09 15:36:00+00:00,126.09
2026-04-09 15:37:00+00:00,126.45
2026-04-09 15:38:00+00:00,126.9
2026-04-09 15:39:00+00:00,126.88
2026-04-09 15:40:00+00:00,126.34
2026-04-09 15:41:00+00:00,126.51
2026-04-09 15:42:00+00:00,126.88
2026-04-09 15:43:00+00:00,126.53
2026-04-09 15:44:00+00:00,126.9
2026-04-09 15:45:00+00:00,126.93
2026-04-09 15:46:00+00:00,126.67
2026-04-09 15:47:00+00:00,126.56
2026-04-09 15:48:00+00:00,125.88
2026-04-09 15:49:00+00:00,126.23
2026-04-09 15:50:00+00:00,126.33
2026-04-09 15:51:00+00:00,126.3
2026-04-09 15:52:00+00:00,126.16
2026-04-09 15:53:00+00:00,125.85
2026-04-09 15:54:00+00:00,125.87
2026-04-09 15:55:00+00:00,125.71
2026-04-09 15:56:00+00:00,125.88
2026-04-09 15:57:00+00:00,126.12
2026-04-09 15:58:00+00:00,126.02
2026-04-09 15:59:00+00:00,125.94
2026-04-09 16:00:00+00:00,125.97
2026-04-09 16:01:00+00:00,125.07
2026-04-09 16:02:00+00:00,125.08
2026-04-09 16:03:00+00:00,124.59
2026-04-09 16:04:00+00:00,124.87
2026-04-09 16:05:00+00:00,124.92
2026-04-09 16:06:00+00:00,125.07
2026-04-09 16:07:00+00:00,124.86
2026-04-09 16:08:00+00:00,124.23
2026-04-09 16:09:00+00:00,124.89
2026-04-09 16:10:00+00:00,124.72
2026-04-09 16:11:00+00:00,124.51
2026-04-09 16:12:00+00:00,124.44
2026-04-09 16:13:00+00:00,124.56
2026-04-09 16:14:00+00:00,125.05
2026-04-09 16:15:00+00:00,125.005
2026-04-09 16:16:00+00:00,124.75
2026-04-09 16:18:00+00:00,124.47
2026-04-09 16:19:00+00:00,124.05
2026-04-09 16:20:00+00:00,123.98
2026-04-09 16:21:00+00:00,124.18
2026-04-09 16:22:00+00:00,124.26
2026-04-09 16:23:00+00:00,124.22
2026-04-09 16:24:00+00:00,124.35
2026-04-09 16:25:00+00:00,124.4
2026-04-09 16:26:00+00:00,124.525
2026-04-09 16:27:00+00:00,124.1
2026-04-09 16:28:00+00:00,124.0
2026-04-09 16:29:00+00:00,123.94
2026-04-09 16:30:00+00:00,124.35
2026-04-09 16:32:00+00:00,124.55
2026-04-09 16:33:00+00:00,124.6
2026-04-09 16:34:00+00:00,124.45
2026-04-09 16:35:00+00:00,124.48
2026-04-09 16:36:00+00:00,124.61
2026-04-09 16:37:00+00:00,124.6
2026-04-09 16:38:00+00:00,124.45
2026-04-09 16:39:00+00:00,124.73
2026-04-09 16:40:00+00:00,124.81
2026-04-09 16:41:00+00:00,124.93
2026-04-09 16:42:00+00:00,125.13
2026-04-09 16:43:00+00:00,125.17
2026-04-09 16:44:00+00:00,125.31
2026-04-09 16:45:00+00:00,125.31
2026-04-09 16:46:00+00:00,125.38
2026-04-09 16:47:00+00:00,125.48
2026-04-09 16:48:00+00:00,125.65
2026-04-09 16:49:00+00:00,125.6
2026-04-09 16:50:00+00:00,125.28
2026-04-09 16:51:00+00:00,125.245
2026-04-09 16:52:00+00:00,124.76
2026-04-09 16:53:00+00:00,124.82
2026-04-09 16:54:00+00:00,124.8
2026-04-09 16:55:00+00:00,124.85
2026-04-09 16:56:00+00:00,124.99
2026-04-09 16:57:00+00:00,124.9
2026-04-09 16:58:00+00:00,124.88
2026-04-09 16:59:00+00:00,124.985
2026-04-09 17:00:00+00:00,124.87
2026-04-09 17:01:00+00:00,124.84
2026-04-09 17:02:00+00:00,125.1
2026-04-09 17:03:00+00:00,124.95
2026-04-09 17:04:00+00:00,124.88
2026-04-09 17:05:00+00:00,125.02
2026-04-09 17:07:00+00:00,124.43
2026-04-09 17:08:00+00:00,124.08
2026-04-09 17:09:00+00:00,123.85
2026-04-09 17:10:00+00:00,124.35
2026-04-09 17:11:00+00:00,124.33
2026-04-09 17:12:00+00:00,124.5
2026-04-09 17:13:00+00:00,124.31
2026-04-09 17:14:00+00:00,124.33
2026-04-09 17:15:00+00:00,123.94
2026-04-09 17:16:00+00:00,124.02
2026-04-09 17:17:00+00:00,123.91
2026-04-09 17:18:00+00:00,123.92
2026-04-09 17:19:00+00:00,123.58
2026-04-09 17:21:00+00:00,123.61
2026-04-09 17:22:00+00:00,124.105
2026-04-09 17:23:00+00:00,124.08
2026-04-09 17:26:00+00:00,123.94
2026-04-09 17:27:00+00:00,124.03
2026-04-09 17:28:00+00:00,124.1
2026-04-09 17:29:00+00:00,124.15
2026-04-09 17:30:00+00:00,124.58
2026-04-09 17:31:00+00:00,124.64
2026-04-09 17:32:00+00:00,124.51
2026-04-09 17:34:00+00:00,124.04
2026-04-09 17:35:00+00:00,123.79
2026-04-09 17:36:00+00:00,123.74
2026-04-09 17:37:00+00:00,123.58
2026-04-09 17:38:00+00:00,123.25
2026-04-09 17:39:00+00:00,123.49
2026-04-09 17:40:00+00:00,123.365
2026-04-09 17:41:00+00:00,123.38
2026-04-09 17:42:00+00:00,123.58
2026-04-09 17:44:00+00:00,123.78
2026-04-09 17:46:00+00:00,123.71
2026-04-09 17:47:00+00:00,123.8
2026-04-09 17:48:00+00:00,123.8
2026-04-09 17:49:00+00:00,123.47
2026-04-09 17:50:00+00:00,123.79
2026-04-09 17:51:00+00:00,124.28
2026-04-09 17:52:00+00:00,124.17
2026-04-09 17:54:00+00:00,124.05
2026-04-09 17:56:00+00:00,123.89
2026-04-09 17:57:00+00:00,124.0
2026-04-09 17:58:00+00:00,124.06
2026-04-09 17:59:00+00:00,124.145
2026-04-09 18:00:00+00:00,124.06
2026-04-09 18:01:00+00:00,124.38
2026-04-09 18:02:00+00:00,124.78
2026-04-09 18:03:00+00:00,124.99
2026-04-09 18:04:00+00:00,125.13
2026-04-09 18:05:00+00:00,124.93
2026-04-09 18:06:00+00:00,125.12
2026-04-09 18:07:00+00:00,125.32
2026-04-09 18:08:00+00:00,125.28
2026-04-09 18:09:00+00:00,125.17
2026-04-09 18:10:00+00:00,125.28
2026-04-09 18:11:00+00:00,125.26
2026-04-09 18:12:00+00:00,125.3
2026-04-09 18:13:00+00:00,125.35
2026-04-09 18:15:00+00:00,125.2
2026-04-09 18:16:00+00:00,125.3
2026-04-09 18:17:00+00:00,124.89
2026-04-09 18:18:00+00:00,124.8
2026-04-09 18:19:00+00:00,125.01
2026-04-09 18:21:00+00:00,125.02
2026-04-09 18:22:00+00:00,125.47
2026-04-09 18:23:00+00:00,125.96
2026-04-09 18:24:00+00:00,125.695
2026-04-09 18:25:00+00:00,125.75
2026-04-09 18:26:00+00:00,125.99
2026-04-09 18:28:00+00:00,125.51
2026-04-09 18:29:00+00:00,125.48
2026-04-09 18:30:00+00:00,125.85
2026-04-09 18:31:00+00:00,126.19
2026-04-09 18:32:00+00:00,126.13
2026-04-09 18:33:00+00:00,126.26
2026-04-09 18:34:00+00:00,126.08
2026-04-09 18:35:00+00:00,125.95
2026-04-09 18:36:00+00:00,126.28
2026-04-09 18:40:00+00:00,125.96
2026-04-09 18:41:00+00:00,125.97
2026-04-09 18:42:00+00:00,125.62
2026-04-09 18:43:00+00:00,125.86
2026-04-09 18:44:00+00:00,125.82
2026-04-09 18:45:00+00:00,125.65
2026-04-09 18:46:00+00:00,125.56
2026-04-09 18:47:00+00:00,125.4
2026-04-09 18:49:00+00:00,125.73
2026-04-09 18:50:00+00:00,125.88
2026-04-09 18:51:00+00:00,125.95
2026-04-09 18:53:00+00:00,125.65
2026-04-09 18:54:00+00:00,126.02
2026-04-09 18:58:00+00:00,125.845
2026-04-09 18:59:00+00:00,125.93
2026-04-09 19:00:00+00:00,125.93
2026-04-09 19:01:00+00:00,125.74
2026-04-09 19:02:00+00:00,125.56
2026-04-09 19:03:00+00:00,125.6
2026-04-09 19:04:00+00:00,125.44
2026-04-09 19:05:00+00:00,125.49
2026-04-09 19:07:00+00:00,125.57
2026-04-09 19:10:00+00:00,125.54
2026-04-09 19:11:00+00:00,125.72
2026-04-09 19:13:00+00:00,125.935
2026-04-09 19:14:00+00:00,126.06
2026-04-09 19:15:00+00:00,126.11
2026-04-09 19:17:00+00:00,126.16
2026-04-09 19:18:00+00:00,126.29
2026-04-09 19:19:00+00:00,126.495
2026-04-09 19:20:00+00:00,126.37
2026-04-09 19:22:00+00:00,126.6
2026-04-09 19:23:00+00:00,126.64
2026-04-09 19:24:00+00:00,126.38
2026-04-09 19:25:00+00:00,126.6
2026-04-09 19:26:00+00:00,126.66
2026-04-09 19:27:00+00:00,126.64
2026-04-09 19:28:00+00:00,126.6
2026-04-09 19:29:00+00:00,126.6
2026-04-09 19:30:00+00:00,126.58
2026-04-09 19:31:00+00:00,126.58
2026-04-09 19:32:00+00:00,126.53
2026-04-09 19:33:00+00:00,126.47
2026-04-09 19:34:00+00:00,126.53
2026-04-09 19:35:00+00:00,126.46
2026-04-09 19:36:00+00:00,126.58
2026-04-09 19:37:00+00:00,126.58
2026-04-09 19:38:00+00:00,126.58
2026-04-09 19:39:00+00:00,126.53
2026-04-09 19:40:00+00:00,126.63
2026-04-09 19:41:00+00:00,126.79
2026-04-09 19:42:00+00:00,126.54
2026-04-09 19:44:00+00:00,126.54
2026-04-09 19:45:00+00:00,126.7
2026-04-09 19:46:00+00:00,126.79
2026-04-09 19:47:00+00:00,126.76
2026-04-09 19:49:00+00:00,126.92
2026-04-09 19:51:00+00:00,126.96
2026-04-09 19:52:00+00:00,126.86
2026-04-09 19:53:00+00:00,126.88
2026-04-09 19:54:00+00:00,126.875
2026-04-09 19:55:00+00:00,126.89
2026-04-09 19:56:00+00:00,126.89
2026-04-09 19:57:00+00:00,127.01
2026-04-09 19:58:00+00:00,127.005
2026-04-09 19:59:00+00:00,126.94
2026-04-10 12:05:00+00:00,125.5
2026-04-10 12:14:00+00:00,125.18
2026-04-10 12:21:00+00:00,124.77
2026-04-10 12:27:00+00:00,124.97
2026-04-10 13:24:00+00:00,125.51
2026-04-10 13:30:00+00:00,125.67
2026-04-10 13:31:00+00:00,125.77
2026-04-10 13:32:00+00:00,125.65
2026-04-10 13:33:00+00:00,125.65
2026-04-10 13:34:00+00:00,125.68
2026-04-10 13:35:00+00:00,126.04
2026-04-10 13:36:00+00:00,125.92
2026-04-10 13:37:00+00:00,125.73
2026-04-10 13:38:00+00:00,125.86
2026-04-10 13:39:00+00:00,125.8
2026-04-10 13:40:00+00:00,125.85
2026-04-10 13:41:00+00:00,126.02
2026-04-10 13:42:00+00:00,126.22
2026-04-10 13:43:00+00:00,126.21
2026-04-10 13:44:00+00:00,126.14
2026-04-10 13:45:00+00:00,126.04
2026-04-10 13:46:00+00:00,126.01
2026-04-10 13:47:00+00:00,125.99
2026-04-10 13:48:00+00:00,125.91
2026-04-10 13:49:00+00:00,126.04
2026-04-10 13:50:00+00:00,126.035
2026-04-10 13:51:00+00:00,125.955
2026-04-10 13:52:00+00:00,125.74
2026-04-10 13:53:00+00:00,125.72
2026-04-10 13:54:00+00:00,125.79
2026-04-10 13:55:00+00:00,125.84
2026-04-10 13:56:00+00:00,125.95
2026-04-10 13:57:00+00:00,125.94
2026-04-10 13:58:00+00:00,125.97
2026-04-10 13:59:00+00:00,125.99
2026-04-10 14:00:00+00:00,126.04
2026-04-10 14:01:00+00:00,125.97
2026-04-10 14:02:00+00:00,125.81
2026-04-10 14:03:00+00:00,125.905
2026-04-10 14:04:00+00:00,125.86
2026-04-10 14:05:00+00:00,125.88
2026-04-10 14:06:00+00:00,125.885
2026-04-10 14:07:00+00:00,126.155
2026-04-10 14:08:00+00:00,126.175
2026-04-10 14:09:00+00:00,126.09
2026-04-10 14:10:00+00:00,126.21
2026-04-10 14:11:00+00:00,126.13
2026-04-10 14:12:00+00:00,126.15
2026-04-10 14:13:00+00:00,125.92
2026-04-10 14:14:00+00:00,125.64
2026-04-10 14:15:00+00:00,125.42
2026-04-10 14:16:00+00:00,125.58
2026-04-10 14:17:00+00:00,125.43
2026-04-10 14:18:00+00:00,125.42
2026-04-10 14:19:00+00:00,125.46
2026-04-10 14:20:00+00:00,125.33
2026-04-10 14:21:00+00:00,125.43
2026-04-10 14:22:00+00:00,125.25
2026-04-10 14:23:00+00:00,125.27
2026-04-10 14:24:00+00:00,125.23
2026-04-10 14:25:00+00:00,125.06
2026-04-10 14:26:00+00:00,124.8
2026-04-10 14:27:00+00:00,124.8
2026-04-10 14:28:00+00:00,124.99
2026-04-10 14:29:00+00:00,124.98
2026-04-10 14:30:00+00:00,124.83
2026-04-10 14:32:00+00:00,125.01
2026-04-10 14:33:00+00:00,124.87
2026-04-10 14:34:00+00:00,125.15
2026-04-10 14:35:00+00:00,125.11
2026-04-10 14:36:00+00:00,124.98
2026-04-10 14:38:00+00:00,124.79
2026-04-10 14:39:00+00:00,125.02
2026-04-10 14:40:00+00:00,125.13
2026-04-10 14:41:00+00:00,125.08
2026-04-10 14:42:00+00:00,125.9
2026-04-10 14:43:00+00:00,125.69
2026-04-10 14:44:00+00:00,126.11
2026-04-10 14:45:00+00:00,126.18
2026-04-10 14:46:00+00:00,125.9
2026-04-10 14:47:00+00:00,125.93
2026-04-10 14:48:00+00:00,126.17
2026-04-10 14:49:00+00:00,126.11
2026-04-10 14:50:00+00:00,126.02
2026-04-10 14:51:00+00:00,125.89
2026-04-10 14:52:00+00:00,125.77
2026-04-10 14:53:00+00:00,125.78
2026-04-10 14:54:00+00:00,126.12
2026-04-10 14:56:00+00:00,126.01
2026-04-10 14:57:00+00:00,125.81
2026-04-10 15:02:00+00:00,126.14
2026-04-10 15:03:00+00:00,126.09
2026-04-10 15:04:00+00:00,126.16
2026-04-10 15:05:00+00:00,126.19
2026-04-10 15:06:00+00:00,126.1
2026-04-10 15:08:00+00:00,126.12
2026-04-10 15:09:00+00:00,125.89
2026-04-10 15:10:00+00:00,126.02
2026-04-10 15:11:00+00:00,125.87
2026-04-10 15:12:00+00:00,125.91
2026-04-10 15:13:00+00:00,126.02
2026-04-10 15:14:00+00:00,126.025
2026-04-10 15:15:00+00:00,126.03
2026-04-10 15:16:00+00:00,126.2
2026-04-10 15:17:00+00:00,126.2
2026-04-10 15:18:00+00:00,126.28
2026-04-10 15:19:00+00:00,126.45
2026-04-10 15:20:00+00:00,126.52
2026-04-10 15:21:00+00:00,126.23
2026-04-10 15:22:00+00:00,126.09
2026-04-10 15:23:00+00:00,126.16
2026-04-10 15:24:00+00:00,126.12
2026-04-10 15:25:00+00:00,126.28
2026-04-10 15:26:00+00:00,126.6
2026-04-10 15:27:00+00:00,126.7
2026-04-10 15:28:00+00:00,126.64
2026-04-10 15:29:00+00:00,126.68
2026-04-10 15:30:00+00:00,126.665
2026-04-10 15:31:00+00:00,126.87
2026-04-10 15:32:00+00:00,126.82
2026-04-10 15:33:00+00:00,126.78
2026-04-10 15:34:00+00:00,127.0
2026-04-10 15:35:00+00:00,127.02
2026-04-10 15:36:00+00:00,127.09
2026-04-10 15:37:00+00:00,127.08
2026-04-10 15:38:00+00:00,127.21
2026-04-10 15:39:00+00:00,127.44
2026-04-10 15:40:00+00:00,127.36
2026-04-10 15:41:00+00:00,127.29
2026-04-10 15:42:00+00:00,127.08
2026-04-10 15:43:00+00:00,127.22
2026-04-10 15:44:00+00:00,127.22
2026-04-10 15:46:00+00:00,127.3
2026-04-10 15:47:00+00:00,127.08
2026-04-10 15:51:00+00:00,127.09
2026-04-10 15:54:00+00:00,127.06
2026-04-10 15:55:00+00:00,127.22
2026-04-10 15:58:00+00:00,127.29
2026-04-10 15:59:00+00:00,127.5
2026-04-10 16:00:00+00:00,127.57
2026-04-10 16:01:00+00:00,127.63
2026-04-10 16:04:00+00:00,127.5
2026-04-10 16:05:00+00:00,127.65
2026-04-10 16:09:00+00:00,127.66
2026-04-10 16:10:00+00:00,127.5
2026-04-10 16:12:00+00:00,127.22
2026-04-10 16:13:00+00:00,127.11
2026-04-10 16:14:00+00:00,127.14
2026-04-10 16:17:00+00:00,127.11
2026-04-10 16:20:00+00:00,127.11
2026-04-10 16:22:00+00:00,127.23
2026-04-10 16:23:00+00:00,127.1
2026-04-10 16:24:00+00:00,127.06
2026-04-10 16:25:00+00:00,127.05
2026-04-10 16:26:00+00:00,127.01
2026-04-10 16:27:00+00:00,127.11
2026-04-10 16:28:00+00:00,127.02
2026-04-10 16:30:00+00:00,127.12
2026-04-10 16:31:00+00:00,126.86
2026-04-10 16:32:00+00:00,126.85
2026-04-10 16:33:00+00:00,126.97
2026-04-10 16:38:00+00:00,126.74
2026-04-10 16:39:00+00:00,126.82
2026-04-10 16:40:00+00:00,126.87
2026-04-10 16:41:00+00:00,127.09
2026-04-10 16:42:00+00:00,126.95
2026-04-10 16:46:00+00:00,126.95
2026-04-10 16:47:00+00:00,126.88
2026-04-10 16:48:00+00:00,126.83
2026-04-10 16:51:00+00:00,126.89
2026-04-10 16:52:00+00:00,126.77
2026-04-10 16:53:00+00:00,126.59
2026-04-10 16:54:00+00:00,126.46
2026-04-10 16:55:00+00:00,126.53
2026-04-10 16:56:00+00:00,126.42
2026-04-10 16:57:00+00:00,126.56
2026-04-10 16:58:00+00:00,126.51
2026-04-10 17:00:00+00:00,126.63
2026-04-10 17:01:00+00:00,126.54
2026-04-10 17:02:00+00:00,126.79
2026-04-10 17:03:00+00:00,126.66
2026-04-10 17:04:00+00:00,126.79
2026-04-10 17:05:00+00:00,126.71
2026-04-10 17:06:00+00:00,126.75
2026-04-10 17:07:00+00:00,126.745
2026-04-10 17:08:00+00:00,126.56
2026-04-10 17:09:00+00:00,126.54
2026-04-10 17:11:00+00:00,126.56
2026-04-10 17:12:00+00:00,126.58
2026-04-10 17:13:00+00:00,126.4
2026-04-10 17:14:00+00:00,126.47
2026-04-10 17:15:00+00:00,126.58
2026-04-10 17:17:00+00:00,126.47
2026-04-10 17:18:00+00:00,126.415
2026-04-10 17:19:00+00:00,126.34
2026-04-10 17:20:00+00:00,126.58
2026-04-10 17:22:00+00:00,126.71
2026-04-10 17:26:00+00:00,126.46
2026-04-10 17:27:00+00:00,126.51
2026-04-10 17:29:00+00:00,126.48
2026-04-10 17:30:00+00:00,126.58
2026-04-10 17:31:00+00:00,126.485
2026-04-10 17:32:00+00:00,126.46
2026-04-10 17:33:00+00:00,126.36
2026-04-10 17:34:00+00:00,126.4
2026-04-10 17:36:00+00:00,126.36
2026-04-10 17:38:00+00:00,126.38
2026-04-10 17:39:00+00:00,126.265
2026-04-10 17:40:00+00:00,126.4
2026-04-10 17:42:00+00:00,126.45
2026-04-10 17:43:00+00:00,126.45
2026-04-10 17:45:00+00:00,126.64
2026-04-10 17:46:00+00:00,126.65
2026-04-10 17:47:00+00:00,126.49
2026-04-10 17:48:00+00:00,126.42
2026-04-10 17:50:00+00:00,126.17
2026-04-10 17:51:00+00:00,126.27
2026-04-10 17:52:00+00:00,126.32
2026-04-10 17:53:00+00:00,126.3
2026-04-10 17:55:00+00:00,126.36
2026-04-10 17:56:00+00:00,126.38
2026-04-10 17:58:00+00:00,126.24
2026-04-10 17:59:00+00:00,126.26
2026-04-10 18:00:00+00:00,126.25
2026-04-10 18:01:00+00:00,126.36
2026-04-10 18:02:00+00:00,126.36
2026-04-10 18:03:00+00:00,126.41
2026-04-10 18:04:00+00:00,126.68
2026-04-10 18:05:00+00:00,126.66
2026-04-10 18:06:00+00:00,126.67
2026-04-10 18:07:00+00:00,126.52
2026-04-10 18:08:00+00:00,126.19
2026-04-10 18:09:00+00:00,126.13
2026-04-10 18:10:00+00:00,126.43
2026-04-10 18:11:00+00:00,126.34
2026-04-10 18:12:00+00:00,126.25
2026-04-10 18:13:00+00:00,126.23
2026-04-10 18:14:00+00:00,126.15
2026-04-10 18:15:00+00:00,126.1
2026-04-10 18:16:00+00:00,126.13
2026-04-10 18:17:00+00:00,126.125
2026-04-10 18:18:00+00:00,125.85
2026-04-10 18:19:00+00:00,125.33
2026-04-10 18:20:00+00:00,125.175
2026-04-10 18:21:00+00:00,125.16
2026-04-10 18:22:00+00:00,125.09
2026-04-10 18:23:00+00:00,125.01
2026-04-10 18:24:00+00:00,125.075
2026-04-10 18:25:00+00:00,125.07
2026-04-10 18:26:00+00:00,125.235
2026-04-10 18:27:00+00:00,125.44
2026-04-10 18:28:00+00:00,125.0
2026-04-10 18:29:00+00:00,124.9
2026-04-10 18:30:00+00:00,124.94
2026-04-10 18:31:00+00:00,124.9
2026-04-10 18:32:00+00:00,124.54
2026-04-10 18:33:00+00:00,124.51
2026-04-10 18:34:00+00:00,124.46
2026-04-10 18:35:00+00:00,124.71
2026-04-10 18:36:00+00:00,124.76
2026-04-10 18:37:00+00:00,124.56
2026-04-10 18:38:00+00:00,124.38
2026-04-10 18:39:00+00:00,124.3
2026-04-10 18:40:00+00:00,124.33
2026-04-10 18:41:00+00:00,124.53
2026-04-10 18:42:00+00:00,124.45
2026-04-10 18:43:00+00:00,124.59
2026-04-10 18:44:00+00:00,124.56
2026-04-10 18:45:00+00:00,124.74
2026-04-10 18:46:00+00:00,124.68
2026-04-10 18:47:00+00:00,124.77
2026-04-10 18:48:00+00:00,124.79
2026-04-10 18:49:00+00:00,124.66
2026-04-10 18:50:00+00:00,124.72
2026-04-10 18:51:00+00:00,124.55
2026-04-10 18:52:00+00:00,124.39
2026-04-10 18:53:00+00:00,124.42
2026-04-10 18:54:00+00:00,124.49
2026-04-10 18:55:00+00:00,124.4
2026-04-10 18:56:00+00:00,124.54
2026-04-10 18:57:00+00:00,124.6
2026-04-10 18:58:00+00:00,124.66
2026-04-10 19:00:00+00:00,124.66
2026-04-10 19:01:00+00:00,124.57
2026-04-10 19:02:00+00:00,124.43
2026-04-10 19:03:00+00:00,124.37
2026-04-10 19:04:00+00:00,124.38
2026-04-10 19:05:00+00:00,124.12
2026-04-10 19:06:00+00:00,124.27
2026-04-10 19:07:00+00:00,124.28
2026-04-10 19:09:00+00:00,124.34
2026-04-10 19:10:00+00:00,124.2
2026-04-10 19:11:00+00:00,124.24
2026-04-10 19:12:00+00:00,124.01
2026-04-10 19:13:00+00:00,124.08
2026-04-10 19:15:00+00:00,124.22
2026-04-10 19:17:00+00:00,124.29
2026-04-10 19:18:00+00:00,124.22
2026-04-10 19:20:00+00:00,124.25
2026-04-10 19:21:00+00:00,124.29
2026-04-10 19:22:00+00:00,124.45
2026-04-10 19:23:00+00:00,124.41
2026-04-10 19:24:00+00:00,124.25
2026-04-10 19:25:00+00:00,124.43
2026-04-10 19:26:00+00:00,124.375
2026-04-10 19:27:00+00:00,124.44
2026-04-10 19:28:00+00:00,124.41
2026-04-10 19:29:00+00:00,124.42
2026-04-10 19:30:00+00:00,124.73
2026-04-10 19:31:00+00:00,124.59
2026-04-10 19:32:00+00:00,124.6
2026-04-10 19:33:00+00:00,124.68
2026-04-10 19:34:00+00:00,124.59
2026-04-10 19:35:00+00:00,124.57
2026-04-10 19:36:00+00:00,124.53
2026-04-10 19:37:00+00:00,124.64
2026-04-10 19:38:00+00:00,124.62
2026-04-10 19:40:00+00:00,124.62
2026-04-10 19:41:00+00:00,124.67
2026-04-10 19:42:00+00:00,124.69
2026-04-10 19:43:00+00:00,124.65
2026-04-10 19:44:00+00:00,124.56
2026-04-10 19:45:00+00:00,124.51
2026-04-10 19:46:00+00:00,124.56
2026-04-10 19:47:00+00:00,124.57
2026-04-10 19:48:00+00:00,124.59
2026-04-10 19:49:00+00:00,124.6
2026-04-10 19:50:00+00:00,124.6
2026-04-10 19:51:00+00:00,124.71
2026-04-10 19:52:00+00:00,124.74
2026-04-10 19:54:00+00:00,124.73
2026-04-10 19:55:00+00:00,124.76
2026-04-10 19:56:00+00:00,124.74
2026-04-10 19:57:00+00:00,124.68
2026-04-10 19:58:00+00:00,124.78
2026-04-10 19:59:00+00:00,124.81
2026-04-13 12:02:00+00:00,133.99
2026-04-13 12:03:00+00:00,133.81
2026-04-13 12:04:00+00:00,133.86
2026-04-13 12:05:00+00:00,133.76
2026-04-13 12:06:00+00:00,134.0
2026-04-13 12:21:00+00:00,134.13
2026-04-13 12:46:00+00:00,133.44
2026-04-13 12:50:00+00:00,133.43
2026-04-13 12:53:00+00:00,133.29
2026-04-13 12:59:00+00:00,133.62
2026-04-13 13:08:00+00:00,133.23
2026-04-13 13:20:00+00:00,133.41
2026-04-13 13:23:00+00:00,133.61
2026-04-13 13:30:00+00:00,133.21
2026-04-13 13:31:00+00:00,133.48
2026-04-13 13:32:00+00:00,133.44
2026-04-13 13:34:00+00:00,132.99
2026-04-13 13:35:00+00:00,132.8
2026-04-13 13:36:00+00:00,133.11
2026-04-13 13:37:00+00:00,133.1
2026-04-13 13:38:00+00:00,133.04
2026-04-13 13:39:00+00:00,132.97
2026-04-13 13:40:00+00:00,133.06
2026-04-13 13:42:00+00:00,133.08
2026-04-13 13:43:00+00:00,132.99
2026-04-13 13:44:00+00:00,133.06
2026-04-13 13:45:00+00:00,132.985
2026-04-13 13:47:00+00:00,132.79
2026-04-13 13:48:00+00:00,132.42
2026-04-13 13:49:00+00:00,131.04
2026-04-13 13:50:00+00:00,129.4
2026-04-13 13:51:00+00:00,130.4
2026-04-13 13:52:00+00:00,130.72
2026-04-13 13:53:00+00:00,130.87
2026-04-13 13:54:00+00:00,130.9
2026-04-13 13:55:00+00:00,130.81
2026-04-13 13:56:00+00:00,130.97
2026-04-13 13:59:00+00:00,131.225
2026-04-13 14:01:00+00:00,130.85
2026-04-13 14:04:00+00:00,131.02
2026-04-13 14:05:00+00:00,130.715
2026-04-13 14:06:00+00:00,130.385
2026-04-13 14:07:00+00:00,130.2
2026-04-13 14:09:00+00:00,130.74
2026-04-13 14:10:00+00:00,130.82
2026-04-13 14:13:00+00:00,130.96
2026-04-13 14:14:00+00:00,130.7
2026-04-13 14:15:00+00:00,131.025
2026-04-13 14:16:00+00:00,131.01
2026-04-13 14:17:00+00:00,131.2
2026-04-13 14:18:00+00:00,131.23
2026-04-13 14:19:00+00:00,131.03
2026-04-13 14:20:00+00:00,130.87
2026-04-13 14:21:00+00:00,130.8
2026-04-13 14:23:00+00:00,131.34
2026-04-13 14:25:00+00:00,131.45
2026-04-13 14:26:00+00:00,131.375
2026-04-13 14:27:00+00:00,131.59
2026-04-13 14:28:00+00:00,131.71
2026-04-13 14:30:00+00:00,131.78
2026-04-13 14:31:00+00:00,131.73
2026-04-13 14:32:00+00:00,131.68
2026-04-13 14:33:00+00:00,131.61
2026-04-13 14:34:00+00:00,131.6
2026-04-13 14:39:00+00:00,131.445
2026-04-13 14:40:00+00:00,131.49
2026-04-13 14:41:00+00:00,131.49
2026-04-13 14:42:00+00:00,131.53
2026-04-13 14:43:00+00:00,131.59
2026-04-13 14:44:00+00:00,131.36
2026-04-13 14:45:00+00:00,131.44
2026-04-13 14:46:00+00:00,131.725
2026-04-13 14:47:00+00:00,132.08
2026-04-13 14:48:00+00:00,132.19
2026-04-13 14:49:00+00:00,132.11
2026-04-13 14:50:00+00:00,132.11
2026-04-13 14:51:00+00:00,132.21
2026-04-13 14:52:00+00:00,132.04
2026-04-13 14:53:00+00:00,131.87
2026-04-13 14:54:00+00:00,131.8
2026-04-13 14:55:00+00:00,131.64
2026-04-13 14:56:00+00:00,131.74
2026-04-13 14:58:00+00:00,131.57
2026-04-13 14:59:00+00:00,131.64
2026-04-13 15:00:00+00:00,132.43
2026-04-13 15:01:00+00:00,132.13
2026-04-13 15:02:00+00:00,132.315
2026-04-13 15:04:00+00:00,132.28
2026-04-13 15:05:00+00:00,132.44
2026-04-13 15:07:00+00:00,132.18
2026-04-13 15:08:00+00:00,132.27
2026-04-13 15:09:00+00:00,131.98
2026-04-13 15:10:00+00:00,132.11
2026-04-13 15:13:00+00:00,132.14
2026-04-13 15:14:00+00:00,131.98
2026-04-13 15:17:00+00:00,132.17
2026-04-13 15:21:00+00:00,132.29
2026-04-13 15:22:00+00:00,132.23
2026-04-13 15:24:00+00:00,132.49
2026-04-13 15:25:00+00:00,132.52
2026-04-13 15:26:00+00:00,132.56
2026-04-13 15:27:00+00:00,132.66
2026-04-13 15:29:00+00:00,132.6
2026-04-13 15:30:00+00:00,132.72
2026-04-13 15:31:00+00:00,133.04
2026-04-13 15:34:00+00:00,133.04
2026-04-13 15:35:00+00:00,133.1
2026-04-13 15:36:00+00:00,133.19
2026-04-13 15:37:00+00:00,132.97
2026-04-13 15:38:00+00:00,132.45
2026-04-13 15:39:00+00:00,132.89
2026-04-13 15:40:00+00:00,132.77
2026-04-13 15:41:00+00:00,132.8
2026-04-13 15:42:00+00:00,133.08
2026-04-13 15:43:00+00:00,133.26
2026-04-13 15:44:00+00:00,133.2
2026-04-13 15:45:00+00:00,133.14
2026-04-13 15:49:00+00:00,133.17
2026-04-13 15:50:00+00:00,133.11
2026-04-13 15:52:00+00:00,133.21
2026-04-13 15:53:00+00:00,133.29
2026-04-13 15:55:00+00:00,133.28
2026-04-13 15:56:00+00:00,133.3
2026-04-13 15:57:00+00:00,133.23
2026-04-13 15:58:00+00:00,133.14
2026-04-13 15:59:00+00:00,133.18
2026-04-13 16:00:00+00:00,132.99
2026-04-13 16:01:00+00:00,133.26
2026-04-13 16:03:00+00:00,133.22
2026-04-13 16:04:00+00:00,133.16
2026-04-13 16:05:00+00:00,133.35
2026-04-13 16:06:00+00:00,132.56
2026-04-13 16:07:00+00:00,132.89
2026-04-13 16:08:00+00:00,132.86
2026-04-13 16:09:00+00:00,132.79
2026-04-13 16:10:00+00:00,132.65
2026-04-13 16:11:00+00:00,132.65
2026-04-13 16:12:00+00:00,132.69
2026-04-13 16:15:00+00:00,132.72
2026-04-13 16:16:00+00:00,132.54
2026-04-13 16:17:00+00:00,132.64
2026-04-13 16:18:00+00:00,132.43
2026-04-13 16:19:00+00:00,132.6
2026-04-13 16:20:00+00:00,132.69
2026-04-13 16:21:00+00:00,132.71
2026-04-13 16:22:00+00:00,132.57
2026-04-13 16:24:00+00:00,132.31
2026-04-13 16:25:00+00:00,132.1
2026-04-13 16:26:00+00:00,131.95
2026-04-13 16:28:00+00:00,132.11
2026-04-13 16:29:00+00:00,131.87
2026-04-13 16:30:00+00:00,131.5
2026-04-13 16:31:00+00:00,131.54
2026-04-13 16:32:00+00:00,131.8
2026-04-13 16:33:00+00:00,131.17
2026-04-13 16:34:00+00:00,131.18
2026-04-13 16:35:00+00:00,130.48
2026-04-13 16:36:00+00:00,130.49
2026-04-13 16:37:00+00:00,130.54
2026-04-13 16:38:00+00:00,130.55
2026-04-13 16:39:00+00:00,130.04
2026-04-13 16:40:00+00:00,129.695
2026-04-13 16:41:00+00:00,130.51
2026-04-13 16:42:00+00:00,130.75
2026-04-13 16:43:00+00:00,130.07
2026-04-13 16:44:00+00:00,130.32
2026-04-13 16:45:00+00:00,130.54
2026-04-13 16:46:00+00:00,130.73
2026-04-13 16:47:00+00:00,130.36
2026-04-13 16:48:00+00:00,130.5
2026-04-13 16:49:00+00:00,130.63
2026-04-13 16:50:00+00:00,130.07
2026-04-13 16:51:00+00:00,130.21
2026-04-13 16:52:00+00:00,130.55
2026-04-13 16:53:00+00:00,130.54
2026-04-13 16:54:00+00:00,130.62
2026-04-13 16:55:00+00:00,130.77
2026-04-13 16:56:00+00:00,130.39
2026-04-13 16:58:00+00:00,130.51
2026-04-13 16:59:00+00:00,130.26
2026-04-13 17:00:00+00:00,129.9
2026-04-13 17:02:00+00:00,129.9
2026-04-13 17:03:00+00:00,129.79
2026-04-13 17:04:00+00:00,130.07
2026-04-13 17:05:00+00:00,129.91
2026-04-13 17:06:00+00:00,130.18
2026-04-13 17:07:00+00:00,130.31
2026-04-13 17:08:00+00:00,130.49
2026-04-13 17:09:00+00:00,130.54
2026-04-13 17:10:00+00:00,130.58
2026-04-13 17:12:00+00:00,130.31
2026-04-13 17:13:00+00:00,130.07
2026-04-13 17:14:00+00:00,130.12
2026-04-13 17:15:00+00:00,130.09
2026-04-13 17:16:00+00:00,130.04
2026-04-13 17:17:00+00:00,130.185
2026-04-13 17:18:00+00:00,129.65
2026-04-13 17:19:00+00:00,129.57
2026-04-13 17:20:00+00:00,130.13
2026-04-13 17:21:00+00:00,130.09
2026-04-13 17:22:00+00:00,129.87
2026-04-13 17:25:00+00:00,129.8
2026-04-13 17:27:00+00:00,129.77
2026-04-13 17:28:00+00:00,129.66
2026-04-13 17:32:00+00:00,129.92
2026-04-13 17:33:00+00:00,129.92
2026-04-13 17:35:00+00:00,129.88
2026-04-13 17:36:00+00:00,129.79
2026-04-13 17:37:00+00:00,129.67
2026-04-13 17:38:00+00:00,129.62
2026-04-13 17:39:00+00:00,129.44
2026-04-13 17:40:00+00:00,129.66
2026-04-13 17:43:00+00:00,129.67
2026-04-13 17:44:00+00:00,129.51
2026-04-13 17:45:00+00:00,129.56
2026-04-13 17:46:00+00:00,129.64
2026-04-13 17:48:00+00:00,129.535
2026-04-13 17:49:00+00:00,129.58
2026-04-13 17:50:00+00:00,129.63
2026-04-13 17:51:00+00:00,129.74
2026-04-13 17:52:00+00:00,129.68
2026-04-13 17:53:00+00:00,129.45
2026-04-13 17:54:00+00:00,129.67
2026-04-13 17:55:00+00:00,129.65
2026-04-13 18:01:00+00:00,129.665
2026-04-13 18:02:00+00:00,129.48
2026-04-13 18:03:00+00:00,129.33
2026-04-13 18:04:00+00:00,129.405
2026-04-13 18:05:00+00:00,129.37
2026-04-13 18:08:00+00:00,129.35
2026-04-13 18:09:00+00:00,129.4
2026-04-13 18:11:00+00:00,129.26
2026-04-13 18:14:00+00:00,129.18
2026-04-13 18:15:00+00:00,129.255
2026-04-13 18:17:00+00:00,129.35
2026-04-13 18:18:00+00:00,129.42
2026-04-13 18:20:00+00:00,129.42
2026-04-13 18:24:00+00:00,129.51
2026-04-13 18:25:00+00:00,129.64
2026-04-13 18:26:00+00:00,129.87
2026-04-13 18:27:00+00:00,130.13
2026-04-13 18:28:00+00:00,129.98
2026-04-13 18:29:00+00:00,129.75
2026-04-13 18:30:00+00:00,129.71
2026-04-13 18:33:00+00:00,129.65
2026-04-13 18:34:00+00:00,129.49
2026-04-13 18:35:00+00:00,129.59
2026-04-13 18:36:00+00:00,129.57
2026-04-13 18:37:00+00:00,129.46
2026-04-13 18:41:00+00:00,129.44
2026-04-13 18:42:00+00:00,129.3
2026-04-13 18:43:00+00:00,129.32
2026-04-13 18:44:00+00:00,129.38
2026-04-13 18:45:00+00:00,128.86
2026-04-13 18:46:00+00:00,128.83
2026-04-13 18:47:00+00:00,128.98
2026-04-13 18:51:00+00:00,128.07
2026-04-13 18:52:00+00:00,127.84
2026-04-13 18:53:00+00:00,128.05
2026-04-13 18:54:00+00:00,127.8
2026-04-13 18:55:00+00:00,127.49
2026-04-13 18:56:00+00:00,127.65
2026-04-13 18:58:00+00:00,127.48
2026-04-13 18:59:00+00:00,127.29
2026-04-13 19:00:00+00:00,127.48
2026-04-13 19:04:00+00:00,127.56
2026-04-13 19:05:00+00:00,127.63
2026-04-13 19:06:00+00:00,127.88
2026-04-13 19:07:00+00:00,128.09
2026-04-13 19:08:00+00:00,127.99
2026-04-13 19:09:00+00:00,127.96
2026-04-13 19:10:00+00:00,128.05
2026-04-13 19:13:00+00:00,128.33
2026-04-13 19:14:00+00:00,128.155
2026-04-13 19:15:00+00:00,128.17
2026-04-13 19:16:00+00:00,128.09
2026-04-13 19:17:00+00:00,128.055
2026-04-13 19:18:00+00:00,128.1
2026-04-13 19:19:00+00:00,128.1
2026-04-13 19:20:00+00:00,128.11
2026-04-13 19:21:00+00:00,128.11
2026-04-13 19:22:00+00:00,128.0
2026-04-13 19:23:00+00:00,128.12
2026-04-13 19:24:00+00:00,128.08
2026-04-13 19:26:00+00:00,128.4
2026-04-13 19:27:00+00:00,128.09
2026-04-13 19:28:00+00:00,128.26
2026-04-13 19:30:00+00:00,127.91
2026-04-13 19:31:00+00:00,127.98
2026-04-13 19:32:00+00:00,128.1
2026-04-13 19:35:00+00:00,128.45
2026-04-13 19:38:00+00:00,128.375
2026-04-13 19:39:00+00:00,128.365
2026-04-13 19:40:00+00:00,128.42
2026-04-13 19:41:00+00:00,128.445
2026-04-13 19:42:00+00:00,128.62
2026-04-13 19:44:00+00:00,128.33
2026-04-13 19:47:00+00:00,128.5
2026-04-13 19:48:00+00:00,128.44
2026-04-13 19:49:00+00:00,128.39
2026-04-13 19:50:00+00:00,128.145
2026-04-13 19:51:00+00:00,128.15
2026-04-13 19:52:00+00:00,128.29
2026-04-13 19:53:00+00:00,128.365
2026-04-13 19:54:00+00:00,128.19
2026-04-13 19:55:00+00:00,128.27
2026-04-13 19:56:00+00:00,128.285
2026-04-13 19:57:00+00:00,128.315
2026-04-13 19:58:00+00:00,128.39
2026-04-13 19:59:00+00:00,128.46
2026-04-14 12:00:00+00:00,128.23
2026-04-14 12:02:00+00:00,127.93
2026-04-14 12:03:00+00:00,127.89
2026-04-14 12:10:00+00:00,127.68
2026-04-14 12:12:00+00:00,128.0
2026-04-14 12:25:00+00:00,127.7
2026-04-14 12:26:00+00:00,127.32
2026-04-14 12:27:00+00:00,127.17
2026-04-14 12:29:00+00:00,127.27
2026-04-14 12:32:00+00:00,127.34
2026-04-14 12:34:00+00:00,127.16
2026-04-14 12:43:00+00:00,127.56
2026-04-14 12:51:00+00:00,127.46
2026-04-14 12:53:00+00:00,127.43
2026-04-14 13:02:00+00:00,127.58
2026-04-14 13:30:00+00:00,126.98
2026-04-14 13:31:00+00:00,127.21
2026-04-14 13:32:00+00:00,126.96
2026-04-14 13:33:00+00:00,127.13
2026-04-14 13:36:00+00:00,126.66
2026-04-14 13:37:00+00:00,126.55
2026-04-14 13:38:00+00:00,126.4
2026-04-14 13:39:00+00:00,126.89
2026-04-14 13:40:00+00:00,127.0
2026-04-14 13:41:00+00:00,126.99
2026-04-14 13:42:00+00:00,126.85
2026-04-14 13:43:00+00:00,126.66
2026-04-14 13:44:00+00:00,126.7
2026-04-14 13:45:00+00:00,126.75
2026-04-14 13:46:00+00:00,126.67
2026-04-14 13:47:00+00:00,126.665
2026-04-14 13:48:00+00:00,126.8
2026-04-14 13:49:00+00:00,126.77
2026-04-14 13:52:00+00:00,126.35
2026-04-14 13:53:00+00:00,126.32
2026-04-14 13:54:00+00:00,126.21
2026-04-14 13:55:00+00:00,126.28
2026-04-14 13:56:00+00:00,126.185
2026-04-14 13:57:00+00:00,126.36
2026-04-14 13:58:00+00:00,126.22
2026-04-14 13:59:00+00:00,126.17
2026-04-14 14:00:00+00:00,125.73
2026-04-14 14:01:00+00:00,125.08
2026-04-14 14:02:00+00:00,125.19
2026-04-14 14:03:00+00:00,124.97
2026-04-14 14:04:00+00:00,124.69
2026-04-14 14:05:00+00:00,124.88
2026-04-14 14:06:00+00:00,124.65
2026-04-14 14:07:00+00:00,124.36
2026-04-14 14:08:00+00:00,124.03
2026-04-14 14:09:00+00:00,123.28
2026-04-14 14:10:00+00:00,123.48
2026-04-14 14:11:00+00:00,123.86
2026-04-14 14:12:00+00:00,123.97
2026-04-14 14:13:00+00:00,123.99
2026-04-14 14:14:00+00:00,123.96
2026-04-14 14:15:00+00:00,123.86
2026-04-14 14:17:00+00:00,123.95
2026-04-14 14:18:00+00:00,124.13
2026-04-14 14:19:00+00:00,124.15
2026-04-14 14:20:00+00:00,124.14
2026-04-14 14:21:00+00:00,124.06
2026-04-14 14:22:00+00:00,124.34
2026-04-14 14:23:00+00:00,124.46
2026-04-14 14:24:00+00:00,124.43
2026-04-14 14:25:00+00:00,124.47
2026-04-14 14:28:00+00:00,124.45
2026-04-14 14:29:00+00:00,124.47
2026-04-14 14:30:00+00:00,124.455
2026-04-14 14:31:00+00:00,124.6
2026-04-14 14:35:00+00:00,124.12
2026-04-14 14:36:00+00:00,123.97
2026-04-14 14:37:00+00:00,124.07
2026-04-14 14:38:00+00:00,124.17
2026-04-14 14:39:00+00:00,124.36
2026-04-14 14:41:00+00:00,124.34
2026-04-14 14:42:00+00:00,124.34
2026-04-14 14:43:00+00:00,124.55
2026-04-14 14:44:00+00:00,124.42
2026-04-14 14:45:00+00:00,124.54
2026-04-14 14:46:00+00:00,124.42
2026-04-14 14:47:00+00:00,124.25
2026-04-14 14:48:00+00:00,124.13
2026-04-14 14:51:00+00:00,124.45
2026-04-14 14:52:00+00:00,124.42
2026-04-14 14:54:00+00:00,124.47
2026-04-14 14:55:00+00:00,124.38
2026-04-14 14:56:00+00:00,124.36
2026-04-14 14:58:00+00:00,124.2
2026-04-14 15:00:00+00:00,124.58
2026-04-14 15:01:00+00:00,124.67
2026-04-14 15:02:00+00:00,124.73
2026-04-14 15:04:00+00:00,124.85
2026-04-14 15:05:00+00:00,125.2
2026-04-14 15:06:00+00:00,125.625
2026-04-14 15:07:00+00:00,125.38
2026-04-14 15:08:00+00:00,125.39
2026-04-14 15:09:00+00:00,125.38
2026-04-14 15:12:00+00:00,125.42
2026-04-14 15:13:00+00:00,125.38
2026-04-14 15:14:00+00:00,125.48
2026-04-14 15:15:00+00:00,125.31
2026-04-14 15:19:00+00:00,124.77
2026-04-14 15:20:00+00:00,124.64
2026-04-14 15:21:00+00:00,124.59
2026-04-14 15:22:00+00:00,124.68
2026-04-14 15:23:00+00:00,124.75
2026-04-14 15:25:00+00:00,124.84
2026-04-14 15:27:00+00:00,125.15
2026-04-14 15:28:00+00:00,125.21
2026-04-14 15:30:00+00:00,125.26
2026-04-14 15:32:00+00:00,124.99
2026-04-14 15:34:00+00:00,124.89
2026-04-14 15:35:00+00:00,124.88
2026-04-14 15:37:00+00:00,124.56
2026-04-14 15:39:00+00:00,124.41
2026-04-14 15:41:00+00:00,124.53
2026-04-14 15:42:00+00:00,124.425
2026-04-14 15:43:00+00:00,124.33
2026-04-14 15:45:00+00:00,124.16
2026-04-14 15:48:00+00:00,124.19
2026-04-14 15:50:00+00:00,124.08
2026-04-14 15:51:00+00:00,123.76
2026-04-14 15:52:00+00:00,123.9
2026-04-14 15:54:00+00:00,123.69
2026-04-14 15:55:00+00:00,123.64
2026-04-14 15:56:00+00:00,123.57
2026-04-14 15:57:00+00:00,123.82
2026-04-14 15:58:00+00:00,123.86
2026-04-14 15:59:00+00:00,123.86
2026-04-14 16:00:00+00:00,123.95
2026-04-14 16:01:00+00:00,124.03
2026-04-14 16:02:00+00:00,123.87
2026-04-14 16:03:00+00:00,123.99
2026-04-14 16:04:00+00:00,123.91
2026-04-14 16:05:00+00:00,123.98
2026-04-14 16:06:00+00:00,124.08
2026-04-14 16:09:00+00:00,124.18
2026-04-14 16:10:00+00:00,123.99
2026-04-14 16:13:00+00:00,123.91
2026-04-14 16:14:00+00:00,123.59
2026-04-14 16:15:00+00:00,123.78
2026-04-14 16:16:00+00:00,123.89
2026-04-14 16:17:00+00:00,123.89
2026-04-14 16:18:00+00:00,123.94
2026-04-14 16:20:00+00:00,123.63
2026-04-14 16:21:00+00:00,123.59
2026-04-14 16:22:00+00:00,123.67
2026-04-14 16:24:00+00:00,123.86
2026-04-14 16:26:00+00:00,123.54
2026-04-14 16:27:00+00:00,123.42
2026-04-14 16:29:00+00:00,123.37
2026-04-14 16:32:00+00:00,123.6
2026-04-14 16:33:00+00:00,123.6
2026-04-14 16:34:00+00:00,123.55
2026-04-14 16:35:00+00:00,123.62
2026-04-14 16:36:00+00:00,123.67
2026-04-14 16:37:00+00:00,123.56
2026-04-14 16:38:00+00:00,123.57
2026-04-14 16:40:00+00:00,123.51
2026-04-14 16:42:00+00:00,123.52
2026-04-14 16:43:00+00:00,123.72
2026-04-14 16:44:00+00:00,123.79
2026-04-14 16:45:00+00:00,123.71
2026-04-14 16:46:00+00:00,123.81
2026-04-14 16:48:00+00:00,123.94
2026-04-14 16:49:00+00:00,123.89
2026-04-14 16:50:00+00:00,123.83
2026-04-14 16:51:00+00:00,124.03
2026-04-14 16:52:00+00:00,124.1
2026-04-14 16:53:00+00:00,124.12
2026-04-14 16:54:00+00:00,123.915
2026-04-14 16:55:00+00:00,123.9
2026-04-14 16:56:00+00:00,123.98
2026-04-14 16:59:00+00:00,124.15
2026-04-14 17:00:00+00:00,124.19
2026-04-14 17:01:00+00:00,124.42
2026-04-14 17:02:00+00:00,124.29
2026-04-14 17:04:00+00:00,124.17
2026-04-14 17:06:00+00:00,124.12
2026-04-14 17:07:00+00:00,124.13
2026-04-14 17:09:00+00:00,124.22
2026-04-14 17:10:00+00:00,124.16
2026-04-14 17:12:00+00:00,124.22
2026-04-14 17:13:00+00:00,124.08
2026-04-14 17:16:00+00:00,124.185
2026-04-14 17:19:00+00:00,124.1
2026-04-14 17:20:00+00:00,124.31
2026-04-14 17:21:00+00:00,124.25
2026-04-14 17:22:00+00:00,124.29
2026-04-14 17:24:00+00:00,124.17
2026-04-14 17:25:00+00:00,124.15
2026-04-14 17:26:00+00:00,124.18
2026-04-14 17:29:00+00:00,124.14
2026-04-14 17:32:00+00:00,124.17
2026-04-14 17:33:00+00:00,124.2
2026-04-14 17:34:00+00:00,124.13
2026-04-14 17:35:00+00:00,124.02
2026-04-14 17:37:00+00:00,124.12
2026-04-14 17:40:00+00:00,123.9
2026-04-14 17:41:00+00:00,123.9
2026-04-14 17:43:00+00:00,123.87
2026-04-14 17:44:00+00:00,123.81
2026-04-14 17:46:00+00:00,123.76
2026-04-14 17:47:00+00:00,123.68
2026-04-14 17:48:00+00:00,123.47
2026-04-14 17:50:00+00:00,123.58
2026-04-14 17:51:00+00:00,123.59
2026-04-14 17:53:00+00:00,123.67
2026-04-14 17:54:00+00:00,123.82
2026-04-14 17:57:00+00:00,124.16
2026-04-14 17:58:00+00:00,124.03
2026-04-14 17:59:00+00:00,124.1
2026-04-14 18:00:00+00:00,124.08
2026-04-14 18:01:00+00:00,123.76
2026-04-14 18:02:00+00:00,123.83
2026-04-14 18:03:00+00:00,123.75
2026-04-14 18:04:00+00:00,123.5
2026-04-14 18:05:00+00:00,123.54
2026-04-14 18:06:00+00:00,123.42
2026-04-14 18:07:00+00:00,123.34
2026-04-14 18:08:00+00:00,123.31
2026-04-14 18:09:00+00:00,123.35
2026-04-14 18:11:00+00:00,123.3
2026-04-14 18:12:00+00:00,123.34
2026-04-14 18:14:00+00:00,123.46
2026-04-14 18:15:00+00:00,123.44
2026-04-14 18:16:00+00:00,123.44
2026-04-14 18:17:00+00:00,123.5
2026-04-14 18:18:00+00:00,123.44
2026-04-14 18:19:00+00:00,123.66
2026-04-14 18:20:00+00:00,123.82
2026-04-14 18:21:00+00:00,123.84
2026-04-14 18:22:00+00:00,123.53
2026-04-14 18:23:00+00:00,123.19
2026-04-14 18:24:00+00:00,123.15
2026-04-14 18:26:00+00:00,123.22
2026-04-14 18:28:00+00:00,123.18
2026-04-14 18:29:00+00:00,123.2
2026-04-14 18:31:00+00:00,123.17
2026-04-14 18:35:00+00:00,123.5
2026-04-14 18:36:00+00:00,123.41
2026-04-14 18:37:00+00:00,123.435
2026-04-14 18:40:00+00:00,123.44
2026-04-14 18:41:00+00:00,123.58
2026-04-14 18:43:00+00:00,123.55
2026-04-14 18:44:00+00:00,123.52
2026-04-14 18:49:00+00:00,123.88
2026-04-14 18:51:00+00:00,123.82
2026-04-14 18:52:00+00:00,123.74
2026-04-14 18:55:00+00:00,123.74
2026-04-14 18:59:00+00:00,123.69
2026-04-14 19:01:00+00:00,123.78
2026-04-14 19:02:00+00:00,123.6
2026-04-14 19:04:00+00:00,123.62
2026-04-14 19:05:00+00:00,123.595
2026-04-14 19:07:00+00:00,123.59
2026-04-14 19:08:00+00:00,123.63
2026-04-14 19:09:00+00:00,123.64
2026-04-14 19:10:00+00:00,123.58
2026-04-14 19:12:00+00:00,123.53
2026-04-14 19:13:00+00:00,123.62
2026-04-14 19:15:00+00:00,123.57
2026-04-14 19:16:00+00:00,123.61
2026-04-14 19:17:00+00:00,123.55
2026-04-14 19:18:00+00:00,123.66
2026-04-14 19:20:00+00:00,123.56
2026-04-14 19:21:00+00:00,123.47
2026-04-14 19:22:00+00:00,123.53
2026-04-14 19:24:00+00:00,123.555
2026-04-14 19:29:00+00:00,123.57
2026-04-14 19:30:00+00:00,123.55
2026-04-14 19:31:00+00:00,123.56
2026-04-14 19:32:00+00:00,123.58
2026-04-14 19:37:00+00:00,123.73
2026-04-14 19:38:00+00:00,123.78
2026-04-14 19:39:00+00:00,123.66
2026-04-14 19:40:00+00:00,123.66
2026-04-14 19:41:00+00:00,123.66
2026-04-14 19:43:00+00:00,123.78
2026-04-14 19:44:00+00:00,123.73
2026-04-14 19:45:00+00:00,123.82
2026-04-14 19:46:00+00:00,123.85
2026-04-14 19:47:00+00:00,123.81
2026-04-14 19:49:00+00:00,123.92
2026-04-14 19:50:00+00:00,123.87
2026-04-14 19:51:00+00:00,123.91
2026-04-14 19:52:00+00:00,123.87
2026-04-14 19:53:00+00:00,124.0
2026-04-14 19:54:00+00:00,124.11
2026-04-14 19:55:00+00:00,124.075
2026-04-14 19:56:00+00:00,123.99
2026-04-14 19:57:00+00:00,123.98
2026-04-14 19:58:00+00:00,123.94
2026-04-14 19:59:00+00:00,123.88
2026-04-14 20:01:00+00:00,124.0
2026-04-15 12:01:00+00:00,124.53
2026-04-15 12:10:00+00:00,125.01
2026-04-15 12:25:00+00:00,124.65
2026-04-15 12:32:00+00:00,124.34
2026-04-15 12:48:00+00:00,124.2
2026-04-15 13:07:00+00:00,124.02
2026-04-15 13:22:00+00:00,123.54
2026-04-15 13:30:00+00:00,122.91
2026-04-15 13:31:00+00:00,123.215
2026-04-15 13:32:00+00:00,123.21
2026-04-15 13:33:00+00:00,123.45
2026-04-15 13:34:00+00:00,123.57
2026-04-15 13:35:00+00:00,123.27
2026-04-15 13:36:00+00:00,123.31
2026-04-15 13:37:00+00:00,123.24
2026-04-15 13:38:00+00:00,122.71
2026-04-15 13:39:00+00:00,122.6
2026-04-15 13:40:00+00:00,122.9
2026-04-15 13:41:00+00:00,122.87
2026-04-15 13:42:00+00:00,122.92
2026-04-15 13:43:00+00:00,123.14
2026-04-15 13:44:00+00:00,123.35
2026-04-15 13:46:00+00:00,123.29
2026-04-15 13:47:00+00:00,123.28
2026-04-15 13:48:00+00:00,123.26
2026-04-15 13:49:00+00:00,123.14
2026-04-15 13:50:00+00:00,123.2
2026-04-15 13:51:00+00:00,123.28
2026-04-15 13:52:00+00:00,123.36
2026-04-15 13:53:00+00:00,123.43
2026-04-15 13:54:00+00:00,123.44
2026-04-15 13:55:00+00:00,123.39
2026-04-15 13:56:00+00:00,123.68
2026-04-15 13:57:00+00:00,123.44
2026-04-15 13:58:00+00:00,123.24
2026-04-15 13:59:00+00:00,123.11
2026-04-15 14:00:00+00:00,123.2
2026-04-15 14:01:00+00:00,122.97
2026-04-15 14:02:00+00:00,122.86
2026-04-15 14:03:00+00:00,122.88
2026-04-15 14:05:00+00:00,123.03
2026-04-15 14:06:00+00:00,123.04
2026-04-15 14:07:00+00:00,123.02
2026-04-15 14:08:00+00:00,123.175
2026-04-15 14:09:00+00:00,123.02
2026-04-15 14:11:00+00:00,123.13
2026-04-15 14:12:00+00:00,123.26
2026-04-15 14:13:00+00:00,123.29
2026-04-15 14:14:00+00:00,123.08
2026-04-15 14:15:00+00:00,122.99
2026-04-15 14:17:00+00:00,122.99
2026-04-15 14:18:00+00:00,123.19
2026-04-15 14:20:00+00:00,123.335
2026-04-15 14:21:00+00:00,123.18
2026-04-15 14:22:00+00:00,123.14
2026-04-15 14:24:00+00:00,122.81
2026-04-15 14:25:00+00:00,122.82
2026-04-15 14:26:00+00:00,122.61
2026-04-15 14:27:00+00:00,122.67
2026-04-15 14:28:00+00:00,122.59
2026-04-15 14:30:00+00:00,123.115
2026-04-15 14:31:00+00:00,123.1
2026-04-15 14:32:00+00:00,123.41
2026-04-15 14:33:00+00:00,123.62
2026-04-15 14:34:00+00:00,123.82
2026-04-15 14:35:00+00:00,123.73
2026-04-15 14:36:00+00:00,123.81
2026-04-15 14:37:00+00:00,123.83
2026-04-15 14:38:00+00:00,123.86
2026-04-15 14:39:00+00:00,124.19
2026-04-15 14:40:00+00:00,124.17
2026-04-15 14:41:00+00:00,124.175
2026-04-15 14:42:00+00:00,124.315
2026-04-15 14:43:00+00:00,124.15
2026-04-15 14:46:00+00:00,123.89
2026-04-15 14:48:00+00:00,124.16
2026-04-15 14:49:00+00:00,124.19
2026-04-15 14:50:00+00:00,124.07
2026-04-15 14:51:00+00:00,124.32
2026-04-15 14:54:00+00:00,124.24
2026-04-15 14:55:00+00:00,124.11
2026-04-15 14:56:00+00:00,124.05
2026-04-15 14:57:00+00:00,124.14
2026-04-15 14:58:00+00:00,124.34
2026-04-15 14:59:00+00:00,124.33
2026-04-15 15:00:00+00:00,124.29
2026-04-15 15:01:00+00:00,124.12
2026-04-15 15:02:00+00:00,124.09
2026-04-15 15:03:00+00:00,124.3
2026-04-15 15:04:00+00:00,124.51
2026-04-15 15:05:00+00:00,124.495
2026-04-15 15:06:00+00:00,124.515
2026-04-15 15:08:00+00:00,124.55
2026-04-15 15:09:00+00:00,124.71
2026-04-15 15:10:00+00:00,124.62
2026-04-15 15:12:00+00:00,124.27
2026-04-15 15:13:00+00:00,124.5
2026-04-15 15:14:00+00:00,124.59
2026-04-15 15:16:00+00:00,124.71
2026-04-15 15:17:00+00:00,124.6
2026-04-15 15:18:00+00:00,124.53
2026-04-15 15:19:00+00:00,124.51
2026-04-15 15:22:00+00:00,124.585
2026-04-15 15:23:00+00:00,124.87
2026-04-15 15:24:00+00:00,124.83
2026-04-15 15:25:00+00:00,124.895
2026-04-15 15:26:00+00:00,124.84
2026-04-15 15:29:00+00:00,124.84
2026-04-15 15:30:00+00:00,125.0
2026-04-15 15:31:00+00:00,125.08
2026-04-15 15:32:00+00:00,125.03
2026-04-15 15:34:00+00:00,125.17
2026-04-15 15:35:00+00:00,125.21
2026-04-15 15:36:00+00:00,125.13
2026-04-15 15:37:00+00:00,125.12
2026-04-15 15:38:00+00:00,124.8
2026-04-15 15:39:00+00:00,124.86
2026-04-15 15:40:00+00:00,124.65
2026-04-15 15:41:00+00:00,124.45
2026-04-15 15:42:00+00:00,124.18
2026-04-15 15:43:00+00:00,124.5
2026-04-15 15:46:00+00:00,124.3
2026-04-15 15:47:00+00:00,124.26
2026-04-15 15:49:00+00:00,124.23
2026-04-15 15:50:00+00:00,124.21
2026-04-15 15:51:00+00:00,124.11
2026-04-15 15:53:00+00:00,124.07
2026-04-15 15:55:00+00:00,124.36
2026-04-15 15:56:00+00:00,124.47
2026-04-15 15:59:00+00:00,124.25
2026-04-15 16:00:00+00:00,124.5
2026-04-15 16:01:00+00:00,124.55
2026-04-15 16:02:00+00:00,124.48
2026-04-15 16:04:00+00:00,124.25
2026-04-15 16:05:00+00:00,124.18
2026-04-15 16:06:00+00:00,124.0
2026-04-15 16:07:00+00:00,124.17
2026-04-15 16:09:00+00:00,124.04
2026-04-15 16:12:00+00:00,124.28
2026-04-15 16:17:00+00:00,124.14
2026-04-15 16:18:00+00:00,124.15
2026-04-15 16:20:00+00:00,123.99
2026-04-15 16:21:00+00:00,124.16
2026-04-15 16:22:00+00:00,124.26
2026-04-15 16:25:00+00:00,124.04
2026-04-15 16:27:00+00:00,123.98
2026-04-15 16:28:00+00:00,123.83
2026-04-15 16:30:00+00:00,123.59
2026-04-15 16:31:00+00:00,123.63
2026-04-15 16:32:00+00:00,123.78
2026-04-15 16:33:00+00:00,123.9
2026-04-15 16:34:00+00:00,123.63
2026-04-15 16:35:00+00:00,123.58
2026-04-15 16:37:00+00:00,123.47
2026-04-15 16:38:00+00:00,123.52
2026-04-15 16:39:00+00:00,123.79
2026-04-15 16:40:00+00:00,123.85
2026-04-15 16:41:00+00:00,123.87
2026-04-15 16:45:00+00:00,123.72
2026-04-15 16:46:00+00:00,123.74
2026-04-15 16:47:00+00:00,123.77
2026-04-15 16:48:00+00:00,123.86
2026-04-15 16:50:00+00:00,123.63
2026-04-15 16:51:00+00:00,123.845
2026-04-15 16:52:00+00:00,123.88
2026-04-15 16:53:00+00:00,123.79
2026-04-15 16:54:00+00:00,123.73
2026-04-15 16:55:00+00:00,123.72
2026-04-15 16:57:00+00:00,123.73
2026-04-15 16:59:00+00:00,123.6
2026-04-15 17:00:00+00:00,123.64
2026-04-15 17:04:00+00:00,123.68
2026-04-15 17:05:00+00:00,123.57
2026-04-15 17:07:00+00:00,123.47
2026-04-15 17:10:00+00:00,123.39
2026-04-15 17:11:00+00:00,123.63
2026-04-15 17:12:00+00:00,123.62
2026-04-15 17:15:00+00:00,123.6
2026-04-15 17:16:00+00:00,123.43
2026-04-15 17:19:00+00:00,123.39
2026-04-15 17:20:00+00:00,123.34
2026-04-15 17:21:00+00:00,123.32
2026-04-15 17:22:00+00:00,123.33
2026-04-15 17:23:00+00:00,123.33
2026-04-15 17:25:00+00:00,123.41
2026-04-15 17:26:00+00:00,123.48
2026-04-15 17:28:00+00:00,123.45
2026-04-15 17:30:00+00:00,123.51
2026-04-15 17:31:00+00:00,123.47
2026-04-15 17:32:00+00:00,123.5
2026-04-15 17:35:00+00:00,123.51
2026-04-15 17:38:00+00:00,123.63
2026-04-15 17:39:00+00:00,123.66
2026-04-15 17:40:00+00:00,123.73
2026-04-15 17:41:00+00:00,123.91
2026-04-15 17:42:00+00:00,124.19
2026-04-15 17:43:00+00:00,124.22
2026-04-15 17:44:00+00:00,123.97
2026-04-15 17:45:00+00:00,123.87
2026-04-15 17:46:00+00:00,123.83
2026-04-15 17:47:00+00:00,123.75
2026-04-15 17:48:00+00:00,123.94
2026-04-15 17:49:00+00:00,123.93
2026-04-15 17:51:00+00:00,123.78
2026-04-15 17:52:00+00:00,123.96
2026-04-15 17:53:00+00:00,123.98
2026-04-15 17:54:00+00:00,123.98
2026-04-15 17:58:00+00:00,124.14
2026-04-15 17:59:00+00:00,124.25
2026-04-15 18:00:00+00:00,124.29
2026-04-15 18:01:00+00:00,123.9
2026-04-15 18:02:00+00:00,123.51
2026-04-15 18:03:00+00:00,123.41
2026-04-15 18:04:00+00:00,123.45
2026-04-15 18:05:00+00:00,123.17
2026-04-15 18:06:00+00:00,123.03
2026-04-15 18:07:00+00:00,123.12
2026-04-15 18:08:00+00:00,123.19
2026-04-15 18:09:00+00:00,123.55
2026-04-15 18:10:00+00:00,123.52
2026-04-15 18:11:00+00:00,123.35
2026-04-15 18:12:00+00:00,123.23
2026-04-15 18:13:00+00:00,122.83
2026-04-15 18:14:00+00:00,122.84
2026-04-15 18:15:00+00:00,122.62
2026-04-15 18:16:00+00:00,122.72
2026-04-15 18:17:00+00:00,122.68
2026-04-15 18:18:00+00:00,122.83
2026-04-15 18:19:00+00:00,123.16
2026-04-15 18:20:00+00:00,123.15
2026-04-15 18:21:00+00:00,123.165
2026-04-15 18:22:00+00:00,123.08
2026-04-15 18:23:00+00:00,122.95
2026-04-15 18:24:00+00:00,122.87
2026-04-15 18:25:00+00:00,123.09
2026-04-15 18:26:00+00:00,123.22
2026-04-15 18:27:00+00:00,123.05
2026-04-15 18:28:00+00:00,123.02
2026-04-15 18:31:00+00:00,122.97
2026-04-15 18:36:00+00:00,122.8
2026-04-15 18:37:00+00:00,122.77
2026-04-15 18:40:00+00:00,122.915
2026-04-15 18:41:00+00:00,122.93
2026-04-15 18:42:00+00:00,123.01
2026-04-15 18:43:00+00:00,122.91
2026-04-15 18:44:00+00:00,122.88
2026-04-15 18:47:00+00:00,122.71
2026-04-15 18:48:00+00:00,122.79
2026-04-15 18:49:00+00:00,122.68
2026-04-15 18:50:00+00:00,122.64
2026-04-15 18:51:00+00:00,122.7
2026-04-15 18:52:00+00:00,122.86
2026-04-15 18:53:00+00:00,122.86
2026-04-15 18:54:00+00:00,122.865
2026-04-15 18:55:00+00:00,122.88
2026-04-15 18:56:00+00:00,122.81
2026-04-15 18:57:00+00:00,122.79
2026-04-15 18:59:00+00:00,122.81
2026-04-15 19:00:00+00:00,122.61
2026-04-15 19:01:00+00:00,122.76
2026-04-15 19:02:00+00:00,122.74
2026-04-15 19:04:00+00:00,122.66
2026-04-15 19:05:00+00:00,122.61
2026-04-15 19:06:00+00:00,122.64
2026-04-15 19:07:00+00:00,122.56
2026-04-15 19:08:00+00:00,122.4
2026-04-15 19:09:00+00:00,122.38
2026-04-15 19:10:00+00:00,122.38
2026-04-15 19:11:00+00:00,122.55
2026-04-15 19:12:00+00:00,122.61
2026-04-15 19:13:00+00:00,122.61
2026-04-15 19:14:00+00:00,122.6
2026-04-15 19:15:00+00:00,122.64
2026-04-15 19:16:00+00:00,122.66
2026-04-15 19:17:00+00:00,122.64
2026-04-15 19:18:00+00:00,122.66
2026-04-15 19:19:00+00:00,122.54
2026-04-15 19:21:00+00:00,122.51
2026-04-15 19:22:00+00:00,122.44
2026-04-15 19:23:00+00:00,122.43
2026-04-15 19:24:00+00:00,122.51
2026-04-15 19:26:00+00:00,122.44
2026-04-15 19:27:00+00:00,122.44
2026-04-15 19:29:00+00:00,122.48
2026-04-15 19:30:00+00:00,122.62
2026-04-15 19:32:00+00:00,122.715
2026-04-15 19:33:00+00:00,122.66
2026-04-15 19:34:00+00:00,122.52
2026-04-15 19:35:00+00:00,122.63
2026-04-15 19:36:00+00:00,122.62
2026-04-15 19:37:00+00:00,122.65
2026-04-15 19:38:00+00:00,122.68
2026-04-15 19:39:00+00:00,122.69
2026-04-15 19:40:00+00:00,122.725
2026-04-15 19:41:00+00:00,122.715
2026-04-15 19:42:00+00:00,122.73
2026-04-15 19:43:00+00:00,122.76
2026-04-15 19:44:00+00:00,122.67
2026-04-15 19:45:00+00:00,122.655
2026-04-15 19:46:00+00:00,122.61
2026-04-15 19:47:00+00:00,122.595
2026-04-15 19:48:00+00:00,122.58
2026-04-15 19:50:00+00:00,122.575
2026-04-15 19:51:00+00:00,122.55
2026-04-15 19:52:00+00:00,122.515
2026-04-15 19:53:00+00:00,122.64
2026-04-15 19:54:00+00:00,122.6
2026-04-15 19:55:00+00:00,122.49
2026-04-15 19:56:00+00:00,122.57
2026-04-15 19:57:00+00:00,122.58
2026-04-15 19:59:00+00:00,122.64
2026-04-16 12:07:00+00:00,123.49
2026-04-16 13:30:00+00:00,124.15
2026-04-16 13:32:00+00:00,124.21
2026-04-16 13:34:00+00:00,124.45
2026-04-16 13:35:00+00:00,124.46
2026-04-16 13:36:00+00:00,124.67
2026-04-16 13:37:00+00:00,124.855
2026-04-16 13:39:00+00:00,124.97
2026-04-16 13:40:00+00:00,125.03
2026-04-16 13:41:00+00:00,125.28
2026-04-16 13:42:00+00:00,125.27
2026-04-16 13:43:00+00:00,125.11
2026-04-16 13:44:00+00:00,125.09
2026-04-16 13:45:00+00:00,125.18
2026-04-16 13:47:00+00:00,125.13
2026-04-16 13:48:00+00:00,125.39
2026-04-16 13:51:00+00:00,125.59
2026-04-16 13:52:00+00:00,125.78
2026-04-16 13:54:00+00:00,126.08
2026-04-16 13:55:00+00:00,126.09
2026-04-16 13:56:00+00:00,126.06
2026-04-16 13:57:00+00:00,126.12
2026-04-16 13:58:00+00:00,126.23
2026-04-16 13:59:00+00:00,125.91
2026-04-16 14:00:00+00:00,125.94
2026-04-16 14:01:00+00:00,125.92
2026-04-16 14:02:00+00:00,125.98
2026-04-16 14:03:00+00:00,125.95
2026-04-16 14:04:00+00:00,125.91
2026-04-16 14:05:00+00:00,126.08
2026-04-16 14:06:00+00:00,125.93
2026-04-16 14:07:00+00:00,125.76
2026-04-16 14:08:00+00:00,125.74
2026-04-16 14:09:00+00:00,125.87
2026-04-16 14:10:00+00:00,125.66
2026-04-16 14:11:00+00:00,125.76
2026-04-16 14:12:00+00:00,125.705
2026-04-16 14:13:00+00:00,125.72
2026-04-16 14:15:00+00:00,126.01
2026-04-16 14:16:00+00:00,126.0
2026-04-16 14:17:00+00:00,126.09
2026-04-16 14:18:00+00:00,126.11
2026-04-16 14:19:00+00:00,126.02
2026-04-16 14:20:00+00:00,126.0
2026-04-16 14:21:00+00:00,126.08
2026-04-16 14:22:00+00:00,126.27
2026-04-16 14:23:00+00:00,126.38
2026-04-16 14:24:00+00:00,126.37
2026-04-16 14:25:00+00:00,126.46
2026-04-16 14:26:00+00:00,126.4
2026-04-16 14:27:00+00:00,126.33
2026-04-16 14:29:00+00:00,126.13
2026-04-16 14:30:00+00:00,126.08
2026-04-16 14:31:00+00:00,126.36
2026-04-16 14:32:00+00:00,126.52
2026-04-16 14:33:00+00:00,126.41
2026-04-16 14:34:00+00:00,126.29
2026-04-16 14:35:00+00:00,126.54
2026-04-16 14:36:00+00:00,126.49
2026-04-16 14:37:00+00:00,126.33
2026-04-16 14:38:00+00:00,126.53
2026-04-16 14:41:00+00:00,126.11
2026-04-16 14:42:00+00:00,126.06
2026-04-16 14:43:00+00:00,125.83
2026-04-16 14:45:00+00:00,125.87
2026-04-16 14:46:00+00:00,125.83
2026-04-16 14:47:00+00:00,126.11
2026-04-16 14:49:00+00:00,126.09
2026-04-16 14:50:00+00:00,126.05
2026-04-16 14:51:00+00:00,125.98
2026-04-16 14:55:00+00:00,126.23
2026-04-16 15:02:00+00:00,126.02
2026-04-16 15:03:00+00:00,125.76
2026-04-16 15:04:00+00:00,125.64
2026-04-16 15:05:00+00:00,125.96
2026-04-16 15:08:00+00:00,125.72
2026-04-16 15:09:00+00:00,125.6
2026-04-16 15:10:00+00:00,125.43
2026-04-16 15:12:00+00:00,125.57
2026-04-16 15:13:00+00:00,125.73
2026-04-16 15:15:00+00:00,125.48
2026-04-16 15:16:00+00:00,125.48
2026-04-16 15:18:00+00:00,125.71
2026-04-16 15:19:00+00:00,126.01
2026-04-16 15:22:00+00:00,125.845
2026-04-16 15:23:00+00:00,126.09
2026-04-16 15:24:00+00:00,126.11
2026-04-16 15:25:00+00:00,126.05
2026-04-16 15:26:00+00:00,126.08
2026-04-16 15:27:00+00:00,126.22
2026-04-16 15:29:00+00:00,126.59
2026-04-16 15:30:00+00:00,126.47
2026-04-16 15:31:00+00:00,126.49
2026-04-16 15:34:00+00:00,126.83
2026-04-16 15:35:00+00:00,126.87
2026-04-16 15:36:00+00:00,126.22
2026-04-16 15:37:00+00:00,125.88
2026-04-16 15:38:00+00:00,126.06
2026-04-16 15:39:00+00:00,125.88
2026-04-16 15:40:00+00:00,126.09
2026-04-16 15:41:00+00:00,126.55
2026-04-16 15:42:00+00:00,126.53
2026-04-16 15:43:00+00:00,126.5
2026-04-16 15:44:00+00:00,126.54
2026-04-16 15:45:00+00:00,126.44
2026-04-16 15:46:00+00:00,126.53
2026-04-16 15:47:00+00:00,126.62
2026-04-16 15:48:00+00:00,126.5
2026-04-16 15:49:00+00:00,126.575
2026-04-16 15:50:00+00:00,126.39
2026-04-16 15:51:00+00:00,126.26
2026-04-16 15:53:00+00:00,126.26
2026-04-16 15:54:00+00:00,126.35
2026-04-16 15:57:00+00:00,126.08
2026-04-16 15:58:00+00:00,126.08
2026-04-16 15:59:00+00:00,126.12
2026-04-16 16:00:00+00:00,126.2
2026-04-16 16:01:00+00:00,126.35
2026-04-16 16:02:00+00:00,126.42
2026-04-16 16:04:00+00:00,126.3
2026-04-16 16:07:00+00:00,126.32
2026-04-16 16:09:00+00:00,126.44
2026-04-16 16:10:00+00:00,126.43
2026-04-16 16:11:00+00:00,126.26
2026-04-16 16:13:00+00:00,126.41
2026-04-16 16:14:00+00:00,126.47
2026-04-16 16:15:00+00:00,126.26
2026-04-16 16:17:00+00:00,126.35
2026-04-16 16:18:00+00:00,126.2
2026-04-16 16:20:00+00:00,126.26
2026-04-16 16:22:00+00:00,126.37
2026-04-16 16:23:00+00:00,126.5
2026-04-16 16:27:00+00:00,126.34
2026-04-16 16:28:00+00:00,126.395
2026-04-16 16:29:00+00:00,126.35
2026-04-16 16:31:00+00:00,126.3
2026-04-16 16:33:00+00:00,126.87
2026-04-16 16:34:00+00:00,126.8
2026-04-16 16:35:00+00:00,126.75
2026-04-16 16:36:00+00:00,126.56
2026-04-16 16:37:00+00:00,126.92
2026-04-16 16:38:00+00:00,126.83
2026-04-16 16:39:00+00:00,126.7
2026-04-16 16:41:00+00:00,126.89
2026-04-16 16:42:00+00:00,127.11
2026-04-16 16:43:00+00:00,127.36
2026-04-16 16:44:00+00:00,127.26
2026-04-16 16:46:00+00:00,127.26
2026-04-16 16:49:00+00:00,127.34
2026-04-16 16:50:00+00:00,127.36
2026-04-16 16:52:00+00:00,127.4
2026-04-16 16:54:00+00:00,127.42
2026-04-16 16:56:00+00:00,127.43
2026-04-16 16:57:00+00:00,127.4
2026-04-16 17:06:00+00:00,127.44
2026-04-16 17:07:00+00:00,127.55
2026-04-16 17:08:00+00:00,127.61
2026-04-16 17:14:00+00:00,127.84
2026-04-16 17:15:00+00:00,127.84
2026-04-16 17:16:00+00:00,127.66
2026-04-16 17:18:00+00:00,127.8
2026-04-16 17:19:00+00:00,127.86
2026-04-16 17:20:00+00:00,127.81
2026-04-16 17:21:00+00:00,127.74
2026-04-16 17:23:00+00:00,127.64
2026-04-16 17:25:00+00:00,127.53
2026-04-16 17:26:00+00:00,127.64
2026-04-16 17:30:00+00:00,127.68
2026-04-16 17:31:00+00:00,127.76
2026-04-16 17:32:00+00:00,127.82
2026-04-16 17:33:00+00:00,127.805
2026-04-16 17:34:00+00:00,127.96
2026-04-16 17:35:00+00:00,127.975
2026-04-16 17:38:00+00:00,128.07
2026-04-16 17:40:00+00:00,127.94
2026-04-16 17:41:00+00:00,127.96
2026-04-16 17:43:00+00:00,127.73
2026-04-16 17:45:00+00:00,127.91
2026-04-16 17:49:00+00:00,127.88
2026-04-16 17:50:00+00:00,127.9
2026-04-16 17:55:00+00:00,128.11
2026-04-16 17:57:00+00:00,127.89
2026-04-16 17:58:00+00:00,127.94
2026-04-16 18:00:00+00:00,127.52
2026-04-16 18:01:00+00:00,127.36
2026-04-16 18:02:00+00:00,127.37
2026-04-16 18:03:00+00:00,127.58
2026-04-16 18:04:00+00:00,127.68
2026-04-16 18:06:00+00:00,127.45
2026-04-16 18:07:00+00:00,127.53
2026-04-16 18:08:00+00:00,127.31
2026-04-16 18:09:00+00:00,127.44
2026-04-16 18:10:00+00:00,127.43
2026-04-16 18:11:00+00:00,127.44
2026-04-16 18:12:00+00:00,127.3
2026-04-16 18:13:00+00:00,127.37
2026-04-16 18:14:00+00:00,127.32
2026-04-16 18:15:00+00:00,127.22
2026-04-16 18:16:00+00:00,127.25
2026-04-16 18:18:00+00:00,127.18
2026-04-16 18:19:00+00:00,127.07
2026-04-16 18:20:00+00:00,127.28
2026-04-16 18:21:00+00:00,127.39
2026-04-16 18:22:00+00:00,127.34
2026-04-16 18:23:00+00:00,127.5
2026-04-16 18:24:00+00:00,127.54
2026-04-16 18:25:00+00:00,127.36
2026-04-16 18:27:00+00:00,127.47
2026-04-16 18:28:00+00:00,127.38
2026-04-16 18:29:00+00:00,127.35
2026-04-16 18:30:00+00:00,127.395
2026-04-16 18:32:00+00:00,127.53
2026-04-16 18:33:00+00:00,127.4
2026-04-16 18:34:00+00:00,127.18
2026-04-16 18:35:00+00:00,127.12
2026-04-16 18:36:00+00:00,127.24
2026-04-16 18:37:00+00:00,127.21
2026-04-16 18:38:00+00:00,127.16
2026-04-16 18:39:00+00:00,127.06
2026-04-16 18:41:00+00:00,127.07
2026-04-16 18:42:00+00:00,127.005
2026-04-16 18:43:00+00:00,127.08
2026-04-16 18:46:00+00:00,126.93
2026-04-16 18:47:00+00:00,126.76
2026-04-16 18:48:00+00:00,126.86
2026-04-16 18:49:00+00:00,126.805
2026-04-16 18:50:00+00:00,126.61
2026-04-16 18:51:00+00:00,126.45
2026-04-16 18:53:00+00:00,126.54
2026-04-16 18:54:00+00:00,126.52
2026-04-16 18:55:00+00:00,126.475
2026-04-16 18:56:00+00:00,126.46
2026-04-16 18:58:00+00:00,126.46
2026-04-16 18:59:00+00:00,126.3
2026-04-16 19:00:00+00:00,126.22
2026-04-16 19:01:00+00:00,126.23
2026-04-16 19:04:00+00:00,126.315
2026-04-16 19:05:00+00:00,126.48
2026-04-16 19:08:00+00:00,126.41
2026-04-16 19:09:00+00:00,126.26
2026-04-16 19:12:00+00:00,126.47
2026-04-16 19:18:00+00:00,126.39
2026-04-16 19:20:00+00:00,126.495
2026-04-16 19:22:00+00:00,126.25
2026-04-16 19:23:00+00:00,126.36
2026-04-16 19:25:00+00:00,126.25
2026-04-16 19:26:00+00:00,126.08
2026-04-16 19:27:00+00:00,126.11
2026-04-16 19:29:00+00:00,125.935
2026-04-16 19:30:00+00:00,125.82
2026-04-16 19:31:00+00:00,125.87
2026-04-16 19:32:00+00:00,125.79
2026-04-16 19:33:00+00:00,125.84
2026-04-16 19:34:00+00:00,125.89
2026-04-16 19:36:00+00:00,125.835
2026-04-16 19:37:00+00:00,125.82
2026-04-16 19:38:00+00:00,125.85
2026-04-16 19:39:00+00:00,125.805
2026-04-16 19:41:00+00:00,125.74
2026-04-16 19:42:00+00:00,125.78
2026-04-16 19:43:00+00:00,125.78
2026-04-16 19:44:00+00:00,125.66
2026-04-16 19:45:00+00:00,125.73
2026-04-16 19:47:00+00:00,125.72
2026-04-16 19:48:00+00:00,125.67
2026-04-16 19:50:00+00:00,125.66
2026-04-16 19:51:00+00:00,125.675
2026-04-16 19:52:00+00:00,125.76
2026-04-16 19:53:00+00:00,125.77
2026-04-16 19:54:00+00:00,125.83
2026-04-16 19:55:00+00:00,125.79
2026-04-16 19:57:00+00:00,125.65
2026-04-16 19:58:00+00:00,125.77
2026-04-16 19:59:00+00:00,125.85
2026-04-17 12:08:00+00:00,122.33
2026-04-17 12:24:00+00:00,121.26
2026-04-17 12:25:00+00:00,120.63
2026-04-17 12:26:00+00:00,121.04
2026-04-17 12:27:00+00:00,121.04
2026-04-17 12:28:00+00:00,120.82
2026-04-17 12:29:00+00:00,121.06
2026-04-17 12:45:00+00:00,120.26
2026-04-17 12:46:00+00:00,119.67
2026-04-17 12:52:00+00:00,116.45
2026-04-17 12:53:00+00:00,115.85
2026-04-17 12:55:00+00:00,115.41
2026-04-17 13:00:00+00:00,116.1
2026-04-17 13:02:00+00:00,116.16
2026-04-17 13:03:00+00:00,115.61
2026-04-17 13:04:00+00:00,115.2
2026-04-17 13:06:00+00:00,114.73
2026-04-17 13:07:00+00:00,114.29
2026-04-17 13:10:00+00:00,112.67
2026-04-17 13:11:00+00:00,112.58
2026-04-17 13:12:00+00:00,112.95
2026-04-17 13:14:00+00:00,113.51
2026-04-17 13:16:00+00:00,113.91
2026-04-17 13:18:00+00:00,113.86
2026-04-17 13:19:00+00:00,113.64
2026-04-17 13:27:00+00:00,114.72
2026-04-17 13:30:00+00:00,114.78
2026-04-17 13:31:00+00:00,113.96
2026-04-17 13:32:00+00:00,113.99
2026-04-17 13:33:00+00:00,114.1
2026-04-17 13:34:00+00:00,113.83
2026-04-17 13:35:00+00:00,113.6
2026-04-17 13:36:00+00:00,113.82
2026-04-17 13:37:00+00:00,113.54
2026-04-17 13:38:00+00:00,113.6
2026-04-17 13:39:00+00:00,113.5
2026-04-17 13:40:00+00:00,113.91
2026-04-17 13:41:00+00:00,114.195
2026-04-17 13:42:00+00:00,114.245
2026-04-17 13:43:00+00:00,114.28
2026-04-17 13:44:00+00:00,113.96
2026-04-17 13:45:00+00:00,113.56
2026-04-17 13:46:00+00:00,113.89
2026-04-17 13:47:00+00:00,115.04
2026-04-17 13:48:00+00:00,115.17
2026-04-17 13:49:00+00:00,114.56
2026-04-17 13:50:00+00:00,114.46
2026-04-17 13:51:00+00:00,114.4
2026-04-17 13:52:00+00:00,114.15
2026-04-17 13:53:00+00:00,114.02
2026-04-17 13:54:00+00:00,114.46
2026-04-17 13:55:00+00:00,114.32
2026-04-17 13:56:00+00:00,114.31
2026-04-17 13:57:00+00:00,114.09
2026-04-17 13:58:00+00:00,114.29
2026-04-17 13:59:00+00:00,114.21
2026-04-17 14:00:00+00:00,114.34
2026-04-17 14:02:00+00:00,114.14
2026-04-17 14:03:00+00:00,113.61
2026-04-17 14:04:00+00:00,113.45
2026-04-17 14:05:00+00:00,113.53
2026-04-17 14:06:00+00:00,113.78
2026-04-17 14:07:00+00:00,113.78
2026-04-17 14:08:00+00:00,113.72
2026-04-17 14:09:00+00:00,113.53
2026-04-17 14:11:00+00:00,113.87
2026-04-17 14:12:00+00:00,114.11
2026-04-17 14:13:00+00:00,113.94
2026-04-17 14:14:00+00:00,113.63
2026-04-17 14:15:00+00:00,113.3
2026-04-17 14:16:00+00:00,113.4
2026-04-17 14:17:00+00:00,113.34
2026-04-17 14:18:00+00:00,113.39
2026-04-17 14:19:00+00:00,113.24
2026-04-17 14:20:00+00:00,113.345
2026-04-17 14:21:00+00:00,113.14
2026-04-17 14:22:00+00:00,113.01
2026-04-17 14:23:00+00:00,113.08
2026-04-17 14:24:00+00:00,112.68
2026-04-17 14:25:00+00:00,112.77
2026-04-17 14:26:00+00:00,112.95
2026-04-17 14:27:00+00:00,112.88
2026-04-17 14:28:00+00:00,113.11
2026-04-17 14:29:00+00:00,113.13
2026-04-17 14:30:00+00:00,113.18
2026-04-17 14:31:00+00:00,113.14
2026-04-17 14:33:00+00:00,112.29
2026-04-17 14:34:00+00:00,112.05
2026-04-17 14:35:00+00:00,112.62
2026-04-17 14:36:00+00:00,112.265
2026-04-17 14:37:00+00:00,112.27
2026-04-17 14:38:00+00:00,112.005
2026-04-17 14:39:00+00:00,111.715
2026-04-17 14:40:00+00:00,111.36
2026-04-17 14:41:00+00:00,110.92
2026-04-17 14:42:00+00:00,110.73
2026-04-17 14:43:00+00:00,111.04
2026-04-17 14:44:00+00:00,111.21
2026-04-17 14:45:00+00:00,110.97
2026-04-17 14:46:00+00:00,111.005
2026-04-17 14:47:00+00:00,110.88
2026-04-17 14:48:00+00:00,110.75
2026-04-17 14:49:00+00:00,110.52
2026-04-17 14:50:00+00:00,111.0
2026-04-17 14:51:00+00:00,110.61
2026-04-17 14:52:00+00:00,110.7
2026-04-17 14:53:00+00:00,110.93
2026-04-17 14:54:00+00:00,110.92
2026-04-17 14:55:00+00:00,111.36
2026-04-17 14:56:00+00:00,111.3
2026-04-17 14:57:00+00:00,111.15
2026-04-17 14:58:00+00:00,111.29
2026-04-17 14:59:00+00:00,111.65
2026-04-17 15:00:00+00:00,111.94
2026-04-17 15:01:00+00:00,111.81
2026-04-17 15:02:00+00:00,111.65
2026-04-17 15:03:00+00:00,111.94
2026-04-17 15:04:00+00:00,111.685
2026-04-17 15:05:00+00:00,111.86
2026-04-17 15:06:00+00:00,112.19
2026-04-17 15:07:00+00:00,112.14
2026-04-17 15:08:00+00:00,112.5
2026-04-17 15:09:00+00:00,112.195
2026-04-17 15:10:00+00:00,112.46
2026-04-17 15:11:00+00:00,112.45
2026-04-17 15:12:00+00:00,112.32
2026-04-17 15:13:00+00:00,112.36
2026-04-17 15:14:00+00:00,112.65
2026-04-17 15:15:00+00:00,112.48
2026-04-17 15:16:00+00:00,112.345
2026-04-17 15:17:00+00:00,112.39
2026-04-17 15:18:00+00:00,112.825
2026-04-17 15:19:00+00:00,113.1
2026-04-17 15:20:00+00:00,113.24
2026-04-17 15:21:00+00:00,113.19
2026-04-17 15:22:00+00:00,113.24
2026-04-17 15:23:00+00:00,113.19
2026-04-17 15:24:00+00:00,113.33
2026-04-17 15:25:00+00:00,113.5
2026-04-17 15:26:00+00:00,113.35
2026-04-17 15:27:00+00:00,113.5
2026-04-17 15:28:00+00:00,113.6
2026-04-17 15:29:00+00:00,113.9
2026-04-17 15:30:00+00:00,114.1
2026-04-17 15:31:00+00:00,113.855
2026-04-17 15:32:00+00:00,113.82
2026-04-17 15:33:00+00:00,113.92
2026-04-17 15:34:00+00:00,113.68
2026-04-17 15:35:00+00:00,113.47
2026-04-17 15:36:00+00:00,113.44
2026-04-17 15:37:00+00:00,113.62
2026-04-17 15:38:00+00:00,113.39
2026-04-17 15:39:00+00:00,113.25
2026-04-17 15:40:00+00:00,113.27
2026-04-17 15:41:00+00:00,113.19
2026-04-17 15:42:00+00:00,113.4
2026-04-17 15:43:00+00:00,113.77
2026-04-17 15:44:00+00:00,113.82
2026-04-17 15:45:00+00:00,113.61
2026-04-17 15:46:00+00:00,113.69
2026-04-17 15:47:00+00:00,113.7
2026-04-17 15:48:00+00:00,113.77
2026-04-17 15:49:00+00:00,113.61
2026-04-17 15:50:00+00:00,113.07
2026-04-17 15:51:00+00:00,113.07
2026-04-17 15:53:00+00:00,113.07
2026-04-17 15:54:00+00:00,113.2
2026-04-17 15:55:00+00:00,113.25
2026-04-17 15:57:00+00:00,113.17
2026-04-17 15:59:00+00:00,113.43
2026-04-17 16:00:00+00:00,113.665
2026-04-17 16:01:00+00:00,113.555
2026-04-17 16:02:00+00:00,113.33
2026-04-17 16:03:00+00:00,113.29
2026-04-17 16:04:00+00:00,113.76
2026-04-17 16:07:00+00:00,113.4
2026-04-17 16:09:00+00:00,113.36
2026-04-17 16:13:00+00:00,113.43
2026-04-17 16:14:00+00:00,113.14
2026-04-17 16:15:00+00:00,113.21
2026-04-17 16:17:00+00:00,113.32
2026-04-17 16:18:00+00:00,113.18
2026-04-17 16:20:00+00:00,113.01
2026-04-17 16:25:00+00:00,113.68
2026-04-17 16:26:00+00:00,113.72
2026-04-17 16:27:00+00:00,113.85
2026-04-17 16:28:00+00:00,113.77
2026-04-17 16:29:00+00:00,114.1
2026-04-17 16:30:00+00:00,114.23
2026-04-17 16:31:00+00:00,113.84
2026-04-17 16:33:00+00:00,113.9
2026-04-17 16:34:00+00:00,113.94
2026-04-17 16:35:00+00:00,113.93
2026-04-17 16:36:00+00:00,113.96
2026-04-17 16:43:00+00:00,113.69
2026-04-17 16:47:00+00:00,113.665
2026-04-17 16:52:00+00:00,113.5
2026-04-17 16:56:00+00:00,113.605
2026-04-17 16:58:00+00:00,113.6
2026-04-17 16:59:00+00:00,113.64
2026-04-17 17:00:00+00:00,113.67
2026-04-17 17:01:00+00:00,113.9
2026-04-17 17:02:00+00:00,114.07
2026-04-17 17:03:00+00:00,114.38
2026-04-17 17:04:00+00:00,114.19
2026-04-17 17:05:00+00:00,114.21
2026-04-17 17:06:00+00:00,114.045
2026-04-17 17:08:00+00:00,114.975
2026-04-17 17:09:00+00:00,114.63
2026-04-17 17:10:00+00:00,114.54
2026-04-17 17:11:00+00:00,114.67
2026-04-17 17:12:00+00:00,114.66
2026-04-17 17:15:00+00:00,114.31
2026-04-17 17:16:00+00:00,114.42
2026-04-17 17:18:00+00:00,114.37
2026-04-17 17:19:00+00:00,114.65
2026-04-17 17:21:00+00:00,114.87
2026-04-17 17:23:00+00:00,114.82
2026-04-17 17:24:00+00:00,115.63
2026-04-17 17:25:00+00:00,115.42
2026-04-17 17:26:00+00:00,115.62
2026-04-17 17:27:00+00:00,115.43
2026-04-17 17:28:00+00:00,115.69
2026-04-17 17:29:00+00:00,115.57
2026-04-17 17:30:00+00:00,115.495
2026-04-17 17:31:00+00:00,115.44
2026-04-17 17:33:00+00:00,115.52
2026-04-17 17:34:00+00:00,115.35
2026-04-17 17:35:00+00:00,115.5
2026-04-17 17:36:00+00:00,115.42
2026-04-17 17:37:00+00:00,115.25
2026-04-17 17:38:00+00:00,115.38
2026-04-17 17:39:00+00:00,115.7
2026-04-17 17:40:00+00:00,115.58
2026-04-17 17:41:00+00:00,115.38
2026-04-17 17:42:00+00:00,115.29
2026-04-17 17:43:00+00:00,115.21
2026-04-17 17:44:00+00:00,115.25
2026-04-17 17:45:00+00:00,115.2
2026-04-17 17:46:00+00:00,114.99
2026-04-17 17:47:00+00:00,114.805
2026-04-17 17:48:00+00:00,114.59
2026-04-17 17:50:00+00:00,114.93
2026-04-17 17:51:00+00:00,114.99
2026-04-17 17:54:00+00:00,114.865
2026-04-17 17:58:00+00:00,114.36
2026-04-17 18:00:00+00:00,114.29
2026-04-17 18:04:00+00:00,114.74
2026-04-17 18:05:00+00:00,114.83
2026-04-17 18:07:00+00:00,115.01
2026-04-17 18:09:00+00:00,115.21
2026-04-17 18:10:00+00:00,115.27
2026-04-17 18:11:00+00:00,115.3
2026-04-17 18:15:00+00:00,115.835
2026-04-17 18:16:00+00:00,115.57
2026-04-17 18:17:00+00:00,115.4
2026-04-17 18:18:00+00:00,115.26
2026-04-17 18:20:00+00:00,115.54
2026-04-17 18:21:00+00:00,115.44
2026-04-17 18:22:00+00:00,115.26
2026-04-17 18:23:00+00:00,114.56
2026-04-17 18:24:00+00:00,114.44
2026-04-17 18:25:00+00:00,114.38
2026-04-17 18:26:00+00:00,114.27
2026-04-17 18:28:00+00:00,115.375
2026-04-17 18:29:00+00:00,115.69
2026-04-17 18:30:00+00:00,115.73
2026-04-17 18:31:00+00:00,115.815
2026-04-17 18:32:00+00:00,115.71
2026-04-17 18:33:00+00:00,115.67
2026-04-17 18:34:00+00:00,115.76
2026-04-17 18:35:00+00:00,116.06
2026-04-17 18:36:00+00:00,116.11
2026-04-17 18:37:00+00:00,116.19
2026-04-17 18:38:00+00:00,116.295
2026-04-17 18:39:00+00:00,116.16
2026-04-17 18:40:00+00:00,116.1
2026-04-17 18:43:00+00:00,116.35
2026-04-17 18:44:00+00:00,116.35
2026-04-17 18:45:00+00:00,116.1
2026-04-17 18:46:00+00:00,116.18
2026-04-17 18:47:00+00:00,116.38
2026-04-17 18:48:00+00:00,116.465
2026-04-17 18:49:00+00:00,116.475
2026-04-17 18:50:00+00:00,116.32
2026-04-17 18:51:00+00:00,116.34
2026-04-17 18:52:00+00:00,116.48
2026-04-17 18:53:00+00:00,116.465
2026-04-17 18:54:00+00:00,116.45
2026-04-17 18:55:00+00:00,116.4
2026-04-17 18:56:00+00:00,116.33
2026-04-17 19:01:00+00:00,116.23
2026-04-17 19:02:00+00:00,116.315
2026-04-17 19:03:00+00:00,116.21
2026-04-17 19:04:00+00:00,116.16
2026-04-17 19:06:00+00:00,116.385
2026-04-17 19:08:00+00:00,116.23
2026-04-17 19:09:00+00:00,116.28
2026-04-17 19:11:00+00:00,116.45
2026-04-17 19:12:00+00:00,116.52
2026-04-17 19:14:00+00:00,116.38
2026-04-17 19:15:00+00:00,116.41
2026-04-17 19:16:00+00:00,116.3
2026-04-17 19:17:00+00:00,116.32
2026-04-17 19:18:00+00:00,116.25
2026-04-17 19:20:00+00:00,116.175
2026-04-17 19:30:00+00:00,116.35
2026-04-17 19:32:00+00:00,116.195
2026-04-17 19:38:00+00:00,115.905
2026-04-17 19:39:00+00:00,115.775
2026-04-17 19:40:00+00:00,115.73
2026-04-17 19:41:00+00:00,115.695
2026-04-17 19:42:00+00:00,115.525
2026-04-17 19:44:00+00:00,115.675
2026-04-17 19:45:00+00:00,115.895
2026-04-17 19:46:00+00:00,115.96
2026-04-17 19:48:00+00:00,115.97
2026-04-17 19:49:00+00:00,115.94
2026-04-17 19:50:00+00:00,116.065
2026-04-17 19:51:00+00:00,116.11
2026-04-17 19:52:00+00:00,116.08
2026-04-17 19:53:00+00:00,116.23
2026-04-17 19:54:00+00:00,116.305
2026-04-17 19:57:00+00:00,116.045
2026-04-17 19:58:00+00:00,116.08
2026-04-17 19:59:00+00:00,116.05
2026-04-20 12:05:00+00:00,121.41
2026-04-20 12:23:00+00:00,121.83
2026-04-20 12:34:00+00:00,121.81
2026-04-20 13:01:00+00:00,122.06
2026-04-20 13:02:00+00:00,121.95
2026-04-20 13:09:00+00:00,120.38
2026-04-20 13:30:00+00:00,119.72
2026-04-20 13:31:00+00:00,119.8
2026-04-20 13:32:00+00:00,119.88
2026-04-20 13:33:00+00:00,119.81
2026-04-20 13:34:00+00:00,119.74
2026-04-20 13:35:00+00:00,119.53
2026-04-20 13:36:00+00:00,119.88
2026-04-20 13:37:00+00:00,120.07
2026-04-20 13:38:00+00:00,120.29
2026-04-20 13:39:00+00:00,120.58
2026-04-20 13:40:00+00:00,120.34
2026-04-20 13:41:00+00:00,120.29
2026-04-20 13:42:00+00:00,120.2
2026-04-20 13:43:00+00:00,119.875
2026-04-20 13:44:00+00:00,119.71
2026-04-20 13:45:00+00:00,119.86
2026-04-20 13:46:00+00:00,119.905
2026-04-20 13:47:00+00:00,120.025
2026-04-20 13:48:00+00:00,120.12
2026-04-20 13:49:00+00:00,120.33
2026-04-20 13:50:00+00:00,120.22
2026-04-20 13:51:00+00:00,119.98
2026-04-20 13:53:00+00:00,120.13
2026-04-20 13:55:00+00:00,120.23
2026-04-20 13:56:00+00:00,120.155
2026-04-20 13:57:00+00:00,120.08
2026-04-20 13:58:00+00:00,120.04
2026-04-20 14:00:00+00:00,120.11
2026-04-20 14:01:00+00:00,120.36
2026-04-20 14:02:00+00:00,120.49
2026-04-20 14:03:00+00:00,120.53
2026-04-20 14:05:00+00:00,120.33
2026-04-20 14:07:00+00:00,120.27
2026-04-20 14:09:00+00:00,120.62
2026-04-20 14:10:00+00:00,120.68
2026-04-20 14:11:00+00:00,120.965
2026-04-20 14:12:00+00:00,121.11
2026-04-20 14:13:00+00:00,120.67
2026-04-20 14:14:00+00:00,120.6
2026-04-20 14:15:00+00:00,120.74
2026-04-20 14:17:00+00:00,120.83
2026-04-20 14:18:00+00:00,120.695
2026-04-20 14:19:00+00:00,120.48
2026-04-20 14:20:00+00:00,120.445
2026-04-20 14:21:00+00:00,120.31
2026-04-20 14:23:00+00:00,120.33
2026-04-20 14:24:00+00:00,120.26
2026-04-20 14:26:00+00:00,120.32
2026-04-20 14:27:00+00:00,120.545
2026-04-20 14:28:00+00:00,120.7
2026-04-20 14:29:00+00:00,120.5
2026-04-20 14:31:00+00:00,120.53
2026-04-20 14:32:00+00:00,120.215
2026-04-20 14:33:00+00:00,120.13
2026-04-20 14:34:00+00:00,120.58
2026-04-20 14:36:00+00:00,120.95
2026-04-20 14:37:00+00:00,120.72
2026-04-20 14:38:00+00:00,120.765
2026-04-20 14:40:00+00:00,121.08
2026-04-20 14:41:00+00:00,121.29
2026-04-20 14:42:00+00:00,121.23
2026-04-20 14:43:00+00:00,121.21
2026-04-20 14:46:00+00:00,121.145
2026-04-20 14:51:00+00:00,121.8
2026-04-20 14:52:00+00:00,121.88
2026-04-20 14:53:00+00:00,121.685
2026-04-20 14:55:00+00:00,121.96
2026-04-20 14:56:00+00:00,122.0
2026-04-20 14:57:00+00:00,121.83
2026-04-20 14:59:00+00:00,121.81
2026-04-20 15:00:00+00:00,122.05
2026-04-20 15:01:00+00:00,122.1
2026-04-20 15:02:00+00:00,122.09
2026-04-20 15:03:00+00:00,122.135
2026-04-20 15:04:00+00:00,122.16
2026-04-20 15:05:00+00:00,122.09
2026-04-20 15:06:00+00:00,122.0
2026-04-20 15:07:00+00:00,122.18
2026-04-20 15:08:00+00:00,121.92
2026-04-20 15:09:00+00:00,122.14
2026-04-20 15:10:00+00:00,122.04
2026-04-20 15:11:00+00:00,121.97
2026-04-20 15:12:00+00:00,122.0
2026-04-20 15:13:00+00:00,122.12
2026-04-20 15:14:00+00:00,121.97
2026-04-20 15:21:00+00:00,121.7
2026-04-20 15:22:00+00:00,121.11
2026-04-20 15:23:00+00:00,121.25
2026-04-20 15:26:00+00:00,121.01
2026-04-20 15:27:00+00:00,121.22
2026-04-20 15:29:00+00:00,121.01
2026-04-20 15:30:00+00:00,121.08
2026-04-20 15:34:00+00:00,121.33
2026-04-20 15:37:00+00:00,121.82
2026-04-20 15:39:00+00:00,121.98
2026-04-20 15:40:00+00:00,121.94
2026-04-20 15:41:00+00:00,121.77
2026-04-20 15:45:00+00:00,121.73
2026-04-20 15:47:00+00:00,121.72
2026-04-20 15:50:00+00:00,121.72
2026-04-20 15:51:00+00:00,121.97
2026-04-20 15:56:00+00:00,122.01
2026-04-20 15:57:00+00:00,121.83
2026-04-20 15:59:00+00:00,121.95
2026-04-20 16:00:00+00:00,121.97
2026-04-20 16:01:00+00:00,122.27
2026-04-20 16:04:00+00:00,122.37
2026-04-20 16:05:00+00:00,122.22
2026-04-20 16:09:00+00:00,122.07
2026-04-20 16:13:00+00:00,122.0
2026-04-20 16:14:00+00:00,122.2
2026-04-20 16:20:00+00:00,121.85
2026-04-20 16:21:00+00:00,121.88
2026-04-20 16:23:00+00:00,121.96
2026-04-20 16:24:00+00:00,122.0
2026-04-20 16:27:00+00:00,121.815
2026-04-20 16:28:00+00:00,121.91
2026-04-20 16:29:00+00:00,121.87
2026-04-20 16:30:00+00:00,121.82
2026-04-20 16:31:00+00:00,121.68
2026-04-20 16:38:00+00:00,122.1
2026-04-20 16:39:00+00:00,122.07
2026-04-20 16:41:00+00:00,121.93
2026-04-20 16:42:00+00:00,121.94
2026-04-20 16:43:00+00:00,122.0
2026-04-20 16:45:00+00:00,122.15
2026-04-20 16:47:00+00:00,122.2
2026-04-20 16:48:00+00:00,122.0
2026-04-20 16:50:00+00:00,121.85
2026-04-20 16:51:00+00:00,121.66
2026-04-20 16:53:00+00:00,121.63
2026-04-20 16:54:00+00:00,121.65
2026-04-20 16:55:00+00:00,121.76
2026-04-20 16:58:00+00:00,121.88
2026-04-20 17:01:00+00:00,121.94
2026-04-20 17:02:00+00:00,121.68
2026-04-20 17:03:00+00:00,121.81
2026-04-20 17:04:00+00:00,121.81
2026-04-20 17:05:00+00:00,121.94
2026-04-20 17:06:00+00:00,121.73
2026-04-20 17:08:00+00:00,121.77
2026-04-20 17:09:00+00:00,121.8
2026-04-20 17:10:00+00:00,121.84
2026-04-20 17:14:00+00:00,121.65
2026-04-20 17:17:00+00:00,121.78
2026-04-20 17:21:00+00:00,122.04
2026-04-20 17:22:00+00:00,122.25
2026-04-20 17:24:00+00:00,122.13
2026-04-20 17:25:00+00:00,122.44
2026-04-20 17:31:00+00:00,122.64
2026-04-20 17:35:00+00:00,122.76
2026-04-20 17:36:00+00:00,122.29
2026-04-20 17:37:00+00:00,122.29
2026-04-20 17:39:00+00:00,122.02
2026-04-20 17:40:00+00:00,122.0
2026-04-20 17:41:00+00:00,122.01
2026-04-20 17:42:00+00:00,121.97
2026-04-20 17:43:00+00:00,121.92
2026-04-20 17:46:00+00:00,121.95
2026-04-20 17:50:00+00:00,122.02
2026-04-20 17:53:00+00:00,122.05
2026-04-20 17:59:00+00:00,122.2
2026-04-20 18:01:00+00:00,122.03
2026-04-20 18:06:00+00:00,121.78
2026-04-20 18:08:00+00:00,122.16
2026-04-20 18:09:00+00:00,122.08
2026-04-20 18:10:00+00:00,122.03
2026-04-20 18:11:00+00:00,122.41
2026-04-20 18:12:00+00:00,122.45
2026-04-20 18:16:00+00:00,122.01
2026-04-20 18:19:00+00:00,121.67
2026-04-20 18:20:00+00:00,121.55
2026-04-20 18:21:00+00:00,121.745
2026-04-20 18:22:00+00:00,121.65
2026-04-20 18:24:00+00:00,121.55
2026-04-20 18:25:00+00:00,121.69
2026-04-20 18:26:00+00:00,121.77
2026-04-20 18:27:00+00:00,121.77
2026-04-20 18:28:00+00:00,122.27
2026-04-20 18:30:00+00:00,122.03
2026-04-20 18:32:00+00:00,122.26
2026-04-20 18:35:00+00:00,122.14
2026-04-20 18:36:00+00:00,122.39
2026-04-20 18:40:00+00:00,122.3
2026-04-20 18:43:00+00:00,122.29
2026-04-20 18:50:00+00:00,122.08
2026-04-20 18:54:00+00:00,122.11
2026-04-20 19:01:00+00:00,122.01
2026-04-20 19:13:00+00:00,121.71
2026-04-20 19:16:00+00:00,121.9
2026-04-20 19:17:00+00:00,121.89
2026-04-20 19:24:00+00:00,121.74
2026-04-20 19:26:00+00:00,121.78
2026-04-20 19:34:00+00:00,121.62
2026-04-20 19:35:00+00:00,121.53
2026-04-20 19:37:00+00:00,121.51
2026-04-20 19:38:00+00:00,121.52
2026-04-20 19:41:00+00:00,121.62
2026-04-20 19:42:00+00:00,121.54
2026-04-20 19:43:00+00:00,121.485
2026-04-20 19:46:00+00:00,121.47
2026-04-20 19:48:00+00:00,121.46
2026-04-20 19:49:00+00:00,121.48
2026-04-20 19:51:00+00:00,121.38
2026-04-20 19:52:00+00:00,121.47
2026-04-20 19:53:00+00:00,121.48
2026-04-20 19:54:00+00:00,121.39
2026-04-20 19:55:00+00:00,121.345
2026-04-20 19:56:00+00:00,121.335
2026-04-20 19:57:00+00:00,121.355
2026-04-20 19:58:00+00:00,121.34
2026-04-20 19:59:00+00:00,121.33
2026-04-20 20:55:00+00:00,119.76
2026-04-21 12:22:00+00:00,121.99
2026-04-21 12:40:00+00:00,122.39
2026-04-21 13:30:00+00:00,121.59
2026-04-21 13:31:00+00:00,121.22
2026-04-21 13:34:00+00:00,121.44
2026-04-21 13:35:00+00:00,121.57
2026-04-21 13:36:00+00:00,121.555
2026-04-21 13:37:00+00:00,121.65
2026-04-21 13:41:00+00:00,121.41
2026-04-21 13:43:00+00:00,121.56
2026-04-21 13:44:00+00:00,121.56
2026-04-21 13:46:00+00:00,121.22
2026-04-21 13:47:00+00:00,121.22
2026-04-21 13:48:00+00:00,121.24
2026-04-21 13:49:00+00:00,121.24
2026-04-21 13:50:00+00:00,121.13
2026-04-21 13:51:00+00:00,121.19
2026-04-21 13:52:00+00:00,121.04
2026-04-21 13:53:00+00:00,121.12
2026-04-21 13:55:00+00:00,121.18
2026-04-21 13:56:00+00:00,121.24
2026-04-21 13:58:00+00:00,121.32
2026-04-21 13:59:00+00:00,121.26
2026-04-21 14:00:00+00:00,121.41
2026-04-21 14:01:00+00:00,121.73
2026-04-21 14:02:00+00:00,122.025
2026-04-21 14:03:00+00:00,122.14
2026-04-21 14:04:00+00:00,121.85
2026-04-21 14:07:00+00:00,122.02
2026-04-21 14:09:00+00:00,122.225
2026-04-21 14:10:00+00:00,122.66
2026-04-21 14:11:00+00:00,122.49
2026-04-21 14:16:00+00:00,122.44
2026-04-21 14:17:00+00:00,122.55
2026-04-21 14:18:00+00:00,122.6
2026-04-21 14:19:00+00:00,122.7
2026-04-21 14:25:00+00:00,122.77
2026-04-21 14:27:00+00:00,122.805
2026-04-21 14:29:00+00:00,122.775
2026-04-21 14:30:00+00:00,122.65
2026-04-21 14:31:00+00:00,122.58
2026-04-21 14:32:00+00:00,122.555
2026-04-21 14:36:00+00:00,122.58
2026-04-21 14:39:00+00:00,122.7
2026-04-21 14:40:00+00:00,122.95
2026-04-21 14:41:00+00:00,122.92
2026-04-21 14:42:00+00:00,122.91
2026-04-21 14:43:00+00:00,123.02
2026-04-21 14:44:00+00:00,123.03
2026-04-21 14:45:00+00:00,123.13
2026-04-21 14:46:00+00:00,123.41
2026-04-21 14:47:00+00:00,123.5
2026-04-21 14:49:00+00:00,123.5
2026-04-21 14:52:00+00:00,123.5
2026-04-21 14:53:00+00:00,123.54
2026-04-21 14:56:00+00:00,123.5
2026-04-21 14:59:00+00:00,123.99
2026-04-21 15:01:00+00:00,124.14
2026-04-21 15:02:00+00:00,124.295
2026-04-21 15:03:00+00:00,124.18
2026-04-21 15:04:00+00:00,124.14
2026-04-21 15:07:00+00:00,123.84
2026-04-21 15:08:00+00:00,123.89
2026-04-21 15:09:00+00:00,123.77
2026-04-21 15:10:00+00:00,123.57
2026-04-21 15:12:00+00:00,124.0
2026-04-21 15:13:00+00:00,123.98
2026-04-21 15:14:00+00:00,123.92
2026-04-21 15:15:00+00:00,123.96
2026-04-21 15:18:00+00:00,124.09
2026-04-21 15:22:00+00:00,124.23
2026-04-21 15:23:00+00:00,124.46
2026-04-21 15:24:00+00:00,124.64
2026-04-21 15:25:00+00:00,124.92
2026-04-21 15:27:00+00:00,125.23
2026-04-21 15:28:00+00:00,125.4
2026-04-21 15:29:00+00:00,125.48
2026-04-21 15:30:00+00:00,125.55
2026-04-21 15:31:00+00:00,125.34
2026-04-21 15:32:00+00:00,125.35
2026-04-21 15:33:00+00:00,125.475
2026-04-21 15:35:00+00:00,125.515
2026-04-21 15:36:00+00:00,125.76
2026-04-21 15:37:00+00:00,125.495
2026-04-21 15:38:00+00:00,125.51
2026-04-21 15:39:00+00:00,125.56
2026-04-21 15:40:00+00:00,125.58
2026-04-21 15:41:00+00:00,125.72
2026-04-21 15:42:00+00:00,125.46
2026-04-21 15:43:00+00:00,125.43
2026-04-21 15:44:00+00:00,125.41
2026-04-21 15:45:00+00:00,125.54
2026-04-21 15:48:00+00:00,125.045
2026-04-21 15:49:00+00:00,125.06
2026-04-21 15:53:00+00:00,125.36
2026-04-21 15:56:00+00:00,125.29
2026-04-21 16:00:00+00:00,125.18
2026-04-21 16:02:00+00:00,124.97
2026-04-21 16:03:00+00:00,125.19
2026-04-21 16:04:00+00:00,125.36
2026-04-21 16:08:00+00:00,125.38
2026-04-21 16:09:00+00:00,125.38
2026-04-21 16:10:00+00:00,125.47
2026-04-21 16:11:00+00:00,125.58
2026-04-21 16:12:00+00:00,125.7
2026-04-21 16:13:00+00:00,125.81
2026-04-21 16:14:00+00:00,125.8
2026-04-21 16:15:00+00:00,125.59
2026-04-21 16:17:00+00:00,125.68
2026-04-21 16:20:00+00:00,125.77
2026-04-21 16:22:00+00:00,125.42
2026-04-21 16:23:00+00:00,125.52
2026-04-21 16:25:00+00:00,125.59
2026-04-21 16:27:00+00:00,125.63
2026-04-21 16:32:00+00:00,125.56
2026-04-21 16:33:00+00:00,125.47
2026-04-21 16:34:00+00:00,125.7
2026-04-21 16:35:00+00:00,125.64
2026-04-21 16:36:00+00:00,125.81
2026-04-21 16:39:00+00:00,125.99
2026-04-21 16:42:00+00:00,126.17
2026-04-21 16:43:00+00:00,126.09
2026-04-21 16:50:00+00:00,126.07
2026-04-21 16:52:00+00:00,126.11
2026-04-21 16:53:00+00:00,126.18
2026-04-21 16:54:00+00:00,126.22
2026-04-21 17:01:00+00:00,126.11
2026-04-21 17:04:00+00:00,126.19
2026-04-21 17:05:00+00:00,126.85
2026-04-21 17:06:00+00:00,127.01
2026-04-21 17:07:00+00:00,127.07
2026-04-21 17:08:00+00:00,127.03
2026-04-21 17:09:00+00:00,126.82
2026-04-21 17:10:00+00:00,127.1
2026-04-21 17:11:00+00:00,127.29
2026-04-21 17:12:00+00:00,127.53
2026-04-21 17:13:00+00:00,127.61
2026-04-21 17:14:00+00:00,127.57
2026-04-21 17:15:00+00:00,127.34
2026-04-21 17:16:00+00:00,127.22
2026-04-21 17:18:00+00:00,127.42
2026-04-21 17:20:00+00:00,127.5
2026-04-21 17:21:00+00:00,127.48
2026-04-21 17:22:00+00:00,127.43
2026-04-21 17:24:00+00:00,127.29
2026-04-21 17:25:00+00:00,127.0
2026-04-21 17:26:00+00:00,126.95
2026-04-21 17:28:00+00:00,127.285
2026-04-21 17:29:00+00:00,127.4
2026-04-21 17:31:00+00:00,126.91
2026-04-21 17:32:00+00:00,126.86
2026-04-21 17:33:00+00:00,126.75
2026-04-21 17:38:00+00:00,125.74
2026-04-21 17:39:00+00:00,125.86
2026-04-21 17:40:00+00:00,125.13
2026-04-21 17:41:00+00:00,125.22
2026-04-21 17:42:00+00:00,125.18
2026-04-21 17:43:00+00:00,124.7
2026-04-21 17:44:00+00:00,124.92
2026-04-21 17:45:00+00:00,125.23
2026-04-21 17:46:00+00:00,125.11
2026-04-21 17:47:00+00:00,125.38
2026-04-21 17:48:00+00:00,124.98
2026-04-21 17:50:00+00:00,125.49
2026-04-21 17:51:00+00:00,125.2
2026-04-21 17:52:00+00:00,125.0
2026-04-21 17:53:00+00:00,125.4
2026-04-21 17:54:00+00:00,125.57
2026-04-21 17:55:00+00:00,125.66
2026-04-21 17:56:00+00:00,125.48
2026-04-21 17:57:00+00:00,125.41
2026-04-21 17:59:00+00:00,125.06
2026-04-21 18:03:00+00:00,124.76
2026-04-21 18:05:00+00:00,124.82
2026-04-21 18:07:00+00:00,124.74
2026-04-21 18:09:00+00:00,124.98
2026-04-21 18:11:00+00:00,125.2
2026-04-21 18:16:00+00:00,125.29
2026-04-21 18:17:00+00:00,125.44
2026-04-21 18:21:00+00:00,125.12
2026-04-21 18:22:00+00:00,125.355
2026-04-21 18:23:00+00:00,125.13
2026-04-21 18:27:00+00:00,125.32
2026-04-21 18:28:00+00:00,125.54
2026-04-21 18:31:00+00:00,125.45
2026-04-21 18:32:00+00:00,125.43
2026-04-21 18:34:00+00:00,124.87
2026-04-21 18:37:00+00:00,125.145
2026-04-21 18:38:00+00:00,125.09
2026-04-21 18:39:00+00:00,124.96
2026-04-21 18:42:00+00:00,125.24
2026-04-21 18:44:00+00:00,125.2
2026-04-21 18:45:00+00:00,125.18
2026-04-21 18:51:00+00:00,125.25
2026-04-21 18:53:00+00:00,125.325
2026-04-21 18:54:00+00:00,123.66
2026-04-21 18:55:00+00:00,123.89
2026-04-21 18:56:00+00:00,124.05
2026-04-21 18:57:00+00:00,123.93
2026-04-21 18:58:00+00:00,123.91
2026-04-21 18:59:00+00:00,124.04
2026-04-21 19:00:00+00:00,123.92
2026-04-21 19:01:00+00:00,123.81
2026-04-21 19:03:00+00:00,124.26
2026-04-21 19:04:00+00:00,123.89
2026-04-21 19:10:00+00:00,124.0
2026-04-21 19:14:00+00:00,124.2
2026-04-21 19:15:00+00:00,124.14
2026-04-21 19:16:00+00:00,123.89
2026-04-21 19:17:00+00:00,123.95
2026-04-21 19:18:00+00:00,123.87
2026-04-21 19:21:00+00:00,123.52
2026-04-21 19:22:00+00:00,123.66
2026-04-21 19:23:00+00:00,123.58
2026-04-21 19:24:00+00:00,123.535
2026-04-21 19:25:00+00:00,123.32
2026-04-21 19:33:00+00:00,123.79
2026-04-21 19:35:00+00:00,124.56
2026-04-21 19:36:00+00:00,124.8
2026-04-21 19:37:00+00:00,124.94
2026-04-21 19:38:00+00:00,125.59
2026-04-21 19:39:00+00:00,125.845
2026-04-21 19:40:00+00:00,126.08
2026-04-21 19:41:00+00:00,126.76
2026-04-21 19:42:00+00:00,127.87
2026-04-21 19:43:00+00:00,127.9
2026-04-21 19:44:00+00:00,128.09
2026-04-21 19:45:00+00:00,128.2
2026-04-21 19:46:00+00:00,128.37
2026-04-21 19:47:00+00:00,127.46
2026-04-21 19:48:00+00:00,127.62
2026-04-21 19:49:00+00:00,127.61
2026-04-21 19:50:00+00:00,127.97
2026-04-21 19:51:00+00:00,128.295
2026-04-21 19:52:00+00:00,128.71
2026-04-21 19:53:00+00:00,128.6
2026-04-21 19:54:00+00:00,128.37
2026-04-21 19:55:00+00:00,128.3
2026-04-21 19:56:00+00:00,128.3
2026-04-21 19:57:00+00:00,128.13
2026-04-21 19:58:00+00:00,128.17
2026-04-21 19:59:00+00:00,128.25
2026-04-22 12:13:00+00:00,125.77
2026-04-22 12:28:00+00:00,126.13
2026-04-22 12:29:00+00:00,126.24
2026-04-22 13:24:00+00:00,127.38
2026-04-22 13:30:00+00:00,127.84
2026-04-22 13:31:00+00:00,128.1
2026-04-22 13:32:00+00:00,128.16
2026-04-22 13:33:00+00:00,128.04
2026-04-22 13:34:00+00:00,128.19
2026-04-22 13:35:00+00:00,128.26
2026-04-22 13:36:00+00:00,128.07
2026-04-22 13:37:00+00:00,128.37
2026-04-22 13:39:00+00:00,128.27
2026-04-22 13:41:00+00:00,128.11
2026-04-22 13:42:00+00:00,128.23
2026-04-22 13:43:00+00:00,128.06
2026-04-22 13:45:00+00:00,128.08
2026-04-22 13:46:00+00:00,128.005
2026-04-22 13:47:00+00:00,127.92
2026-04-22 13:48:00+00:00,127.98
2026-04-22 13:50:00+00:00,127.97
2026-04-22 13:51:00+00:00,128.21
2026-04-22 13:54:00+00:00,127.97
2026-04-22 13:57:00+00:00,128.23
2026-04-22 14:00:00+00:00,128.005
2026-04-22 14:01:00+00:00,128.035
2026-04-22 14:04:00+00:00,128.05
2026-04-22 14:05:00+00:00,128.155
2026-04-22 14:06:00+00:00,127.88
2026-04-22 14:08:00+00:00,127.84
2026-04-22 14:09:00+00:00,127.69
2026-04-22 14:13:00+00:00,127.9
2026-04-22 14:16:00+00:00,127.59
2026-04-22 14:17:00+00:00,127.485
2026-04-22 14:18:00+00:00,127.61
2026-04-22 14:19:00+00:00,127.47
2026-04-22 14:20:00+00:00,127.55
2026-04-22 14:22:00+00:00,127.82
2026-04-22 14:23:00+00:00,127.96
2026-04-22 14:24:00+00:00,128.15
2026-04-22 14:25:00+00:00,127.92
2026-04-22 14:26:00+00:00,127.66
2026-04-22 14:27:00+00:00,127.8
2026-04-22 14:30:00+00:00,127.79
2026-04-22 14:31:00+00:00,127.79
2026-04-22 14:32:00+00:00,128.16
2026-04-22 14:33:00+00:00,128.24
2026-04-22 14:35:00+00:00,127.97
2026-04-22 14:36:00+00:00,127.89
2026-04-22 14:39:00+00:00,127.22
2026-04-22 14:41:00+00:00,127.39
2026-04-22 14:42:00+00:00,127.74
2026-04-22 14:43:00+00:00,128.05
2026-04-22 14:44:00+00:00,128.525
2026-04-22 14:45:00+00:00,128.515
2026-04-22 14:46:00+00:00,128.33
2026-04-22 14:48:00+00:00,128.1
2026-04-22 14:49:00+00:00,128.07
2026-04-22 14:51:00+00:00,128.32
2026-04-22 14:52:00+00:00,128.82
2026-04-22 14:53:00+00:00,128.92
2026-04-22 14:54:00+00:00,128.82
2026-04-22 15:01:00+00:00,128.73
2026-04-22 15:02:00+00:00,128.72
2026-04-22 15:04:00+00:00,128.775
2026-04-22 15:07:00+00:00,128.6
2026-04-22 15:08:00+00:00,128.46
2026-04-22 15:09:00+00:00,128.09
2026-04-22 15:16:00+00:00,128.88
2026-04-22 15:17:00+00:00,128.93
2026-04-22 15:18:00+00:00,128.99
2026-04-22 15:20:00+00:00,128.955
2026-04-22 15:28:00+00:00,128.97
2026-04-22 15:29:00+00:00,128.87
2026-04-22 15:30:00+00:00,129.0
2026-04-22 15:31:00+00:00,128.97
2026-04-22 15:32:00+00:00,129.14
2026-04-22 15:34:00+00:00,129.23
2026-04-22 15:35:00+00:00,129.65
2026-04-22 15:36:00+00:00,129.76
2026-04-22 15:37:00+00:00,129.57
2026-04-22 15:39:00+00:00,129.78
2026-04-22 15:40:00+00:00,129.79
2026-04-22 15:42:00+00:00,129.76
2026-04-22 15:43:00+00:00,129.82
2026-04-22 15:44:00+00:00,129.78
2026-04-22 15:45:00+00:00,129.79
2026-04-22 15:46:00+00:00,129.8
2026-04-22 15:48:00+00:00,130.03
2026-04-22 15:50:00+00:00,130.2
2026-04-22 15:51:00+00:00,130.19
2026-04-22 15:52:00+00:00,130.175
2026-04-22 15:54:00+00:00,130.1
2026-04-22 15:55:00+00:00,130.01
2026-04-22 15:56:00+00:00,130.0
2026-04-22 15:59:00+00:00,130.045
2026-04-22 16:00:00+00:00,130.02
2026-04-22 16:01:00+00:00,130.06
2026-04-22 16:04:00+00:00,129.89
2026-04-22 16:05:00+00:00,129.79
2026-04-22 16:11:00+00:00,130.16
2026-04-22 16:13:00+00:00,130.05
2026-04-22 16:20:00+00:00,130.47
2026-04-22 16:21:00+00:00,130.39
2026-04-22 16:24:00+00:00,130.41
2026-04-22 16:28:00+00:00,130.34
2026-04-22 16:29:00+00:00,130.24
2026-04-22 16:30:00+00:00,130.43
2026-04-22 16:32:00+00:00,130.41
2026-04-22 16:34:00+00:00,130.36
2026-04-22 16:38:00+00:00,130.48
2026-04-22 16:40:00+00:00,130.41
2026-04-22 16:42:00+00:00,130.61
2026-04-22 16:43:00+00:00,130.51
2026-04-22 16:44:00+00:00,130.72
2026-04-22 16:45:00+00:00,130.68
2026-04-22 16:46:00+00:00,130.37
2026-04-22 16:48:00+00:00,130.52
2026-04-22 16:50:00+00:00,130.57
2026-04-22 16:51:00+00:00,130.47
2026-04-22 16:52:00+00:00,130.78
2026-04-22 16:53:00+00:00,130.49
2026-04-22 16:54:00+00:00,130.57
2026-04-22 16:56:00+00:00,130.7
2026-04-22 16:57:00+00:00,130.61
2026-04-22 16:58:00+00:00,130.81
2026-04-22 16:59:00+00:00,130.82
2026-04-22 17:00:00+00:00,130.72
2026-04-22 17:01:00+00:00,130.41
2026-04-22 17:04:00+00:00,129.84
2026-04-22 17:11:00+00:00,129.515
2026-04-22 17:12:00+00:00,129.78
2026-04-22 17:14:00+00:00,130.05
2026-04-22 17:16:00+00:00,129.87
2026-04-22 17:17:00+00:00,129.89
2026-04-22 17:18:00+00:00,130.1
2026-04-22 17:22:00+00:00,130.13
2026-04-22 17:23:00+00:00,130.02
2026-04-22 17:24:00+00:00,130.06
2026-04-22 17:26:00+00:00,130.17
2026-04-22 17:28:00+00:00,130.03
2026-04-22 17:32:00+00:00,130.085
2026-04-22 17:33:00+00:00,130.14
2026-04-22 17:34:00+00:00,130.1
2026-04-22 17:38:00+00:00,130.08
2026-04-22 17:39:00+00:00,130.05
2026-04-22 17:42:00+00:00,129.85
2026-04-22 17:43:00+00:00,129.76
2026-04-22 17:44:00+00:00,129.73
2026-04-22 17:47:00+00:00,129.55
2026-04-22 17:48:00+00:00,129.65
2026-04-22 17:49:00+00:00,129.55
2026-04-22 17:52:00+00:00,129.645
2026-04-22 17:58:00+00:00,129.54
2026-04-22 18:00:00+00:00,129.41
2026-04-22 18:06:00+00:00,129.68
2026-04-22 18:09:00+00:00,129.73
2026-04-22 18:10:00+00:00,129.82
2026-04-22 18:18:00+00:00,129.925
2026-04-22 18:21:00+00:00,130.18
2026-04-22 18:22:00+00:00,130.29
2026-04-22 18:23:00+00:00,130.27
2026-04-22 18:25:00+00:00,130.175
2026-04-22 18:27:00+00:00,130.02
2026-04-22 18:28:00+00:00,129.89
2026-04-22 18:29:00+00:00,129.905
2026-04-22 18:30:00+00:00,129.915
2026-04-22 18:31:00+00:00,130.055
2026-04-22 18:32:00+00:00,130.11
2026-04-22 18:33:00+00:00,129.96
2026-04-22 18:45:00+00:00,130.03
2026-04-22 18:47:00+00:00,129.84
2026-04-22 18:49:00+00:00,129.74
2026-04-22 18:56:00+00:00,129.845
2026-04-22 19:05:00+00:00,129.84
2026-04-22 19:07:00+00:00,129.88
2026-04-22 19:08:00+00:00,129.9
2026-04-22 19:14:00+00:00,129.9
2026-04-22 19:16:00+00:00,129.51
2026-04-22 19:17:00+00:00,129.49
2026-04-22 19:19:00+00:00,129.56
2026-04-22 19:20:00+00:00,129.57
2026-04-22 19:22:00+00:00,129.68
2026-04-22 19:23:00+00:00,129.56
2026-04-22 19:27:00+00:00,129.33
2026-04-22 19:30:00+00:00,129.415
2026-04-22 19:31:00+00:00,129.485
2026-04-22 19:33:00+00:00,129.4
2026-04-22 19:35:00+00:00,129.46
2026-04-22 19:37:00+00:00,129.38
2026-04-22 19:38:00+00:00,129.29
2026-04-22 19:39:00+00:00,129.29
2026-04-22 19:41:00+00:00,129.34
2026-04-22 19:43:00+00:00,129.38
2026-04-22 19:45:00+00:00,129.45
2026-04-22 19:46:00+00:00,129.47
2026-04-22 19:48:00+00:00,129.32
2026-04-22 19:50:00+00:00,129.3
2026-04-22 19:51:00+00:00,129.255
2026-04-22 19:52:00+00:00,129.33
2026-04-22 19:53:00+00:00,129.35
2026-04-22 19:54:00+00:00,129.3
2026-04-22 19:55:00+00:00,129.26
2026-04-22 19:56:00+00:00,129.38
2026-04-22 19:57:00+00:00,129.33
2026-04-22 19:58:00+00:00,129.41
2026-04-22 19:59:00+00:00,129.42
2026-04-23 12:03:00+00:00,130.23
2026-04-23 12:06:00+00:00,129.21
2026-04-23 12:08:00+00:00,129.78
2026-04-23 12:12:00+00:00,129.47
2026-04-23 12:17:00+00:00,129.19
2026-04-23 12:23:00+00:00,130.13
2026-04-23 13:30:00+00:00,131.25
2026-04-23 13:31:00+00:00,131.11
2026-04-23 13:32:00+00:00,131.27
2026-04-23 13:33:00+00:00,131.32
2026-04-23 13:34:00+00:00,131.56
2026-04-23 13:35:00+00:00,131.555
2026-04-23 13:36:00+00:00,131.48
2026-04-23 13:37:00+00:00,131.63
2026-04-23 13:38:00+00:00,131.82
2026-04-23 13:39:00+00:00,131.43
2026-04-23 13:40:00+00:00,131.41
2026-04-23 13:41:00+00:00,131.26
2026-04-23 13:42:00+00:00,131.615
2026-04-23 13:43:00+00:00,131.58
2026-04-23 13:44:00+00:00,131.75
2026-04-23 13:45:00+00:00,131.765
2026-04-23 13:48:00+00:00,131.22
2026-04-23 13:50:00+00:00,131.37
2026-04-23 13:58:00+00:00,131.125
2026-04-23 13:59:00+00:00,131.3
2026-04-23 14:00:00+00:00,132.05
2026-04-23 14:01:00+00:00,131.93
2026-04-23 14:02:00+00:00,131.8
2026-04-23 14:03:00+00:00,131.59
2026-04-23 14:04:00+00:00,131.44
2026-04-23 14:05:00+00:00,131.27
2026-04-23 14:06:00+00:00,131.51
2026-04-23 14:07:00+00:00,131.51
2026-04-23 14:12:00+00:00,131.05
2026-04-23 14:13:00+00:00,131.02
2026-04-23 14:15:00+00:00,131.01
2026-04-23 14:16:00+00:00,130.91
2026-04-23 14:17:00+00:00,130.91
2026-04-23 14:18:00+00:00,130.905
2026-04-23 14:19:00+00:00,131.05
2026-04-23 14:21:00+00:00,130.825
2026-04-23 14:23:00+00:00,130.55
2026-04-23 14:24:00+00:00,130.475
2026-04-23 14:26:00+00:00,130.52
2026-04-23 14:27:00+00:00,130.39
2026-04-23 14:29:00+00:00,130.52
2026-04-23 14:30:00+00:00,130.415
2026-04-23 14:31:00+00:00,130.48
2026-04-23 14:32:00+00:00,130.405
2026-04-23 14:35:00+00:00,130.5
2026-04-23 14:38:00+00:00,130.91
2026-04-23 14:39:00+00:00,130.91
2026-04-23 14:41:00+00:00,130.775
2026-04-23 14:44:00+00:00,130.485
2026-04-23 14:46:00+00:00,130.46
2026-04-23 14:48:00+00:00,130.47
2026-04-23 14:49:00+00:00,130.31
2026-04-23 14:51:00+00:00,130.45
2026-04-23 14:52:00+00:00,130.155
2026-04-23 14:55:00+00:00,130.21
2026-04-23 15:00:00+00:00,130.1
2026-04-23 15:01:00+00:00,130.16
2026-04-23 15:02:00+00:00,129.87
2026-04-23 15:04:00+00:00,130.15
2026-04-23 15:05:00+00:00,130.25
2026-04-23 15:06:00+00:00,130.36
2026-04-23 15:09:00+00:00,130.895
2026-04-23 15:14:00+00:00,130.79
2026-04-23 15:15:00+00:00,130.98
2026-04-23 15:16:00+00:00,130.67
2026-04-23 15:18:00+00:00,130.55
2026-04-23 15:20:00+00:00,130.56
2026-04-23 15:23:00+00:00,130.61
2026-04-23 15:24:00+00:00,130.52
2026-04-23 15:29:00+00:00,130.535
2026-04-23 15:31:00+00:00,131.06
2026-04-23 15:32:00+00:00,130.87
2026-04-23 15:33:00+00:00,130.94
2026-04-23 15:35:00+00:00,131.32
2026-04-23 15:38:00+00:00,131.29
2026-04-23 15:39:00+00:00,131.53
2026-04-23 15:42:00+00:00,131.26
2026-04-23 15:43:00+00:00,131.41
2026-04-23 15:45:00+00:00,132.005
2026-04-23 15:46:00+00:00,132.13
2026-04-23 15:47:00+00:00,131.84
2026-04-23 15:48:00+00:00,132.0
2026-04-23 15:52:00+00:00,131.83
2026-04-23 15:53:00+00:00,131.84
2026-04-23 15:54:00+00:00,131.88
2026-04-23 15:56:00+00:00,131.77
2026-04-23 15:57:00+00:00,131.87
2026-04-23 16:00:00+00:00,131.97
2026-04-23 16:01:00+00:00,131.84
2026-04-23 16:02:00+00:00,132.02
2026-04-23 16:03:00+00:00,132.04
2026-04-23 16:05:00+00:00,132.3
2026-04-23 16:06:00+00:00,132.295
2026-04-23 16:09:00+00:00,132.245
2026-04-23 16:10:00+00:00,131.98
2026-04-23 16:11:00+00:00,132.11
2026-04-23 16:12:00+00:00,131.98
2026-04-23 16:13:00+00:00,132.04
2026-04-23 16:16:00+00:00,132.015
2026-04-23 16:17:00+00:00,132.09
2026-04-23 16:18:00+00:00,132.0
2026-04-23 16:22:00+00:00,131.9
2026-04-23 16:23:00+00:00,131.895
2026-04-23 16:27:00+00:00,131.8
2026-04-23 16:30:00+00:00,131.955
2026-04-23 16:33:00+00:00,131.63
2026-04-23 16:34:00+00:00,131.5
2026-04-23 16:35:00+00:00,131.34
2026-04-23 16:36:00+00:00,131.42
2026-04-23 16:40:00+00:00,131.66
2026-04-23 16:43:00+00:00,131.835
2026-04-23 16:45:00+00:00,131.4
2026-04-23 16:46:00+00:00,131.355
2026-04-23 16:48:00+00:00,131.47
2026-04-23 16:51:00+00:00,131.45
2026-04-23 16:52:00+00:00,131.65
2026-04-23 16:54:00+00:00,131.665
2026-04-23 16:55:00+00:00,131.72
2026-04-23 16:57:00+00:00,131.82
2026-04-23 16:59:00+00:00,131.96
2026-04-23 17:01:00+00:00,132.925
2026-04-23 17:02:00+00:00,133.36
2026-04-23 17:03:00+00:00,133.05
2026-04-23 17:04:00+00:00,133.15
2026-04-23 17:05:00+00:00,133.76
2026-04-23 17:06:00+00:00,133.89
2026-04-23 17:07:00+00:00,134.09
2026-04-23 17:08:00+00:00,133.995
2026-04-23 17:09:00+00:00,134.0
2026-04-23 17:10:00+00:00,134.17
2026-04-23 17:11:00+00:00,134.2
2026-04-23 17:13:00+00:00,134.24
2026-04-23 17:14:00+00:00,134.09
2026-04-23 17:15:00+00:00,134.24
2026-04-23 17:16:00+00:00,134.65
2026-04-23 17:17:00+00:00,134.5
2026-04-23 17:18:00+00:00,134.605
2026-04-23 17:19:00+00:00,134.89
2026-04-23 17:20:00+00:00,135.08
2026-04-23 17:21:00+00:00,135.1
2026-04-23 17:22:00+00:00,135.38
2026-04-23 17:23:00+00:00,135.07
2026-04-23 17:24:00+00:00,135.18
2026-04-23 17:25:00+00:00,135.165
2026-04-23 17:26:00+00:00,134.545
2026-04-23 17:27:00+00:00,134.75
2026-04-23 17:28:00+00:00,134.8
2026-04-23 17:29:00+00:00,135.105
2026-04-23 17:30:00+00:00,135.11
2026-04-23 17:31:00+00:00,135.14
2026-04-23 17:32:00+00:00,134.82
2026-04-23 17:33:00+00:00,134.98
2026-04-23 17:34:00+00:00,134.91
2026-04-23 17:35:00+00:00,135.05
2026-04-23 17:36:00+00:00,135.75
2026-04-23 17:37:00+00:00,135.87
2026-04-23 17:38:00+00:00,135.82
2026-04-23 17:39:00+00:00,136.09
2026-04-23 17:40:00+00:00,136.3
2026-04-23 17:41:00+00:00,136.94
2026-04-23 17:42:00+00:00,136.905
2026-04-23 17:44:00+00:00,136.82
2026-04-23 17:45:00+00:00,137.13
2026-04-23 17:46:00+00:00,137.29
2026-04-23 17:47:00+00:00,137.03
2026-04-23 17:48:00+00:00,136.23
2026-04-23 17:49:00+00:00,136.16
2026-04-23 17:50:00+00:00,136.55
2026-04-23 17:51:00+00:00,136.355
2026-04-23 17:52:00+00:00,136.78
2026-04-23 17:53:00+00:00,135.16
2026-04-23 17:54:00+00:00,134.97
2026-04-23 17:55:00+00:00,134.99
2026-04-23 17:56:00+00:00,134.51
2026-04-23 17:57:00+00:00,134.92
2026-04-23 17:58:00+00:00,134.95
2026-04-23 17:59:00+00:00,134.36
2026-04-23 18:00:00+00:00,134.14
2026-04-23 18:01:00+00:00,133.26
2026-04-23 18:02:00+00:00,133.64
2026-04-23 18:03:00+00:00,134.09
2026-04-23 18:04:00+00:00,134.18
2026-04-23 18:05:00+00:00,133.87
2026-04-23 18:06:00+00:00,133.52
2026-04-23 18:08:00+00:00,133.66
2026-04-23 18:09:00+00:00,134.12
2026-04-23 18:10:00+00:00,133.19
2026-04-23 18:11:00+00:00,133.26
2026-04-23 18:12:00+00:00,133.95
2026-04-23 18:13:00+00:00,133.78
2026-04-23 18:14:00+00:00,133.74
2026-04-23 18:15:00+00:00,133.645
2026-04-23 18:16:00+00:00,133.65
2026-04-23 18:18:00+00:00,133.8
2026-04-23 18:19:00+00:00,133.56
2026-04-23 18:20:00+00:00,133.34
2026-04-23 18:21:00+00:00,133.85
2026-04-23 18:23:00+00:00,133.88
2026-04-23 18:24:00+00:00,133.83
2026-04-23 18:25:00+00:00,133.885
2026-04-23 18:26:00+00:00,133.7
2026-04-23 18:27:00+00:00,134.075
2026-04-23 18:28:00+00:00,133.8
2026-04-23 18:29:00+00:00,133.78
2026-04-23 18:30:00+00:00,133.64
2026-04-23 18:34:00+00:00,133.44
2026-04-23 18:35:00+00:00,133.43
2026-04-23 18:37:00+00:00,133.3
2026-04-23 18:39:00+00:00,133.93
2026-04-23 18:41:00+00:00,134.175
2026-04-23 18:42:00+00:00,134.19
2026-04-23 18:43:00+00:00,134.58
2026-04-23 18:48:00+00:00,134.455
2026-04-23 18:49:00+00:00,134.57
2026-04-23 18:50:00+00:00,134.66
2026-04-23 18:51:00+00:00,134.42
2026-04-23 18:53:00+00:00,134.32
2026-04-23 18:54:00+00:00,134.34
2026-04-23 18:56:00+00:00,134.45
2026-04-23 18:59:00+00:00,135.04
2026-04-23 19:00:00+00:00,135.1
2026-04-23 19:01:00+00:00,135.13
2026-04-23 19:02:00+00:00,134.84
2026-04-23 19:03:00+00:00,134.86
2026-04-23 19:04:00+00:00,134.9
2026-04-23 19:05:00+00:00,134.695
2026-04-23 19:07:00+00:00,134.59
2026-04-23 19:08:00+00:00,134.5
2026-04-23 19:12:00+00:00,134.64
2026-04-23 19:13:00+00:00,134.6
2026-04-23 19:14:00+00:00,134.56
2026-04-23 19:16:00+00:00,134.195
2026-04-23 19:18:00+00:00,134.35
2026-04-23 19:19:00+00:00,134.27
2026-04-23 19:20:00+00:00,134.34
2026-04-23 19:22:00+00:00,134.395
2026-04-23 19:26:00+00:00,134.56
2026-04-23 19:27:00+00:00,134.73
2026-04-23 19:29:00+00:00,134.54
2026-04-23 19:30:00+00:00,134.45
2026-04-23 19:32:00+00:00,134.56
2026-04-23 19:33:00+00:00,134.66
2026-04-23 19:34:00+00:00,134.79
2026-04-23 19:35:00+00:00,135.1
2026-04-23 19:37:00+00:00,134.93
2026-04-23 19:38:00+00:00,135.0
2026-04-23 19:40:00+00:00,134.81
2026-04-23 19:43:00+00:00,134.93
2026-04-23 19:44:00+00:00,135.02
2026-04-23 19:45:00+00:00,134.83
2026-04-23 19:46:00+00:00,134.94
2026-04-23 19:48:00+00:00,134.89
2026-04-23 19:49:00+00:00,134.87
2026-04-23 19:50:00+00:00,134.71
2026-04-23 19:51:00+00:00,134.755
2026-04-23 19:52:00+00:00,134.75
2026-04-23 19:54:00+00:00,134.73
2026-04-23 19:56:00+00:00,134.81
2026-04-23 19:57:00+00:00,134.665
2026-04-23 19:58:00+00:00,134.63
2026-04-23 19:59:00+00:00,134.71
2026-04-24 12:00:00+00:00,131.85
2026-04-24 12:17:00+00:00,131.94
2026-04-24 12:19:00+00:00,132.53
2026-04-24 12:23:00+00:00,132.44
2026-04-24 12:33:00+00:00,133.08
2026-04-24 13:30:00+00:00,133.17
2026-04-24 13:31:00+00:00,133.48
2026-04-24 13:32:00+00:00,133.36
2026-04-24 13:33:00+00:00,133.2
2026-04-24 13:34:00+00:00,133.04
2026-04-24 13:35:00+00:00,133.33
2026-04-24 13:37:00+00:00,133.18
2026-04-24 13:38:00+00:00,133.275
2026-04-24 13:39:00+00:00,133.35
2026-04-24 13:40:00+00:00,133.21
2026-04-24 13:41:00+00:00,133.24
2026-04-24 13:42:00+00:00,133.135
2026-04-24 13:43:00+00:00,133.12
2026-04-24 13:44:00+00:00,133.31
2026-04-24 13:45:00+00:00,133.07
2026-04-24 13:46:00+00:00,133.15
2026-04-24 13:47:00+00:00,133.17
2026-04-24 13:48:00+00:00,132.85
2026-04-24 13:51:00+00:00,133.04
2026-04-24 13:53:00+00:00,133.145
2026-04-24 13:57:00+00:00,133.0
2026-04-24 14:00:00+00:00,133.31
2026-04-24 14:01:00+00:00,133.51
2026-04-24 14:02:00+00:00,133.27
2026-04-24 14:04:00+00:00,132.89
2026-04-24 14:05:00+00:00,132.7
2026-04-24 14:07:00+00:00,133.26
2026-04-24 14:08:00+00:00,133.31
2026-04-24 14:09:00+00:00,132.62
2026-04-24 14:10:00+00:00,132.69
2026-04-24 14:11:00+00:00,132.82
2026-04-24 14:13:00+00:00,132.5
2026-04-24 14:14:00+00:00,132.98
2026-04-24 14:21:00+00:00,133.0
2026-04-24 14:22:00+00:00,132.93
2026-04-24 14:27:00+00:00,133.435
2026-04-24 14:34:00+00:00,132.685
2026-04-24 14:35:00+00:00,132.8
2026-04-24 14:38:00+00:00,132.49
2026-04-24 14:44:00+00:00,132.465
2026-04-24 14:49:00+00:00,132.66
2026-04-24 14:50:00+00:00,132.575
2026-04-24 14:53:00+00:00,132.735
2026-04-24 14:57:00+00:00,132.615
2026-04-24 15:00:00+00:00,132.99
2026-04-24 15:01:00+00:00,132.85
2026-04-24 15:07:00+00:00,133.62
2026-04-24 15:11:00+00:00,133.21
2026-04-24 15:12:00+00:00,133.075
2026-04-24 15:15:00+00:00,133.41
2026-04-24 15:16:00+00:00,133.56
2026-04-24 15:17:00+00:00,133.415
2026-04-24 15:19:00+00:00,133.44
2026-04-24 15:20:00+00:00,133.51
2026-04-24 15:30:00+00:00,133.09
2026-04-24 15:31:00+00:00,132.85
2026-04-24 15:34:00+00:00,133.01
2026-04-24 15:35:00+00:00,132.935
2026-04-24 15:36:00+00:00,132.865
2026-04-24 15:37:00+00:00,132.9
2026-04-24 15:38:00+00:00,132.79
2026-04-24 15:39:00+00:00,132.65
2026-04-24 15:42:00+00:00,132.7
2026-04-24 15:44:00+00:00,131.56
2026-04-24 15:45:00+00:00,129.57
2026-04-24 15:46:00+00:00,130.455
2026-04-24 15:47:00+00:00,130.64
2026-04-24 15:48:00+00:00,130.37
2026-04-24 15:49:00+00:00,130.84
2026-04-24 15:50:00+00:00,130.13
2026-04-24 15:51:00+00:00,130.58
2026-04-24 15:52:00+00:00,130.43
2026-04-24 15:53:00+00:00,130.22
2026-04-24 15:54:00+00:00,130.15
2026-04-24 15:55:00+00:00,130.09
2026-04-24 15:57:00+00:00,130.25
2026-04-24 15:58:00+00:00,130.68
2026-04-24 16:00:00+00:00,130.35
2026-04-24 16:02:00+00:00,130.415
2026-04-24 16:08:00+00:00,131.28
2026-04-24 16:09:00+00:00,131.33
2026-04-24 16:10:00+00:00,131.3
2026-04-24 16:11:00+00:00,130.9
2026-04-24 16:15:00+00:00,131.08
2026-04-24 16:17:00+00:00,131.29
2026-04-24 16:19:00+00:00,131.57
2026-04-24 16:20:00+00:00,131.48
2026-04-24 16:21:00+00:00,131.285
2026-04-24 16:23:00+00:00,131.28
2026-04-24 16:24:00+00:00,131.3
2026-04-24 16:25:00+00:00,131.25
2026-04-24 16:27:00+00:00,131.23
2026-04-24 16:29:00+00:00,131.6
2026-04-24 16:30:00+00:00,130.96
2026-04-24 16:31:00+00:00,131.0
2026-04-24 16:37:00+00:00,131.35
2026-04-24 16:38:00+00:00,131.1
2026-04-24 16:42:00+00:00,131.56
2026-04-24 16:45:00+00:00,131.34
2026-04-24 16:49:00+00:00,131.57
2026-04-24 16:51:00+00:00,131.38
2026-04-24 16:53:00+00:00,131.34
2026-04-24 16:54:00+00:00,131.39
2026-04-24 16:57:00+00:00,131.39
2026-04-24 16:58:00+00:00,131.05
2026-04-24 17:03:00+00:00,130.79
2026-04-24 17:04:00+00:00,130.78
2026-04-24 17:05:00+00:00,130.69
2026-04-24 17:06:00+00:00,130.94
2026-04-24 17:07:00+00:00,130.81
2026-04-24 17:08:00+00:00,130.67
2026-04-24 17:09:00+00:00,130.6
2026-04-24 17:10:00+00:00,131.01
2026-04-24 17:13:00+00:00,130.85
2026-04-24 17:14:00+00:00,130.97
2026-04-24 17:15:00+00:00,131.06
2026-04-24 17:17:00+00:00,131.06
2026-04-24 17:18:00+00:00,130.955
2026-04-24 17:26:00+00:00,130.84
2026-04-24 17:28:00+00:00,130.96
2026-04-24 17:29:00+00:00,131.2
2026-04-24 17:30:00+00:00,131.42
2026-04-24 17:31:00+00:00,131.32
2026-04-24 17:32:00+00:00,131.25
2026-04-24 17:34:00+00:00,131.08
2026-04-24 17:35:00+00:00,130.7
2026-04-24 17:36:00+00:00,130.25
2026-04-24 17:38:00+00:00,130.74
2026-04-24 17:39:00+00:00,130.9
2026-04-24 17:40:00+00:00,130.8
2026-04-24 17:42:00+00:00,130.84
2026-04-24 17:44:00+00:00,130.71
2026-04-24 17:46:00+00:00,130.5
2026-04-24 17:47:00+00:00,130.5
2026-04-24 17:48:00+00:00,130.53
2026-04-24 17:50:00+00:00,130.5
2026-04-24 17:53:00+00:00,130.34
2026-04-24 17:54:00+00:00,130.02
2026-04-24 17:55:00+00:00,130.1
2026-04-24 17:57:00+00:00,130.42
2026-04-24 17:58:00+00:00,130.6
2026-04-24 17:59:00+00:00,130.8
2026-04-24 18:00:00+00:00,130.915
2026-04-24 18:02:00+00:00,131.02
2026-04-24 18:05:00+00:00,131.35
2026-04-24 18:06:00+00:00,131.38
2026-04-24 18:07:00+00:00,131.49
2026-04-24 18:08:00+00:00,131.38
2026-04-24 18:09:00+00:00,131.44
2026-04-24 18:10:00+00:00,131.56
2026-04-24 18:11:00+00:00,131.34
2026-04-24 18:14:00+00:00,131.33
2026-04-24 18:15:00+00:00,131.3
2026-04-24 18:16:00+00:00,131.66
2026-04-24 18:17:00+00:00,131.78
2026-04-24 18:18:00+00:00,131.45
2026-04-24 18:19:00+00:00,131.43
2026-04-24 18:20:00+00:00,131.66
2026-04-24 18:23:00+00:00,131.81
2026-04-24 18:24:00+00:00,131.85
2026-04-24 18:25:00+00:00,131.86
2026-04-24 18:26:00+00:00,131.94
2026-04-24 18:27:00+00:00,131.93
2026-04-24 18:28:00+00:00,131.9
2026-04-24 18:31:00+00:00,132.15
2026-04-24 18:32:00+00:00,131.98
2026-04-24 18:34:00+00:00,131.92
2026-04-24 18:35:00+00:00,131.92
2026-04-24 18:37:00+00:00,131.97
2026-04-24 18:39:00+00:00,131.79
2026-04-24 18:41:00+00:00,131.61
2026-04-24 18:42:00+00:00,131.98
2026-04-24 18:43:00+00:00,131.92
2026-04-24 18:44:00+00:00,131.96
2026-04-24 18:47:00+00:00,131.66
2026-04-24 18:48:00+00:00,131.63
2026-04-24 18:50:00+00:00,131.63
2026-04-24 18:51:00+00:00,131.63
2026-04-24 18:52:00+00:00,131.61
2026-04-24 18:53:00+00:00,131.79
2026-04-24 18:56:00+00:00,131.73
2026-04-24 18:57:00+00:00,131.77
2026-04-24 18:58:00+00:00,131.84
2026-04-24 18:59:00+00:00,131.74
2026-04-24 19:00:00+00:00,131.78
2026-04-24 19:01:00+00:00,131.87
2026-04-24 19:04:00+00:00,131.83
2026-04-24 19:05:00+00:00,131.84
2026-04-24 19:08:00+00:00,131.88
2026-04-24 19:09:00+00:00,131.77
2026-04-24 19:11:00+00:00,131.73
2026-04-24 19:12:00+00:00,131.75
2026-04-24 19:13:00+00:00,131.61
2026-04-24 19:15:00+00:00,131.62
2026-04-24 19:18:00+00:00,131.83
2026-04-24 19:21:00+00:00,132.3
2026-04-24 19:23:00+00:00,132.43
2026-04-24 19:25:00+00:00,132.36
2026-04-24 19:26:00+00:00,132.46
2026-04-24 19:28:00+00:00,132.51
2026-04-24 19:29:00+00:00,132.56
2026-04-24 19:30:00+00:00,132.61
2026-04-24 19:32:00+00:00,132.51
2026-04-24 19:33:00+00:00,132.5
2026-04-24 19:35:00+00:00,132.54
2026-04-24 19:36:00+00:00,132.5
2026-04-24 19:37:00+00:00,132.585
2026-04-24 19:41:00+00:00,132.44
2026-04-24 19:45:00+00:00,132.62
2026-04-24 19:47:00+00:00,132.82
2026-04-24 19:48:00+00:00,133.03
2026-04-24 19:49:00+00:00,132.94
2026-04-24 19:50:00+00:00,132.68
2026-04-24 19:51:00+00:00,132.71
2026-04-24 19:52:00+00:00,132.67
2026-04-24 19:53:00+00:00,132.57
2026-04-24 19:54:00+00:00,132.57
2026-04-24 19:55:00+00:00,132.4
2026-04-24 19:56:00+00:00,132.29
2026-04-24 19:57:00+00:00,132.31
2026-04-24 19:58:00+00:00,132.3
2026-04-24 19:59:00+00:00,132.42
2026-04-27 12:02:00+00:00,132.9
2026-04-27 12:08:00+00:00,132.98
2026-04-27 12:24:00+00:00,133.04
2026-04-27 12:27:00+00:00,133.68
2026-04-27 12:41:00+00:00,134.64
2026-04-27 13:30:00+00:00,134.03
2026-04-27 13:31:00+00:00,133.91
2026-04-27 13:32:00+00:00,134.07
2026-04-27 13:33:00+00:00,134.19
2026-04-27 13:34:00+00:00,134.55
2026-04-27 13:35:00+00:00,134.61
2026-04-27 13:37:00+00:00,134.645
2026-04-27 13:40:00+00:00,134.38
2026-04-27 13:41:00+00:00,134.57
2026-04-27 13:43:00+00:00,134.74
2026-04-27 13:44:00+00:00,134.81
2026-04-27 13:46:00+00:00,134.88
2026-04-27 13:47:00+00:00,134.82
2026-04-27 13:48:00+00:00,134.79
2026-04-27 13:49:00+00:00,134.62
2026-04-27 13:53:00+00:00,134.58
2026-04-27 13:54:00+00:00,134.35
2026-04-27 13:56:00+00:00,134.515
2026-04-27 13:58:00+00:00,133.96
2026-04-27 13:59:00+00:00,133.77
2026-04-27 14:00:00+00:00,133.71
2026-04-27 14:01:00+00:00,133.68
2026-04-27 14:02:00+00:00,133.705
2026-04-27 14:03:00+00:00,133.585
2026-04-27 14:05:00+00:00,133.55
2026-04-27 14:09:00+00:00,133.74
2026-04-27 14:10:00+00:00,133.98
2026-04-27 14:14:00+00:00,134.15
2026-04-27 14:15:00+00:00,134.32
2026-04-27 14:18:00+00:00,134.57
2026-04-27 14:23:00+00:00,134.5
2026-04-27 14:24:00+00:00,134.3
2026-04-27 14:26:00+00:00,134.24
2026-04-27 14:30:00+00:00,134.72
2026-04-27 14:31:00+00:00,134.47
2026-04-27 14:35:00+00:00,134.16
2026-04-27 14:36:00+00:00,134.42
2026-04-27 14:37:00+00:00,134.44
2026-04-27 14:42:00+00:00,134.73
2026-04-27 14:44:00+00:00,134.47
2026-04-27 14:45:00+00:00,134.65
2026-04-27 14:48:00+00:00,134.55
2026-04-27 14:52:00+00:00,135.1
2026-04-27 14:53:00+00:00,135.2
2026-04-27 14:54:00+00:00,135.06
2026-04-27 14:59:00+00:00,135.22
2026-04-27 15:01:00+00:00,135.55
2026-04-27 15:04:00+00:00,135.71
2026-04-27 15:05:00+00:00,135.48
2026-04-27 15:06:00+00:00,135.515
2026-04-27 15:07:00+00:00,135.52
2026-04-27 15:08:00+00:00,135.61
2026-04-27 15:09:00+00:00,135.535
2026-04-27 15:11:00+00:00,135.81
2026-04-27 15:13:00+00:00,135.83
2026-04-27 15:15:00+00:00,135.61
2026-04-27 15:20:00+00:00,135.81
2026-04-27 15:21:00+00:00,135.79
2026-04-27 15:22:00+00:00,136.13
2026-04-27 15:23:00+00:00,136.03
2026-04-27 15:24:00+00:00,135.79
2026-04-27 15:29:00+00:00,135.56
2026-04-27 15:42:00+00:00,135.09
2026-04-27 15:47:00+00:00,135.02
2026-04-27 15:50:00+00:00,135.1
2026-04-27 15:51:00+00:00,134.78
2026-04-27 15:52:00+00:00,134.9
2026-04-27 15:56:00+00:00,134.78
2026-04-27 16:04:00+00:00,134.56
2026-04-27 16:14:00+00:00,134.69
2026-04-27 16:15:00+00:00,134.61
2026-04-27 16:20:00+00:00,134.59
2026-04-27 16:35:00+00:00,134.38
2026-04-27 16:44:00+00:00,134.755
2026-04-27 16:53:00+00:00,135.01
2026-04-27 16:54:00+00:00,134.93
2026-04-27 16:59:00+00:00,134.955
2026-04-27 17:00:00+00:00,134.9
2026-04-27 17:02:00+00:00,135.05
2026-04-27 17:06:00+00:00,135.14
2026-04-27 17:09:00+00:00,135.33
2026-04-27 17:12:00+00:00,135.52
2026-04-27 17:13:00+00:00,135.49
2026-04-27 17:17:00+00:00,136.07
2026-04-27 17:18:00+00:00,136.33
2026-04-27 17:19:00+00:00,136.31
2026-04-27 17:22:00+00:00,135.83
2026-04-27 17:23:00+00:00,135.8
2026-04-27 17:24:00+00:00,135.8
2026-04-27 17:25:00+00:00,135.52
2026-04-27 17:27:00+00:00,135.57
2026-04-27 17:35:00+00:00,134.51
2026-04-27 17:39:00+00:00,135.03
2026-04-27 18:02:00+00:00,135.34
2026-04-27 18:05:00+00:00,135.73
2026-04-27 18:06:00+00:00,135.38
2026-04-27 18:07:00+00:00,135.29
2026-04-27 18:13:00+00:00,135.22
2026-04-27 18:16:00+00:00,135.27
2026-04-27 18:17:00+00:00,135.3
2026-04-27 18:18:00+00:00,135.14
2026-04-27 18:24:00+00:00,134.82
2026-04-27 18:30:00+00:00,134.69
2026-04-27 18:33:00+00:00,134.63
2026-04-27 18:35:00+00:00,135.04
2026-04-27 18:36:00+00:00,134.95
2026-04-27 18:37:00+00:00,134.83
2026-04-27 18:38:00+00:00,134.81
2026-04-27 18:40:00+00:00,134.705
2026-04-27 18:41:00+00:00,134.83
2026-04-27 18:43:00+00:00,134.81
2026-04-27 18:44:00+00:00,134.81
2026-04-27 18:45:00+00:00,134.83
2026-04-27 18:51:00+00:00,134.81
2026-04-27 18:52:00+00:00,134.82
2026-04-27 18:54:00+00:00,134.97
2026-04-27 19:06:00+00:00,134.95
2026-04-27 19:07:00+00:00,134.98
2026-04-27 19:16:00+00:00,134.74
2026-04-27 19:21:00+00:00,134.62
2026-04-27 19:22:00+00:00,134.46
2026-04-27 19:23:00+00:00,134.44
2026-04-27 19:26:00+00:00,134.41
2026-04-27 19:27:00+00:00,134.33
2026-04-27 19:28:00+00:00,134.31
2026-04-27 19:30:00+00:00,134.37
2026-04-27 19:38:00+00:00,134.405
2026-04-27 19:39:00+00:00,134.415
2026-04-27 19:40:00+00:00,134.41
2026-04-27 19:41:00+00:00,134.47
2026-04-27 19:45:00+00:00,134.5
2026-04-27 19:49:00+00:00,134.84
2026-04-27 19:50:00+00:00,134.86
2026-04-27 19:51:00+00:00,134.82
2026-04-27 19:52:00+00:00,134.68
2026-04-27 19:53:00+00:00,134.75
2026-04-27 19:54:00+00:00,134.82
2026-04-27 19:55:00+00:00,134.83
2026-04-27 19:56:00+00:00,134.91
2026-04-27 19:59:00+00:00,134.72
2026-04-28 12:20:00+00:00,138.77
2026-04-28 12:21:00+00:00,139.54
2026-04-28 12:22:00+00:00,139.44
2026-04-28 12:23:00+00:00,139.79
2026-04-28 12:24:00+00:00,140.58
2026-04-28 12:25:00+00:00,140.8
2026-04-28 12:26:00+00:00,140.49
2026-04-28 12:27:00+00:00,140.34
2026-04-28 12:28:00+00:00,140.28
2026-04-28 12:29:00+00:00,140.42
2026-04-28 12:38:00+00:00,140.01
2026-04-28 12:52:00+00:00,139.23
2026-04-28 13:19:00+00:00,139.85
2026-04-28 13:30:00+00:00,139.15
2026-04-28 13:31:00+00:00,139.12
2026-04-28 13:32:00+00:00,139.38
2026-04-28 13:35:00+00:00,138.68
2026-04-28 13:37:00+00:00,138.5
2026-04-28 13:38:00+00:00,138.705
2026-04-28 13:39:00+00:00,139.01
2026-04-28 13:40:00+00:00,139.305
2026-04-28 13:41:00+00:00,138.89
2026-04-28 13:42:00+00:00,138.53
2026-04-28 13:43:00+00:00,138.355
2026-04-28 13:44:00+00:00,138.37
2026-04-28 13:45:00+00:00,138.31
2026-04-28 13:46:00+00:00,138.48
2026-04-28 13:49:00+00:00,138.87
2026-04-28 13:50:00+00:00,138.54
2026-04-28 13:52:00+00:00,138.23
2026-04-28 13:53:00+00:00,138.4
2026-04-28 13:54:00+00:00,138.53
2026-04-28 13:55:00+00:00,138.72
2026-04-28 13:56:00+00:00,138.78
2026-04-28 13:57:00+00:00,138.84
2026-04-28 13:58:00+00:00,139.08
2026-04-28 13:59:00+00:00,139.09
2026-04-28 14:02:00+00:00,139.67
2026-04-28 14:04:00+00:00,139.62
2026-04-28 14:06:00+00:00,139.52
2026-04-28 14:09:00+00:00,139.65
2026-04-28 14:10:00+00:00,139.86
2026-04-28 14:11:00+00:00,139.97
2026-04-28 14:16:00+00:00,139.99
2026-04-28 14:17:00+00:00,139.7
2026-04-28 14:20:00+00:00,139.89
2026-04-28 14:23:00+00:00,139.82
2026-04-28 14:24:00+00:00,139.955
2026-04-28 14:25:00+00:00,139.73
2026-04-28 14:29:00+00:00,139.54
2026-04-28 14:31:00+00:00,139.42
2026-04-28 14:34:00+00:00,139.69
2026-04-28 14:35:00+00:00,139.78
2026-04-28 14:38:00+00:00,140.24
2026-04-28 14:39:00+00:00,140.28
2026-04-28 14:40:00+00:00,140.09
2026-04-28 14:47:00+00:00,139.3
2026-04-28 14:48:00+00:00,139.48
2026-04-28 14:49:00+00:00,139.75
2026-04-28 14:52:00+00:00,139.8
2026-04-28 14:53:00+00:00,139.75
2026-04-28 14:54:00+00:00,139.85
2026-04-28 14:55:00+00:00,139.5
2026-04-28 14:56:00+00:00,139.2
2026-04-28 14:57:00+00:00,139.35
2026-04-28 14:59:00+00:00,138.96
2026-04-28 15:00:00+00:00,138.88
2026-04-28 15:01:00+00:00,138.9
2026-04-28 15:03:00+00:00,138.68
2026-04-28 15:05:00+00:00,138.81
2026-04-28 15:06:00+00:00,138.59
2026-04-28 15:07:00+00:00,139.19
2026-04-28 15:08:00+00:00,139.26
2026-04-28 15:10:00+00:00,139.19
2026-04-28 15:11:00+00:00,139.27
2026-04-28 15:12:00+00:00,139.16
2026-04-28 15:14:00+00:00,139.11
2026-04-28 15:23:00+00:00,139.33
2026-04-28 15:24:00+00:00,139.23
2026-04-28 15:25:00+00:00,139.24
2026-04-28 15:27:00+00:00,139.28
2026-04-28 15:31:00+00:00,139.55
2026-04-28 15:36:00+00:00,139.29
2026-04-28 15:37:00+00:00,138.89
2026-04-28 15:42:00+00:00,139.1
2026-04-28 15:48:00+00:00,139.65
2026-04-28 15:54:00+00:00,139.29
2026-04-28 15:55:00+00:00,139.295
2026-04-28 15:57:00+00:00,139.5
2026-04-28 16:09:00+00:00,139.59
2026-04-28 16:12:00+00:00,139.64
2026-04-28 16:15:00+00:00,139.89
2026-04-28 16:24:00+00:00,139.21
2026-04-28 16:28:00+00:00,139.35
2026-04-28 16:29:00+00:00,139.21
2026-04-28 16:48:00+00:00,139.215
2026-04-28 16:50:00+00:00,139.11
2026-04-28 16:53:00+00:00,138.64
2026-04-28 17:04:00+00:00,139.08
2026-04-28 17:11:00+00:00,139.59
2026-04-28 17:14:00+00:00,139.63
2026-04-28 17:16:00+00:00,140.16
2026-04-28 17:19:00+00:00,140.22
2026-04-28 17:20:00+00:00,140.14
2026-04-28 17:21:00+00:00,140.25
2026-04-28 17:22:00+00:00,140.16
2026-04-28 17:23:00+00:00,140.27
2026-04-28 17:24:00+00:00,140.31
2026-04-28 17:26:00+00:00,140.37
2026-04-28 17:27:00+00:00,140.28
2026-04-28 17:30:00+00:00,140.09
2026-04-28 17:32:00+00:00,140.03
2026-04-28 17:41:00+00:00,139.8
2026-04-28 17:42:00+00:00,139.97
2026-04-28 17:55:00+00:00,139.82
2026-04-28 17:57:00+00:00,139.95
2026-04-28 17:59:00+00:00,140.09
2026-04-28 18:04:00+00:00,140.04
2026-04-28 18:05:00+00:00,139.99
2026-04-28 18:08:00+00:00,139.81
2026-04-28 18:10:00+00:00,139.67
2026-04-28 18:12:00+00:00,139.74
2026-04-28 18:13:00+00:00,139.68
2026-04-28 18:14:00+00:00,139.53
2026-04-28 18:15:00+00:00,139.5
2026-04-28 18:19:00+00:00,139.47
2026-04-28 18:20:00+00:00,139.49
2026-04-28 18:21:00+00:00,139.39
2026-04-28 18:23:00+00:00,139.17
2026-04-28 18:24:00+00:00,139.04
2026-04-28 18:25:00+00:00,139.04
2026-04-28 18:28:00+00:00,139.83
2026-04-28 18:29:00+00:00,139.7
2026-04-28 18:30:00+00:00,139.78
2026-04-28 18:35:00+00:00,140.19
2026-04-28 18:36:00+00:00,140.13
2026-04-28 18:37:00+00:00,140.19
2026-04-28 18:43:00+00:00,140.03
2026-04-28 18:46:00+00:00,139.92
2026-04-28 18:49:00+00:00,139.66
2026-04-28 18:50:00+00:00,139.8
2026-04-28 18:51:00+00:00,139.87
2026-04-28 18:58:00+00:00,139.94
2026-04-28 19:06:00+00:00,139.69
2026-04-28 19:10:00+00:00,139.75
2026-04-28 19:11:00+00:00,139.64
2026-04-28 19:13:00+00:00,139.6
2026-04-28 19:20:00+00:00,139.76
2026-04-28 19:23:00+00:00,139.64
2026-04-28 19:32:00+00:00,139.76
2026-04-28 19:33:00+00:00,139.77
2026-04-28 19:34:00+00:00,139.85
2026-04-28 19:37:00+00:00,139.64
2026-04-28 19:41:00+00:00,139.63
2026-04-28 19:43:00+00:00,139.62
2026-04-28 19:45:00+00:00,139.59
2026-04-28 19:46:00+00:00,139.54
2026-04-28 19:47:00+00:00,139.54
2026-04-28 19:48:00+00:00,139.63
2026-04-28 19:50:00+00:00,139.7
2026-04-28 19:51:00+00:00,139.625
2026-04-28 19:52:00+00:00,139.72
2026-04-28 19:53:00+00:00,139.68
2026-04-28 19:54:00+00:00,139.65
2026-04-28 19:55:00+00:00,139.625
2026-04-28 19:56:00+00:00,139.65
2026-04-28 19:57:00+00:00,139.635
2026-04-28 19:58:00+00:00,139.63
2026-04-28 19:59:00+00:00,139.58
2026-04-29 12:11:00+00:00,144.3
2026-04-29 13:22:00+00:00,145.59
2026-04-29 13:30:00+00:00,146.03
2026-04-29 13:31:00+00:00,146.11
2026-04-29 13:32:00+00:00,146.34
2026-04-29 13:33:00+00:00,146.35
2026-04-29 13:34:00+00:00,146.47
2026-04-29 13:35:00+00:00,146.54
2026-04-29 13:36:00+00:00,146.29
2026-04-29 13:37:00+00:00,146.13
2026-04-29 13:38:00+00:00,146.35
2026-04-29 13:39:00+00:00,146.48
2026-04-29 13:40:00+00:00,146.44
2026-04-29 13:41:00+00:00,146.47
2026-04-29 13:42:00+00:00,146.75
2026-04-29 13:43:00+00:00,146.69
2026-04-29 13:44:00+00:00,146.5
2026-04-29 13:46:00+00:00,146.68
2026-04-29 13:47:00+00:00,146.7
2026-04-29 13:48:00+00:00,146.81
2026-04-29 13:49:00+00:00,146.53
2026-04-29 13:50:00+00:00,146.34
2026-04-29 13:51:00+00:00,146.82
2026-04-29 13:52:00+00:00,146.99
2026-04-29 13:53:00+00:00,146.78
2026-04-29 13:54:00+00:00,146.74
2026-04-29 13:56:00+00:00,146.42
2026-04-29 13:57:00+00:00,146.58
2026-04-29 13:58:00+00:00,146.85
2026-04-29 13:59:00+00:00,146.81
2026-04-29 14:00:00+00:00,146.63
2026-04-29 14:01:00+00:00,146.72
2026-04-29 14:04:00+00:00,146.5
2026-04-29 14:05:00+00:00,146.47
2026-04-29 14:07:00+00:00,146.56
2026-04-29 14:10:00+00:00,146.37
2026-04-29 14:11:00+00:00,146.5
2026-04-29 14:12:00+00:00,146.49
2026-04-29 14:13:00+00:00,146.53
2026-04-29 14:14:00+00:00,146.51
2026-04-29 14:18:00+00:00,146.58
2026-04-29 14:22:00+00:00,146.52
2026-04-29 14:25:00+00:00,146.54
2026-04-29 14:27:00+00:00,146.08
2026-04-29 14:29:00+00:00,146.2
2026-04-29 14:30:00+00:00,147.02
2026-04-29 14:31:00+00:00,147.1
2026-04-29 14:33:00+00:00,146.59
2026-04-29 14:34:00+00:00,146.64
2026-04-29 14:36:00+00:00,146.365
2026-04-29 14:41:00+00:00,146.97
2026-04-29 14:46:00+00:00,146.97
2026-04-29 14:51:00+00:00,147.175
2026-04-29 14:54:00+00:00,146.99
2026-04-29 14:56:00+00:00,147.03
2026-04-29 14:57:00+00:00,146.96
2026-04-29 14:59:00+00:00,146.985
2026-04-29 15:00:00+00:00,146.825
2026-04-29 15:05:00+00:00,147.02
2026-04-29 15:06:00+00:00,147.08
2026-04-29 15:08:00+00:00,147.145
2026-04-29 15:09:00+00:00,147.21
2026-04-29 15:27:00+00:00,147.39
2026-04-29 15:28:00+00:00,147.4
2026-04-29 15:29:00+00:00,147.38
2026-04-29 15:32:00+00:00,147.7
2026-04-29 15:35:00+00:00,147.59
2026-04-29 15:36:00+00:00,147.7
2026-04-29 15:41:00+00:00,147.87
2026-04-29 15:42:00+00:00,147.69
2026-04-29 15:44:00+00:00,147.965
2026-04-29 15:51:00+00:00,147.78
2026-04-29 15:53:00+00:00,148.2
2026-04-29 15:54:00+00:00,148.81
2026-04-29 15:55:00+00:00,148.87
2026-04-29 15:56:00+00:00,149.38
2026-04-29 15:59:00+00:00,149.25
2026-04-29 16:00:00+00:00,149.115
2026-04-29 16:01:00+00:00,149.2
2026-04-29 16:02:00+00:00,148.52
2026-04-29 16:03:00+00:00,148.68
2026-04-29 16:04:00+00:00,148.64
2026-04-29 16:05:00+00:00,148.65
2026-04-29 16:06:00+00:00,148.51
2026-04-29 16:07:00+00:00,148.575
2026-04-29 16:08:00+00:00,148.55
2026-04-29 16:09:00+00:00,148.56
2026-04-29 16:12:00+00:00,148.94
2026-04-29 16:16:00+00:00,149.07
2026-04-29 16:18:00+00:00,149.275
2026-04-29 16:21:00+00:00,149.15
2026-04-29 16:23:00+00:00,149.35
2026-04-29 16:24:00+00:00,149.2
2026-04-29 16:27:00+00:00,148.85
2026-04-29 16:30:00+00:00,149.245
2026-04-29 16:32:00+00:00,149.29
2026-04-29 16:33:00+00:00,149.27
2026-04-29 16:34:00+00:00,149.49
2026-04-29 16:35:00+00:00,149.56
2026-04-29 16:37:00+00:00,149.51
2026-04-29 16:45:00+00:00,149.035
2026-04-29 16:46:00+00:00,148.97
2026-04-29 16:47:00+00:00,149.01
2026-04-29 16:48:00+00:00,149.155
2026-04-29 16:49:00+00:00,149.15
2026-04-29 16:53:00+00:00,149.44
2026-04-29 16:55:00+00:00,149.51
2026-04-29 16:56:00+00:00,149.6
2026-04-29 16:57:00+00:00,149.78
2026-04-29 16:58:00+00:00,149.88
2026-04-29 17:02:00+00:00,149.97
2026-04-29 17:03:00+00:00,150.25
2026-04-29 17:04:00+00:00,150.13
2026-04-29 17:05:00+00:00,150.06
2026-04-29 17:06:00+00:00,149.89
2026-04-29 17:07:00+00:00,149.76
2026-04-29 17:08:00+00:00,149.97
2026-04-29 17:12:00+00:00,150.29
2026-04-29 17:14:00+00:00,150.32
2026-04-29 17:15:00+00:00,150.25
2026-04-29 17:16:00+00:00,150.31
2026-04-29 17:17:00+00:00,150.18
2026-04-29 17:18:00+00:00,150.26
2026-04-29 17:19:00+00:00,150.24
2026-04-29 17:20:00+00:00,149.84
2026-04-29 17:21:00+00:00,149.9
2026-04-29 17:22:00+00:00,149.94
2026-04-29 17:23:00+00:00,149.84
2026-04-29 17:24:00+00:00,149.73
2026-04-29 17:25:00+00:00,149.74
2026-04-29 17:26:00+00:00,149.66
2026-04-29 17:29:00+00:00,149.32
2026-04-29 17:30:00+00:00,149.34
2026-04-29 17:31:00+00:00,148.89
2026-04-29 17:32:00+00:00,148.98
2026-04-29 17:34:00+00:00,148.75
2026-04-29 17:36:00+00:00,149.2
2026-04-29 17:37:00+00:00,149.48
2026-04-29 17:46:00+00:00,149.57
2026-04-29 17:47:00+00:00,149.71
2026-04-29 17:48:00+00:00,149.37
2026-04-29 17:49:00+00:00,149.22
2026-04-29 17:50:00+00:00,149.3
2026-04-29 17:51:00+00:00,148.815
2026-04-29 17:52:00+00:00,148.92
2026-04-29 17:53:00+00:00,148.83
2026-04-29 17:59:00+00:00,148.945
2026-04-29 18:05:00+00:00,149.26
2026-04-29 18:06:00+00:00,149.37
2026-04-29 18:07:00+00:00,149.16
2026-04-29 18:09:00+00:00,149.6
2026-04-29 18:10:00+00:00,149.67
2026-04-29 18:12:00+00:00,149.555
2026-04-29 18:16:00+00:00,149.61
2026-04-29 18:18:00+00:00,149.46
2026-04-29 18:19:00+00:00,149.31
2026-04-29 18:23:00+00:00,149.2
2026-04-29 18:24:00+00:00,149.25
2026-04-29 18:27:00+00:00,149.335
2026-04-29 18:29:00+00:00,149.635
2026-04-29 18:30:00+00:00,150.0
2026-04-29 18:31:00+00:00,149.895
2026-04-29 18:32:00+00:00,149.91
2026-04-29 18:37:00+00:00,149.73
2026-04-29 18:44:00+00:00,150.02
2026-04-29 18:45:00+00:00,150.015
2026-04-29 18:47:00+00:00,149.75
2026-04-29 18:51:00+00:00,149.44
2026-04-29 18:52:00+00:00,149.52
2026-04-29 18:53:00+00:00,149.595
2026-04-29 18:54:00+00:00,149.54
2026-04-29 18:55:00+00:00,149.54
2026-04-29 18:56:00+00:00,149.39
2026-04-29 18:59:00+00:00,149.29
2026-04-29 19:00:00+00:00,149.4
2026-04-29 19:02:00+00:00,149.21
2026-04-29 19:03:00+00:00,149.365
2026-04-29 19:04:00+00:00,149.49
2026-04-29 19:05:00+00:00,149.74
2026-04-29 19:09:00+00:00,149.775
2026-04-29 19:10:00+00:00,149.7
2026-04-29 19:12:00+00:00,149.76
2026-04-29 19:17:00+00:00,149.8
2026-04-29 19:19:00+00:00,149.99
2026-04-29 19:22:00+00:00,150.14
2026-04-29 19:23:00+00:00,150.27
2026-04-29 19:29:00+00:00,150.33
2026-04-29 19:30:00+00:00,150.48
2026-04-29 19:31:00+00:00,150.9
2026-04-29 19:33:00+00:00,151.58
2026-04-29 19:34:00+00:00,151.31
2026-04-29 19:35:00+00:00,151.255
2026-04-29 19:41:00+00:00,150.82
2026-04-29 19:42:00+00:00,150.78
2026-04-29 19:49:00+00:00,150.86
2026-04-29 19:50:00+00:00,150.68
2026-04-29 19:51:00+00:00,150.68
2026-04-29 19:52:00+00:00,150.53
2026-04-29 19:53:00+00:00,150.37
2026-04-29 19:54:00+00:00,150.53
2026-04-29 19:55:00+00:00,150.59
2026-04-29 19:56:00+00:00,150.4
2026-04-29 19:57:00+00:00,150.52
2026-04-29 19:58:00+00:00,150.71
2026-04-29 19:59:00+00:00,150.67
2026-04-30 12:06:00+00:00,146.6
2026-04-30 12:09:00+00:00,146.68
2026-04-30 12:21:00+00:00,146.36
2026-04-30 12:28:00+00:00,146.33
2026-04-30 13:30:00+00:00,146.5
2026-04-30 13:31:00+00:00,146.75
2026-04-30 13:34:00+00:00,147.22
2026-04-30 13:35:00+00:00,147.35
2026-04-30 13:37:00+00:00,147.68
2026-04-30 13:41:00+00:00,147.705
2026-04-30 13:42:00+00:00,147.8
2026-04-30 13:45:00+00:00,147.37
2026-04-30 13:46:00+00:00,147.59
2026-04-30 13:47:00+00:00,147.61
2026-04-30 13:48:00+00:00,147.39
2026-04-30 13:49:00+00:00,147.34
2026-04-30 13:50:00+00:00,147.325
2026-04-30 13:51:00+00:00,147.475
2026-04-30 13:52:00+00:00,147.67
2026-04-30 13:53:00+00:00,147.4
2026-04-30 13:54:00+00:00,147.55
2026-04-30 13:55:00+00:00,147.67
2026-04-30 13:58:00+00:00,147.4
2026-04-30 14:01:00+00:00,147.43
2026-04-30 14:02:00+00:00,147.01
2026-04-30 14:06:00+00:00,147.18
2026-04-30 14:07:00+00:00,147.42
2026-04-30 14:08:00+00:00,147.68
2026-04-30 14:09:00+00:00,147.74
2026-04-30 14:10:00+00:00,147.16
2026-04-30 14:11:00+00:00,147.06
2026-04-30 14:12:00+00:00,146.96
2026-04-30 14:13:00+00:00,146.6
2026-04-30 14:14:00+00:00,146.81
2026-04-30 14:15:00+00:00,146.99
2026-04-30 14:16:00+00:00,147.73
2026-04-30 14:20:00+00:00,146.41
2026-04-30 14:21:00+00:00,146.9
2026-04-30 14:25:00+00:00,147.06
2026-04-30 14:31:00+00:00,146.82
2026-04-30 14:33:00+00:00,147.18
2026-04-30 14:36:00+00:00,148.45
2026-04-30 14:38:00+00:00,148.54
2026-04-30 14:39:00+00:00,148.68
2026-04-30 14:40:00+00:00,148.31
2026-04-30 14:42:00+00:00,148.13
2026-04-30 14:44:00+00:00,147.87
2026-04-30 14:45:00+00:00,148.08
2026-04-30 14:48:00+00:00,148.13
2026-04-30 14:50:00+00:00,147.95
2026-04-30 14:52:00+00:00,147.87
2026-04-30 14:56:00+00:00,147.77
2026-04-30 14:59:00+00:00,148.11
2026-04-30 15:03:00+00:00,148.98
2026-04-30 15:04:00+00:00,148.98
2026-04-30 15:07:00+00:00,148.28
2026-04-30 15:08:00+00:00,147.65
2026-04-30 15:09:00+00:00,147.4
2026-04-30 15:10:00+00:00,146.78
2026-04-30 15:18:00+00:00,146.55
2026-04-30 15:19:00+00:00,146.6
2026-04-30 15:21:00+00:00,146.18
2026-04-30 15:23:00+00:00,146.37
2026-04-30 15:24:00+00:00,145.94
2026-04-30 15:25:00+00:00,145.68
2026-04-30 15:29:00+00:00,145.91
2026-04-30 15:30:00+00:00,145.67
2026-04-30 15:31:00+00:00,144.9
2026-04-30 15:36:00+00:00,146.035
2026-04-30 15:37:00+00:00,145.91
2026-04-30 15:42:00+00:00,146.07
2026-04-30 15:46:00+00:00,146.45
2026-04-30 15:47:00+00:00,146.4
2026-04-30 15:50:00+00:00,145.98
2026-04-30 15:51:00+00:00,145.78
2026-04-30 15:57:00+00:00,145.39
2026-04-30 16:00:00+00:00,145.54
2026-04-30 16:02:00+00:00,146.13
2026-04-30 16:03:00+00:00,146.04
2026-04-30 16:04:00+00:00,145.84
2026-04-30 16:05:00+00:00,145.76
2026-04-30 16:08:00+00:00,145.97
2026-04-30 16:12:00+00:00,145.8
2026-04-30 16:20:00+00:00,145.98
2026-04-30 16:23:00+00:00,146.22
2026-04-30 16:30:00+00:00,146.31
2026-04-30 16:36:00+00:00,146.36
2026-04-30 16:39:00+00:00,146.35
2026-04-30 16:41:00+00:00,146.35
2026-04-30 16:47:00+00:00,146.43
2026-04-30 16:51:00+00:00,146.7
2026-04-30 16:52:00+00:00,146.83
2026-04-30 16:53:00+00:00,146.77
2026-04-30 17:00:00+00:00,146.12
2026-04-30 17:02:00+00:00,145.67
2026-04-30 17:03:00+00:00,145.91
2026-04-30 17:04:00+00:00,145.97
2026-04-30 17:06:00+00:00,145.91
2026-04-30 17:09:00+00:00,145.5
2026-04-30 17:17:00+00:00,146.0
2026-04-30 17:20:00+00:00,145.94
2026-04-30 17:22:00+00:00,145.94
2026-04-30 17:23:00+00:00,146.01
2026-04-30 17:24:00+00:00,146.04
2026-04-30 17:25:00+00:00,146.15
2026-04-30 17:27:00+00:00,146.48
2026-04-30 17:28:00+00:00,146.44
2026-04-30 17:29:00+00:00,146.18
2026-04-30 17:30:00+00:00,144.95
2026-04-30 17:31:00+00:00,145.5
2026-04-30 17:33:00+00:00,145.47
2026-04-30 17:37:00+00:00,145.18
2026-04-30 17:38:00+00:00,145.33
2026-04-30 17:39:00+00:00,145.38
2026-04-30 17:43:00+00:00,145.49
2026-04-30 17:44:00+00:00,145.13
2026-04-30 17:45:00+00:00,145.13
2026-04-30 17:46:00+00:00,144.78
2026-04-30 17:49:00+00:00,144.95
2026-04-30 17:53:00+00:00,144.7
2026-04-30 17:55:00+00:00,145.14
2026-04-30 17:58:00+00:00,144.95
2026-04-30 18:00:00+00:00,144.62
2026-04-30 18:02:00+00:00,144.85
2026-04-30 18:03:00+00:00,144.95
2026-04-30 18:05:00+00:00,145.06
2026-04-30 18:09:00+00:00,145.08
2026-04-30 18:12:00+00:00,145.33
2026-04-30 18:14:00+00:00,145.52
2026-04-30 18:16:00+00:00,145.47
2026-04-30 18:17:00+00:00,145.49
2026-04-30 18:21:00+00:00,145.66
2026-04-30 18:23:00+00:00,146.02
2026-04-30 18:24:00+00:00,146.56
2026-04-30 18:25:00+00:00,146.64
2026-04-30 18:26:00+00:00,146.75
2026-04-30 18:28:00+00:00,146.93
2026-04-30 18:29:00+00:00,147.02
2026-04-30 18:30:00+00:00,147.04
2026-04-30 18:32:00+00:00,147.225
2026-04-30 18:33:00+00:00,147.19
2026-04-30 18:36:00+00:00,147.165
2026-04-30 18:38:00+00:00,147.28
2026-04-30 18:39:00+00:00,147.27
2026-04-30 18:41:00+00:00,147.18
2026-04-30 18:42:00+00:00,147.54
2026-04-30 18:44:00+00:00,147.24
2026-04-30 18:45:00+00:00,147.35
2026-04-30 18:47:00+00:00,147.285
2026-04-30 18:48:00+00:00,147.18
2026-04-30 18:49:00+00:00,147.11
2026-04-30 18:50:00+00:00,147.02
2026-04-30 18:51:00+00:00,147.22
2026-04-30 18:52:00+00:00,147.03
2026-04-30 18:53:00+00:00,147.15
2026-04-30 18:54:00+00:00,147.17
2026-04-30 18:55:00+00:00,147.31
2026-04-30 18:57:00+00:00,147.42
2026-04-30 18:58:00+00:00,147.38
2026-04-30 18:59:00+00:00,147.31
2026-04-30 19:01:00+00:00,147.1
2026-04-30 19:02:00+00:00,146.97
2026-04-30 19:03:00+00:00,147.01
2026-04-30 19:05:00+00:00,147.07
2026-04-30 19:06:00+00:00,146.91
2026-04-30 19:09:00+00:00,146.93
2026-04-30 19:10:00+00:00,146.77
2026-04-30 19:11:00+00:00,146.66
2026-04-30 19:12:00+00:00,146.7
2026-04-30 19:13:00+00:00,146.52
2026-04-30 19:15:00+00:00,146.53
2026-04-30 19:17:00+00:00,146.46
2026-04-30 19:18:00+00:00,146.48
2026-04-30 19:21:00+00:00,146.535
2026-04-30 19:24:00+00:00,146.52
2026-04-30 19:29:00+00:00,146.54
2026-04-30 19:30:00+00:00,146.54
2026-04-30 19:32:00+00:00,146.55
2026-04-30 19:34:00+00:00,146.5
2026-04-30 19:35:00+00:00,146.54
2026-04-30 19:36:00+00:00,146.6
2026-04-30 19:39:00+00:00,146.58
2026-04-30 19:40:00+00:00,146.75
2026-04-30 19:41:00+00:00,146.84
2026-04-30 19:43:00+00:00,146.93
2026-04-30 19:44:00+00:00,146.89
2026-04-30 19:45:00+00:00,146.86
2026-04-30 19:46:00+00:00,146.68
2026-04-30 19:47:00+00:00,146.61
2026-04-30 19:49:00+00:00,146.61
2026-04-30 19:50:00+00:00,146.73
2026-04-30 19:51:00+00:00,146.8
2026-04-30 19:52:00+00:00,147.12
2026-04-30 19:53:00+00:00,146.92
2026-04-30 19:54:00+00:00,146.7
2026-04-30 19:55:00+00:00,146.84
2026-04-30 19:56:00+00:00,146.92
2026-04-30 19:57:00+00:00,146.79
2026-04-30 19:58:00+00:00,146.925
2026-04-30 19:59:00+00:00,147.04
2026-05-01 12:00:00+00:00,145.48
2026-05-01 12:13:00+00:00,144.63
2026-05-01 12:14:00+00:00,143.72
2026-05-01 12:15:00+00:00,144.06
2026-05-01 12:16:00+00:00,143.78
2026-05-01 12:18:00+00:00,143.32
2026-05-01 12:19:00+00:00,143.35
2026-05-01 12:20:00+00:00,143.96
2026-05-01 12:46:00+00:00,145.26
2026-05-01 13:11:00+00:00,143.88
2026-05-01 13:30:00+00:00,143.54
2026-05-01 13:34:00+00:00,142.42
2026-05-01 13:44:00+00:00,142.36
2026-05-01 13:45:00+00:00,142.225
2026-05-01 13:46:00+00:00,142.23
2026-05-01 13:47:00+00:00,142.34
2026-05-01 13:49:00+00:00,142.36
2026-05-01 13:50:00+00:00,142.42
2026-05-01 13:52:00+00:00,142.31
2026-05-01 13:53:00+00:00,142.2
2026-05-01 13:54:00+00:00,141.61
2026-05-01 13:55:00+00:00,140.78
2026-05-01 13:56:00+00:00,140.75
2026-05-01 13:57:00+00:00,141.22
2026-05-01 13:58:00+00:00,140.99
2026-05-01 13:59:00+00:00,140.84
2026-05-01 14:01:00+00:00,140.86
2026-05-01 14:03:00+00:00,140.24
2026-05-01 14:05:00+00:00,140.78
2026-05-01 14:06:00+00:00,140.74
2026-05-01 14:08:00+00:00,140.97
2026-05-01 14:11:00+00:00,139.89
2026-05-01 14:12:00+00:00,139.31
2026-05-01 14:15:00+00:00,139.66
2026-05-01 14:16:00+00:00,139.875
2026-05-01 14:18:00+00:00,140.2
2026-05-01 14:20:00+00:00,139.79
2026-05-01 14:25:00+00:00,140.67
2026-05-01 14:31:00+00:00,140.62
2026-05-01 14:32:00+00:00,140.7
2026-05-01 14:34:00+00:00,141.28
2026-05-01 14:35:00+00:00,141.28
2026-05-01 14:37:00+00:00,141.6
2026-05-01 14:38:00+00:00,141.59
2026-05-01 14:40:00+00:00,141.9
2026-05-01 14:43:00+00:00,141.36
2026-05-01 14:44:00+00:00,141.53
2026-05-01 14:45:00+00:00,142.02
2026-05-01 14:46:00+00:00,141.74
2026-05-01 14:48:00+00:00,141.96
2026-05-01 14:55:00+00:00,141.94
2026-05-01 14:56:00+00:00,142.07
2026-05-01 14:57:00+00:00,141.98
2026-05-01 14:58:00+00:00,141.84
2026-05-01 15:00:00+00:00,142.38
2026-05-01 15:02:00+00:00,142.69
2026-05-01 15:04:00+00:00,142.73
2026-05-01 15:05:00+00:00,142.9
2026-05-01 15:06:00+00:00,142.46
2026-05-01 15:08:00+00:00,142.62
2026-05-01 15:11:00+00:00,142.56
2026-05-01 15:14:00+00:00,142.18
2026-05-01 15:16:00+00:00,142.35
2026-05-01 15:19:00+00:00,141.96
2026-05-01 15:20:00+00:00,142.14
2026-05-01 15:21:00+00:00,142.48
2026-05-01 15:25:00+00:00,142.03
2026-05-01 15:28:00+00:00,143.07
2026-05-01 15:29:00+00:00,142.455
2026-05-01 15:35:00+00:00,142.49
2026-05-01 15:37:00+00:00,142.16
2026-05-01 15:44:00+00:00,141.57
2026-05-01 15:45:00+00:00,141.46
2026-05-01 15:50:00+00:00,141.67
2026-05-01 15:52:00+00:00,141.39
2026-05-01 16:00:00+00:00,141.19
2026-05-01 16:09:00+00:00,141.31
2026-05-01 16:10:00+00:00,141.44
2026-05-01 16:13:00+00:00,141.06
2026-05-01 16:16:00+00:00,141.18
2026-05-01 16:18:00+00:00,141.28
2026-05-01 16:20:00+00:00,141.28
2026-05-01 16:23:00+00:00,142.22
2026-05-01 16:24:00+00:00,141.87
2026-05-01 16:25:00+00:00,142.76
2026-05-01 16:26:00+00:00,142.78
2026-05-01 16:27:00+00:00,142.64
2026-05-01 16:28:00+00:00,142.975
2026-05-01 16:29:00+00:00,143.23
2026-05-01 16:30:00+00:00,143.02
2026-05-01 16:31:00+00:00,143.04
2026-05-01 16:32:00+00:00,142.98
2026-05-01 16:36:00+00:00,142.72
2026-05-01 16:37:00+00:00,142.5
2026-05-01 16:38:00+00:00,142.74
2026-05-01 16:39:00+00:00,142.47
2026-05-01 16:40:00+00:00,142.48
2026-05-01 16:41:00+00:00,142.12
2026-05-01 16:42:00+00:00,142.26
2026-05-01 16:52:00+00:00,142.27
2026-05-01 17:06:00+00:00,142.05
2026-05-01 17:36:00+00:00,142.29
2026-05-01 17:38:00+00:00,142.41
2026-05-01 17:39:00+00:00,142.375
2026-05-01 17:40:00+00:00,142.29
2026-05-01 17:46:00+00:00,142.52
2026-05-01 17:49:00+00:00,142.57
2026-05-01 17:53:00+00:00,141.72
2026-05-01 17:54:00+00:00,141.99
2026-05-01 17:56:00+00:00,141.86
2026-05-01 17:57:00+00:00,141.72
2026-05-01 17:58:00+00:00,141.665
2026-05-01 18:00:00+00:00,141.585
2026-05-01 18:02:00+00:00,141.6
2026-05-01 18:13:00+00:00,142.415
2026-05-01 18:14:00+00:00,142.475
2026-05-01 18:16:00+00:00,142.7
2026-05-01 18:17:00+00:00,142.54
2026-05-01 18:18:00+00:00,142.475
2026-05-01 18:20:00+00:00,142.44
2026-05-01 18:21:00+00:00,142.39
2026-05-01 18:23:00+00:00,142.5
2026-05-01 18:25:00+00:00,142.75
2026-05-01 18:27:00+00:00,142.65
2026-05-01 18:28:00+00:00,142.47
2026-05-01 18:29:00+00:00,142.5
2026-05-01 18:30:00+00:00,142.61
2026-05-01 18:35:00+00:00,143.45
2026-05-01 18:36:00+00:00,143.4
2026-05-01 18:37:00+00:00,143.26
2026-05-01 18:38:00+00:00,143.11
2026-05-01 18:40:00+00:00,142.915
2026-05-01 18:41:00+00:00,142.76
2026-05-01 18:42:00+00:00,142.775
2026-05-01 18:43:00+00:00,142.88
2026-05-01 18:44:00+00:00,142.77
2026-05-01 18:45:00+00:00,142.79
2026-05-01 18:47:00+00:00,142.815
2026-05-01 18:51:00+00:00,142.76
2026-05-01 18:53:00+00:00,142.86
2026-05-01 18:55:00+00:00,142.76
2026-05-01 18:56:00+00:00,142.93
2026-05-01 18:57:00+00:00,142.89
2026-05-01 19:02:00+00:00,142.76
2026-05-01 19:04:00+00:00,142.88
2026-05-01 19:06:00+00:00,142.68
2026-05-01 19:09:00+00:00,142.68
2026-05-01 19:11:00+00:00,142.63
2026-05-01 19:20:00+00:00,142.63
2026-05-01 19:22:00+00:00,142.49
2026-05-01 19:30:00+00:00,142.675
2026-05-01 19:31:00+00:00,142.645
2026-05-01 19:32:00+00:00,142.68
2026-05-01 19:33:00+00:00,142.64
2026-05-01 19:39:00+00:00,142.41
2026-05-01 19:40:00+00:00,142.48
2026-05-01 19:42:00+00:00,142.51
2026-05-01 19:44:00+00:00,142.65
2026-05-01 19:46:00+00:00,142.66
2026-05-01 19:47:00+00:00,142.62
2026-05-01 19:48:00+00:00,142.69
2026-05-01 19:49:00+00:00,142.775
2026-05-01 19:50:00+00:00,142.81
2026-05-01 19:51:00+00:00,142.785
2026-05-01 19:52:00+00:00,142.86
2026-05-01 19:53:00+00:00,143.06
2026-05-01 19:54:00+00:00,143.07
2026-05-01 19:55:00+00:00,142.98
2026-05-01 19:56:00+00:00,142.81
2026-05-01 19:57:00+00:00,142.83
2026-05-01 19:58:00+00:00,142.8
2026-05-01 19:59:00+00:00,142.85
2026-05-04 12:07:00+00:00,145.0
2026-05-04 12:11:00+00:00,144.58
2026-05-04 12:17:00+00:00,144.5
2026-05-04 12:27:00+00:00,144.43
2026-05-04 13:30:00+00:00,143.78
2026-05-04 13:32:00+00:00,143.585
2026-05-04 13:33:00+00:00,142.97
2026-05-04 13:34:00+00:00,142.785
2026-05-04 13:36:00+00:00,142.94
2026-05-04 13:37:00+00:00,143.22
2026-05-04 13:39:00+00:00,142.95
2026-05-04 13:41:00+00:00,143.22
2026-05-04 13:43:00+00:00,143.16
2026-05-04 13:48:00+00:00,143.465
2026-05-04 13:49:00+00:00,143.36
2026-05-04 13:51:00+00:00,143.22
2026-05-04 13:52:00+00:00,143.16
2026-05-04 13:53:00+00:00,143.53
2026-05-04 13:54:00+00:00,143.425
2026-05-04 13:56:00+00:00,143.265
2026-05-04 13:57:00+00:00,143.29
2026-05-04 13:59:00+00:00,143.19
2026-05-04 14:00:00+00:00,142.98
2026-05-04 14:01:00+00:00,142.98
2026-05-04 14:03:00+00:00,142.95
2026-05-04 14:07:00+00:00,143.09
2026-05-04 14:08:00+00:00,143.75
2026-05-04 14:09:00+00:00,143.99
2026-05-04 14:12:00+00:00,142.63
2026-05-04 14:13:00+00:00,142.79
2026-05-04 14:14:00+00:00,142.945
2026-05-04 14:18:00+00:00,142.76
2026-05-04 14:20:00+00:00,142.28
2026-05-04 14:21:00+00:00,142.435
2026-05-04 14:22:00+00:00,142.41
2026-05-04 14:25:00+00:00,142.89
2026-05-04 14:28:00+00:00,143.15
2026-05-04 14:29:00+00:00,143.34
2026-05-04 14:30:00+00:00,143.35
2026-05-04 14:31:00+00:00,142.96
2026-05-04 14:38:00+00:00,143.2
2026-05-04 14:39:00+00:00,143.24
2026-05-04 14:43:00+00:00,143.32
2026-05-04 14:56:00+00:00,144.24
2026-05-04 14:57:00+00:00,144.58
2026-05-04 14:59:00+00:00,144.9
2026-05-04 15:00:00+00:00,145.15
2026-05-04 15:01:00+00:00,144.47
2026-05-04 15:03:00+00:00,144.83
2026-05-04 15:05:00+00:00,144.62
2026-05-04 15:06:00+00:00,144.79
2026-05-04 15:07:00+00:00,145.23
2026-05-04 15:08:00+00:00,145.19
2026-05-04 15:10:00+00:00,145.33
2026-05-04 15:11:00+00:00,145.4
2026-05-04 15:13:00+00:00,145.52
2026-05-04 15:14:00+00:00,145.56
2026-05-04 15:15:00+00:00,145.23
2026-05-04 15:16:00+00:00,145.0
2026-05-04 15:17:00+00:00,145.62
2026-05-04 15:18:00+00:00,145.77
2026-05-04 15:19:00+00:00,146.7
2026-05-04 15:21:00+00:00,147.66
2026-05-04 15:22:00+00:00,147.11
2026-05-04 15:24:00+00:00,147.91
2026-05-04 15:25:00+00:00,147.66
2026-05-04 15:26:00+00:00,147.31
2026-05-04 15:30:00+00:00,147.59
2026-05-04 15:31:00+00:00,147.605
2026-05-04 15:32:00+00:00,148.04
2026-05-04 15:33:00+00:00,147.695
2026-05-04 15:38:00+00:00,147.19
2026-05-04 15:39:00+00:00,147.365
2026-05-04 15:41:00+00:00,147.7
2026-05-04 15:51:00+00:00,148.035
2026-05-04 15:52:00+00:00,147.72
2026-05-04 15:53:00+00:00,147.85
2026-05-04 15:54:00+00:00,147.74
2026-05-04 15:55:00+00:00,147.55
2026-05-04 15:56:00+00:00,147.77
2026-05-04 15:57:00+00:00,147.62
2026-05-04 15:59:00+00:00,147.8
2026-05-04 16:00:00+00:00,147.84
2026-05-04 16:02:00+00:00,147.74
2026-05-04 16:03:00+00:00,147.68
2026-05-04 16:04:00+00:00,147.57
2026-05-04 16:05:00+00:00,147.78
2026-05-04 16:07:00+00:00,148.69
2026-05-04 16:08:00+00:00,148.48
2026-05-04 16:09:00+00:00,147.88
2026-05-04 16:10:00+00:00,147.77
2026-05-04 16:11:00+00:00,147.55
2026-05-04 16:12:00+00:00,147.81
2026-05-04 16:14:00+00:00,147.88
2026-05-04 16:15:00+00:00,147.96
2026-05-04 16:16:00+00:00,147.87
2026-05-04 16:17:00+00:00,148.09
2026-05-04 16:18:00+00:00,147.375
2026-05-04 16:19:00+00:00,146.96
2026-05-04 16:20:00+00:00,147.235
2026-05-04 16:21:00+00:00,147.065
2026-05-04 16:22:00+00:00,147.07
2026-05-04 16:24:00+00:00,146.97
2026-05-04 16:25:00+00:00,147.22
2026-05-04 16:28:00+00:00,147.56
2026-05-04 16:33:00+00:00,147.95
2026-05-04 16:38:00+00:00,148.19
2026-05-04 16:42:00+00:00,148.19
2026-05-04 16:44:00+00:00,148.5
2026-05-04 16:48:00+00:00,148.48
2026-05-04 16:52:00+00:00,148.74
2026-05-04 16:54:00+00:00,148.66
2026-05-04 17:01:00+00:00,148.1
2026-05-04 17:03:00+00:00,147.98
2026-05-04 17:05:00+00:00,147.92
2026-05-04 17:06:00+00:00,147.695
2026-05-04 17:07:00+00:00,147.83
2026-05-04 17:13:00+00:00,147.69
2026-05-04 17:17:00+00:00,147.45
2026-05-04 17:18:00+00:00,147.4
2026-05-04 17:19:00+00:00,147.43
2026-05-04 17:20:00+00:00,147.5
2026-05-04 17:24:00+00:00,147.42
2026-05-04 17:34:00+00:00,147.62
2026-05-04 17:35:00+00:00,147.8
2026-05-04 17:36:00+00:00,147.845
2026-05-04 17:45:00+00:00,147.52
2026-05-04 17:56:00+00:00,147.53
2026-05-04 18:07:00+00:00,146.88
2026-05-04 18:09:00+00:00,146.97
2026-05-04 18:10:00+00:00,146.87
2026-05-04 18:15:00+00:00,147.32
2026-05-04 18:23:00+00:00,149.24
2026-05-04 18:24:00+00:00,149.125
2026-05-04 18:27:00+00:00,149.45
2026-05-04 18:28:00+00:00,149.03
2026-05-04 18:30:00+00:00,148.645
2026-05-04 18:31:00+00:00,148.82
2026-05-04 18:35:00+00:00,148.585
2026-05-04 18:38:00+00:00,148.61
2026-05-04 18:44:00+00:00,148.65
2026-05-04 18:52:00+00:00,148.72
2026-05-04 18:53:00+00:00,148.61
2026-05-04 19:05:00+00:00,148.02
2026-05-04 19:06:00+00:00,147.75
2026-05-04 19:07:00+00:00,147.64
2026-05-04 19:08:00+00:00,147.45
2026-05-04 19:09:00+00:00,147.27
2026-05-04 19:12:00+00:00,147.685
2026-05-04 19:13:00+00:00,147.56
2026-05-04 19:15:00+00:00,147.56
2026-05-04 19:16:00+00:00,147.34
2026-05-04 19:17:00+00:00,147.39
2026-05-04 19:20:00+00:00,147.39
2026-05-04 19:23:00+00:00,147.54
2026-05-04 19:25:00+00:00,147.885
2026-05-04 19:37:00+00:00,147.27
2026-05-04 19:40:00+00:00,147.25
2026-05-04 19:42:00+00:00,147.575
2026-05-04 19:45:00+00:00,147.775
2026-05-04 19:47:00+00:00,147.605
2026-05-04 19:48:00+00:00,147.68
2026-05-04 19:49:00+00:00,147.44
2026-05-04 19:50:00+00:00,147.47
2026-05-04 19:53:00+00:00,147.64
2026-05-04 19:55:00+00:00,147.43
2026-05-04 19:56:00+00:00,147.5
2026-05-04 19:57:00+00:00,147.56
2026-05-04 19:58:00+00:00,147.55
2026-05-04 19:59:00+00:00,147.56
